SCRIPT       : --- EXPANSION EXPORT START ---
SCRIPT       : VEHICLE: { "ClassName": "OffroadHatchback", "MaxPriceThreshold": 50000, "MinPriceThreshold": 50000, "SellPricePercent": -1, "MaxStockThreshold": 5, "MinStockThreshold": 1, "QuantityConfig": 0, "SpawnAttachments": [], "Variants": [] },
SCRIPT       : VEHICLE: { "ClassName": "OffroadHatchback_Blue", "MaxPriceThreshold": 50000, "MinPriceThreshold": 50000, "SellPricePercent": -1, "MaxStockThreshold": 5, "MinStockThreshold": 1, "QuantityConfig": 0, "SpawnAttachments": [], "Variants": [] },
SCRIPT       : VEHICLE: { "ClassName": "OffroadHatchback_White", "MaxPriceThreshold": 50000, "MinPriceThreshold": 50000, "SellPricePercent": -1, "MaxStockThreshold": 5, "MinStockThreshold": 1, "QuantityConfig": 0, "SpawnAttachments": [], "Variants": [] },
SCRIPT       : VEHICLE: { "ClassName": "CivilianSedan", "MaxPriceThreshold": 50000, "MinPriceThreshold": 50000, "SellPricePercent": -1, "MaxStockThreshold": 5, "MinStockThreshold": 1, "QuantityConfig": 0, "SpawnAttachments": [], "Variants": [] },
SCRIPT       : VEHICLE: { "ClassName": "CivilianSedan_Wine", "MaxPriceThreshold": 50000, "MinPriceThreshold": 50000, "SellPricePercent": -1, "MaxStockThreshold": 5, "MinStockThreshold": 1, "QuantityConfig": 0, "SpawnAttachments": [], "Variants": [] },
SCRIPT       : VEHICLE: { "ClassName": "CivilianSedan_Black", "MaxPriceThreshold": 50000, "MinPriceThreshold": 50000, "SellPricePercent": -1, "MaxStockThreshold": 5, "MinStockThreshold": 1, "QuantityConfig": 0, "SpawnAttachments": [], "Variants": [] },
SCRIPT       : PART: { "ClassName": "Hatchback_02_Wheel", "MaxPriceThreshold": 1000, "MinPriceThreshold": 1000, "SellPricePercent": 20, "MaxStockThreshold": 10, "MinStockThreshold": 1, "QuantityConfig": 0, "SpawnAttachments": [], "Variants": [] },
SCRIPT       : PART: { "ClassName": "Hatchback_02_Wheel_Ruined", "MaxPriceThreshold": 1000, "MinPriceThreshold": 1000, "SellPricePercent": 20, "MaxStockThreshold": 10, "MinStockThreshold": 1, "QuantityConfig": 0, "SpawnAttachments": [], "Variants": [] },
SCRIPT       : PART: { "ClassName": "Hatchback_02_Door_1_1", "MaxPriceThreshold": 1000, "MinPriceThreshold": 1000, "SellPricePercent": 20, "MaxStockThreshold": 10, "MinStockThreshold": 1, "QuantityConfig": 0, "SpawnAttachments": [], "Variants": [] },
SCRIPT       : PART: { "ClassName": "Hatchback_02_Door_2_1", "MaxPriceThreshold": 1000, "MinPriceThreshold": 1000, "SellPricePercent": 20, "MaxStockThreshold": 10, "MinStockThreshold": 1, "QuantityConfig": 0, "SpawnAttachments": [], "Variants": [] },
SCRIPT       : PART: { "ClassName": "Hatchback_02_Door_1_2", "MaxPriceThreshold": 1000, "MinPriceThreshold": 1000, "SellPricePercent": 20, "MaxStockThreshold": 10, "MinStockThreshold": 1, "QuantityConfig": 0, "SpawnAttachments": [], "Variants": [] },
SCRIPT       : PART: { "ClassName": "Hatchback_02_Door_2_2", "MaxPriceThreshold": 1000, "MinPriceThreshold": 1000, "SellPricePercent": 20, "MaxStockThreshold": 10, "MinStockThreshold": 1, "QuantityConfig": 0, "SpawnAttachments": [], "Variants": [] },
SCRIPT       : PART: { "ClassName": "Hatchback_02_Hood", "MaxPriceThreshold": 1000, "MinPriceThreshold": 1000, "SellPricePercent": 20, "MaxStockThreshold": 10, "MinStockThreshold": 1, "QuantityConfig": 0, "SpawnAttachments": [], "Variants": [] },
SCRIPT       : PART: { "ClassName": "Hatchback_02_Trunk", "MaxPriceThreshold": 1000, "MinPriceThreshold": 1000, "SellPricePercent": 20, "MaxStockThreshold": 10, "MinStockThreshold": 1, "QuantityConfig": 0, "SpawnAttachments": [], "Variants": [] },
SCRIPT       : VEHICLE: { "ClassName": "Hatchback_02", "MaxPriceThreshold": 50000, "MinPriceThreshold": 50000, "SellPricePercent": -1, "MaxStockThreshold": 5, "MinStockThreshold": 1, "QuantityConfig": 0, "SpawnAttachments": [], "Variants": [] },
SCRIPT       : VEHICLE: { "ClassName": "Hatchback_02_Black", "MaxPriceThreshold": 50000, "MinPriceThreshold": 50000, "SellPricePercent": -1, "MaxStockThreshold": 5, "MinStockThreshold": 1, "QuantityConfig": 0, "SpawnAttachments": [], "Variants": [] },
SCRIPT       : PART: { "ClassName": "Hatchback_02_Door_1_1_Black", "MaxPriceThreshold": 1000, "MinPriceThreshold": 1000, "SellPricePercent": 20, "MaxStockThreshold": 10, "MinStockThreshold": 1, "QuantityConfig": 0, "SpawnAttachments": [], "Variants": [] }
SCRIPT       : PART: { "ClassName": "Hatchback_02_Door_2_1_Black", "MaxPriceThreshold": 1000, "MinPriceThreshold": 1000, "SellPricePercent": 20, "MaxStockThreshold": 10, "MinStockThreshold": 1, "QuantityConfig": 0, "SpawnAttachments": [], "Variants": [] }
SCRIPT       : PART: { "ClassName": "Hatchback_02_Door_1_2_Black", "MaxPriceThreshold": 1000, "MinPriceThreshold": 1000, "SellPricePercent": 20, "MaxStockThreshold": 10, "MinStockThreshold": 1, "QuantityConfig": 0, "SpawnAttachments": [], "Variants": [] }
SCRIPT       : PART: { "ClassName": "Hatchback_02_Door_2_2_Black", "MaxPriceThreshold": 1000, "MinPriceThreshold": 1000, "SellPricePercent": 20, "MaxStockThreshold": 10, "MinStockThreshold": 1, "QuantityConfig": 0, "SpawnAttachments": [], "Variants": [] }
SCRIPT       : PART: { "ClassName": "Hatchback_02_Hood_Black", "MaxPriceThreshold": 1000, "MinPriceThreshold": 1000, "SellPricePercent": 20, "MaxStockThreshold": 10, "MinStockThreshold": 1, "QuantityConfig": 0, "SpawnAttachments": [], "Variants": [] },
SCRIPT       : PART: { "ClassName": "Hatchback_02_Trunk_Black", "MaxPriceThreshold": 1000, "MinPriceThreshold": 1000, "SellPricePercent": 20, "MaxStockThreshold": 10, "MinStockThreshold": 1, "QuantityConfig": 0, "SpawnAttachments": [], "Variants": [] },
SCRIPT       : VEHICLE: { "ClassName": "Hatchback_02_Blue", "MaxPriceThreshold": 50000, "MinPriceThreshold": 50000, "SellPricePercent": -1, "MaxStockThreshold": 5, "MinStockThreshold": 1, "QuantityConfig": 0, "SpawnAttachments": [], "Variants": [] },
SCRIPT       : PART: { "ClassName": "Hatchback_02_Door_1_1_Blue", "MaxPriceThreshold": 1000, "MinPriceThreshold": 1000, "SellPricePercent": 20, "MaxStockThreshold": 10, "MinStockThreshold": 1, "QuantityConfig": 0, "SpawnAttachments": [], "Variants": [] },
SCRIPT       : PART: { "ClassName": "Hatchback_02_Door_2_1_Blue", "MaxPriceThreshold": 1000, "MinPriceThreshold": 1000, "SellPricePercent": 20, "MaxStockThreshold": 10, "MinStockThreshold": 1, "QuantityConfig": 0, "SpawnAttachments": [], "Variants": [] },
SCRIPT       : PART: { "ClassName": "Hatchback_02_Door_1_2_Blue", "MaxPriceThreshold": 1000, "MinPriceThreshold": 1000, "SellPricePercent": 20, "MaxStockThreshold": 10, "MinStockThreshold": 1, "QuantityConfig": 0, "SpawnAttachments": [], "Variants": [] },
SCRIPT       : PART: { "ClassName": "Hatchback_02_Door_2_2_Blue", "MaxPriceThreshold": 1000, "MinPriceThreshold": 1000, "SellPricePercent": 20, "MaxStockThreshold": 10, "MinStockThreshold": 1, "QuantityConfig": 0, "SpawnAttachments": [], "Variants": [] },
SCRIPT       : PART: { "ClassName": "Hatchback_02_Hood_Blue", "MaxPriceThreshold": 1000, "MinPriceThreshold": 1000, "SellPricePercent": 20, "MaxStockThreshold": 10, "MinStockThreshold": 1, "QuantityConfig": 0, "SpawnAttachments": [], "Variants": [] },
SCRIPT       : PART: { "ClassName": "Hatchback_02_Trunk_Blue", "MaxPriceThreshold": 1000, "MinPriceThreshold": 1000, "SellPricePercent": 20, "MaxStockThreshold": 10, "MinStockThreshold": 1, "QuantityConfig": 0, "SpawnAttachments": [], "Variants": [] },
SCRIPT       : PART: { "ClassName": "Hatchback_02_Door_1_1_RedRust", "MaxPriceThreshold": 1000, "MinPriceThreshold": 1000, "SellPricePercent": 20, "MaxStockThreshold": 10, "MinStockThreshold": 1, "QuantityConfig": 0, "SpawnAttachments": [], "Variants": []
SCRIPT       : PART: { "ClassName": "Hatchback_02_Door_2_1_RedRust", "MaxPriceThreshold": 1000, "MinPriceThreshold": 1000, "SellPricePercent": 20, "MaxStockThreshold": 10, "MinStockThreshold": 1, "QuantityConfig": 0, "SpawnAttachments": [], "Variants": []
SCRIPT       : PART: { "ClassName": "Hatchback_02_Door_1_2_RedRust", "MaxPriceThreshold": 1000, "MinPriceThreshold": 1000, "SellPricePercent": 20, "MaxStockThreshold": 10, "MinStockThreshold": 1, "QuantityConfig": 0, "SpawnAttachments": [], "Variants": []
SCRIPT       : PART: { "ClassName": "Hatchback_02_Door_2_2_RedRust", "MaxPriceThreshold": 1000, "MinPriceThreshold": 1000, "SellPricePercent": 20, "MaxStockThreshold": 10, "MinStockThreshold": 1, "QuantityConfig": 0, "SpawnAttachments": [], "Variants": []
SCRIPT       : PART: { "ClassName": "Hatchback_02_Hood_RedRust", "MaxPriceThreshold": 1000, "MinPriceThreshold": 1000, "SellPricePercent": 20, "MaxStockThreshold": 10, "MinStockThreshold": 1, "QuantityConfig": 0, "SpawnAttachments": [], "Variants": [] },
SCRIPT       : PART: { "ClassName": "Hatchback_02_Trunk_RedRust", "MaxPriceThreshold": 1000, "MinPriceThreshold": 1000, "SellPricePercent": 20, "MaxStockThreshold": 10, "MinStockThreshold": 1, "QuantityConfig": 0, "SpawnAttachments": [], "Variants": [] },
SCRIPT       : PART: { "ClassName": "Hatchback_02_Door_1_1_BlackRust", "MaxPriceThreshold": 1000, "MinPriceThreshold": 1000, "SellPricePercent": 20, "MaxStockThreshold": 10, "MinStockThreshold": 1, "QuantityConfig": 0, "SpawnAttachments": [], "Variants": 
SCRIPT       : PART: { "ClassName": "Hatchback_02_Door_2_1_BlackRust", "MaxPriceThreshold": 1000, "MinPriceThreshold": 1000, "SellPricePercent": 20, "MaxStockThreshold": 10, "MinStockThreshold": 1, "QuantityConfig": 0, "SpawnAttachments": [], "Variants": 
SCRIPT       : PART: { "ClassName": "Hatchback_02_Door_1_2_BlackRust", "MaxPriceThreshold": 1000, "MinPriceThreshold": 1000, "SellPricePercent": 20, "MaxStockThreshold": 10, "MinStockThreshold": 1, "QuantityConfig": 0, "SpawnAttachments": [], "Variants": 
SCRIPT       : PART: { "ClassName": "Hatchback_02_Door_2_2_BlackRust", "MaxPriceThreshold": 1000, "MinPriceThreshold": 1000, "SellPricePercent": 20, "MaxStockThreshold": 10, "MinStockThreshold": 1, "QuantityConfig": 0, "SpawnAttachments": [], "Variants": 
SCRIPT       : PART: { "ClassName": "Hatchback_02_Hood_BlackRust", "MaxPriceThreshold": 1000, "MinPriceThreshold": 1000, "SellPricePercent": 20, "MaxStockThreshold": 10, "MinStockThreshold": 1, "QuantityConfig": 0, "SpawnAttachments": [], "Variants": [] }
SCRIPT       : PART: { "ClassName": "Hatchback_02_Trunk_BlackRust", "MaxPriceThreshold": 1000, "MinPriceThreshold": 1000, "SellPricePercent": 20, "MaxStockThreshold": 10, "MinStockThreshold": 1, "QuantityConfig": 0, "SpawnAttachments": [], "Variants": [] 
SCRIPT       : PART: { "ClassName": "Hatchback_02_Door_1_1_BlueRust", "MaxPriceThreshold": 1000, "MinPriceThreshold": 1000, "SellPricePercent": 20, "MaxStockThreshold": 10, "MinStockThreshold": 1, "QuantityConfig": 0, "SpawnAttachments": [], "Variants": [
SCRIPT       : PART: { "ClassName": "Hatchback_02_Door_2_1_BlueRust", "MaxPriceThreshold": 1000, "MinPriceThreshold": 1000, "SellPricePercent": 20, "MaxStockThreshold": 10, "MinStockThreshold": 1, "QuantityConfig": 0, "SpawnAttachments": [], "Variants": [
SCRIPT       : PART: { "ClassName": "Hatchback_02_Door_1_2_BlueRust", "MaxPriceThreshold": 1000, "MinPriceThreshold": 1000, "SellPricePercent": 20, "MaxStockThreshold": 10, "MinStockThreshold": 1, "QuantityConfig": 0, "SpawnAttachments": [], "Variants": [
SCRIPT       : PART: { "ClassName": "Hatchback_02_Door_2_2_BlueRust", "MaxPriceThreshold": 1000, "MinPriceThreshold": 1000, "SellPricePercent": 20, "MaxStockThreshold": 10, "MinStockThreshold": 1, "QuantityConfig": 0, "SpawnAttachments": [], "Variants": [
SCRIPT       : PART: { "ClassName": "Hatchback_02_Hood_BlueRust", "MaxPriceThreshold": 1000, "MinPriceThreshold": 1000, "SellPricePercent": 20, "MaxStockThreshold": 10, "MinStockThreshold": 1, "QuantityConfig": 0, "SpawnAttachments": [], "Variants": [] },
SCRIPT       : PART: { "ClassName": "Hatchback_02_Trunk_BlueRust", "MaxPriceThreshold": 1000, "MinPriceThreshold": 1000, "SellPricePercent": 20, "MaxStockThreshold": 10, "MinStockThreshold": 1, "QuantityConfig": 0, "SpawnAttachments": [], "Variants": [] }
SCRIPT       : PART: { "ClassName": "Sedan_02_Wheel", "MaxPriceThreshold": 1000, "MinPriceThreshold": 1000, "SellPricePercent": 20, "MaxStockThreshold": 10, "MinStockThreshold": 1, "QuantityConfig": 0, "SpawnAttachments": [], "Variants": [] },
SCRIPT       : PART: { "ClassName": "Sedan_02_Wheel_Ruined", "MaxPriceThreshold": 1000, "MinPriceThreshold": 1000, "SellPricePercent": 20, "MaxStockThreshold": 10, "MinStockThreshold": 1, "QuantityConfig": 0, "SpawnAttachments": [], "Variants": [] },
SCRIPT       : PART: { "ClassName": "Sedan_02_Door_1_1", "MaxPriceThreshold": 1000, "MinPriceThreshold": 1000, "SellPricePercent": 20, "MaxStockThreshold": 10, "MinStockThreshold": 1, "QuantityConfig": 0, "SpawnAttachments": [], "Variants": [] },
SCRIPT       : PART: { "ClassName": "Sedan_02_Door_2_1", "MaxPriceThreshold": 1000, "MinPriceThreshold": 1000, "SellPricePercent": 20, "MaxStockThreshold": 10, "MinStockThreshold": 1, "QuantityConfig": 0, "SpawnAttachments": [], "Variants": [] },
SCRIPT       : PART: { "ClassName": "Sedan_02_Door_1_2", "MaxPriceThreshold": 1000, "MinPriceThreshold": 1000, "SellPricePercent": 20, "MaxStockThreshold": 10, "MinStockThreshold": 1, "QuantityConfig": 0, "SpawnAttachments": [], "Variants": [] },
SCRIPT       : PART: { "ClassName": "Sedan_02_Door_2_2", "MaxPriceThreshold": 1000, "MinPriceThreshold": 1000, "SellPricePercent": 20, "MaxStockThreshold": 10, "MinStockThreshold": 1, "QuantityConfig": 0, "SpawnAttachments": [], "Variants": [] },
SCRIPT       : PART: { "ClassName": "Sedan_02_Hood", "MaxPriceThreshold": 1000, "MinPriceThreshold": 1000, "SellPricePercent": 20, "MaxStockThreshold": 10, "MinStockThreshold": 1, "QuantityConfig": 0, "SpawnAttachments": [], "Variants": [] },
SCRIPT       : PART: { "ClassName": "Sedan_02_Trunk", "MaxPriceThreshold": 1000, "MinPriceThreshold": 1000, "SellPricePercent": 20, "MaxStockThreshold": 10, "MinStockThreshold": 1, "QuantityConfig": 0, "SpawnAttachments": [], "Variants": [] },
SCRIPT       : VEHICLE: { "ClassName": "Sedan_02", "MaxPriceThreshold": 50000, "MinPriceThreshold": 50000, "SellPricePercent": -1, "MaxStockThreshold": 5, "MinStockThreshold": 1, "QuantityConfig": 0, "SpawnAttachments": [], "Variants": [] },
SCRIPT       : VEHICLE: { "ClassName": "Sedan_02_Red", "MaxPriceThreshold": 50000, "MinPriceThreshold": 50000, "SellPricePercent": -1, "MaxStockThreshold": 5, "MinStockThreshold": 1, "QuantityConfig": 0, "SpawnAttachments": [], "Variants": [] },
SCRIPT       : PART: { "ClassName": "Sedan_02_Door_1_1_Red", "MaxPriceThreshold": 1000, "MinPriceThreshold": 1000, "SellPricePercent": 20, "MaxStockThreshold": 10, "MinStockThreshold": 1, "QuantityConfig": 0, "SpawnAttachments": [], "Variants": [] },
SCRIPT       : PART: { "ClassName": "Sedan_02_Door_2_1_Red", "MaxPriceThreshold": 1000, "MinPriceThreshold": 1000, "SellPricePercent": 20, "MaxStockThreshold": 10, "MinStockThreshold": 1, "QuantityConfig": 0, "SpawnAttachments": [], "Variants": [] },
SCRIPT       : PART: { "ClassName": "Sedan_02_Door_1_2_Red", "MaxPriceThreshold": 1000, "MinPriceThreshold": 1000, "SellPricePercent": 20, "MaxStockThreshold": 10, "MinStockThreshold": 1, "QuantityConfig": 0, "SpawnAttachments": [], "Variants": [] },
SCRIPT       : PART: { "ClassName": "Sedan_02_Door_2_2_Red", "MaxPriceThreshold": 1000, "MinPriceThreshold": 1000, "SellPricePercent": 20, "MaxStockThreshold": 10, "MinStockThreshold": 1, "QuantityConfig": 0, "SpawnAttachments": [], "Variants": [] },
SCRIPT       : PART: { "ClassName": "Sedan_02_Hood_Red", "MaxPriceThreshold": 1000, "MinPriceThreshold": 1000, "SellPricePercent": 20, "MaxStockThreshold": 10, "MinStockThreshold": 1, "QuantityConfig": 0, "SpawnAttachments": [], "Variants": [] },
SCRIPT       : PART: { "ClassName": "Sedan_02_Trunk_Red", "MaxPriceThreshold": 1000, "MinPriceThreshold": 1000, "SellPricePercent": 20, "MaxStockThreshold": 10, "MinStockThreshold": 1, "QuantityConfig": 0, "SpawnAttachments": [], "Variants": [] },
SCRIPT       : VEHICLE: { "ClassName": "Sedan_02_Grey", "MaxPriceThreshold": 50000, "MinPriceThreshold": 50000, "SellPricePercent": -1, "MaxStockThreshold": 5, "MinStockThreshold": 1, "QuantityConfig": 0, "SpawnAttachments": [], "Variants": [] },
SCRIPT       : PART: { "ClassName": "Sedan_02_Door_1_1_Grey", "MaxPriceThreshold": 1000, "MinPriceThreshold": 1000, "SellPricePercent": 20, "MaxStockThreshold": 10, "MinStockThreshold": 1, "QuantityConfig": 0, "SpawnAttachments": [], "Variants": [] },
SCRIPT       : PART: { "ClassName": "Sedan_02_Door_2_1_Grey", "MaxPriceThreshold": 1000, "MinPriceThreshold": 1000, "SellPricePercent": 20, "MaxStockThreshold": 10, "MinStockThreshold": 1, "QuantityConfig": 0, "SpawnAttachments": [], "Variants": [] },
SCRIPT       : PART: { "ClassName": "Sedan_02_Door_1_2_Grey", "MaxPriceThreshold": 1000, "MinPriceThreshold": 1000, "SellPricePercent": 20, "MaxStockThreshold": 10, "MinStockThreshold": 1, "QuantityConfig": 0, "SpawnAttachments": [], "Variants": [] },
SCRIPT       : PART: { "ClassName": "Sedan_02_Door_2_2_Grey", "MaxPriceThreshold": 1000, "MinPriceThreshold": 1000, "SellPricePercent": 20, "MaxStockThreshold": 10, "MinStockThreshold": 1, "QuantityConfig": 0, "SpawnAttachments": [], "Variants": [] },
SCRIPT       : PART: { "ClassName": "Sedan_02_Hood_Grey", "MaxPriceThreshold": 1000, "MinPriceThreshold": 1000, "SellPricePercent": 20, "MaxStockThreshold": 10, "MinStockThreshold": 1, "QuantityConfig": 0, "SpawnAttachments": [], "Variants": [] },
SCRIPT       : PART: { "ClassName": "Sedan_02_Trunk_Grey", "MaxPriceThreshold": 1000, "MinPriceThreshold": 1000, "SellPricePercent": 20, "MaxStockThreshold": 10, "MinStockThreshold": 1, "QuantityConfig": 0, "SpawnAttachments": [], "Variants": [] },
SCRIPT       : PART: { "ClassName": "Sedan_02_Door_1_1_YellowRust", "MaxPriceThreshold": 1000, "MinPriceThreshold": 1000, "SellPricePercent": 20, "MaxStockThreshold": 10, "MinStockThreshold": 1, "QuantityConfig": 0, "SpawnAttachments": [], "Variants": [] 
SCRIPT       : PART: { "ClassName": "Sedan_02_Door_2_1_YellowRust", "MaxPriceThreshold": 1000, "MinPriceThreshold": 1000, "SellPricePercent": 20, "MaxStockThreshold": 10, "MinStockThreshold": 1, "QuantityConfig": 0, "SpawnAttachments": [], "Variants": [] 
SCRIPT       : PART: { "ClassName": "Sedan_02_Door_1_2_YellowRust", "MaxPriceThreshold": 1000, "MinPriceThreshold": 1000, "SellPricePercent": 20, "MaxStockThreshold": 10, "MinStockThreshold": 1, "QuantityConfig": 0, "SpawnAttachments": [], "Variants": [] 
SCRIPT       : PART: { "ClassName": "Sedan_02_Door_2_2_YellowRust", "MaxPriceThreshold": 1000, "MinPriceThreshold": 1000, "SellPricePercent": 20, "MaxStockThreshold": 10, "MinStockThreshold": 1, "QuantityConfig": 0, "SpawnAttachments": [], "Variants": [] 
SCRIPT       : PART: { "ClassName": "Sedan_02_Hood_YellowRust", "MaxPriceThreshold": 1000, "MinPriceThreshold": 1000, "SellPricePercent": 20, "MaxStockThreshold": 10, "MinStockThreshold": 1, "QuantityConfig": 0, "SpawnAttachments": [], "Variants": [] },
SCRIPT       : PART: { "ClassName": "Sedan_02_Trunk_YellowRust", "MaxPriceThreshold": 1000, "MinPriceThreshold": 1000, "SellPricePercent": 20, "MaxStockThreshold": 10, "MinStockThreshold": 1, "QuantityConfig": 0, "SpawnAttachments": [], "Variants": [] },
SCRIPT       : PART: { "ClassName": "Sedan_02_Door_1_1_RedRust", "MaxPriceThreshold": 1000, "MinPriceThreshold": 1000, "SellPricePercent": 20, "MaxStockThreshold": 10, "MinStockThreshold": 1, "QuantityConfig": 0, "SpawnAttachments": [], "Variants": [] },
SCRIPT       : PART: { "ClassName": "Sedan_02_Door_2_1_RedRust", "MaxPriceThreshold": 1000, "MinPriceThreshold": 1000, "SellPricePercent": 20, "MaxStockThreshold": 10, "MinStockThreshold": 1, "QuantityConfig": 0, "SpawnAttachments": [], "Variants": [] },
SCRIPT       : PART: { "ClassName": "Sedan_02_Door_1_2_RedRust", "MaxPriceThreshold": 1000, "MinPriceThreshold": 1000, "SellPricePercent": 20, "MaxStockThreshold": 10, "MinStockThreshold": 1, "QuantityConfig": 0, "SpawnAttachments": [], "Variants": [] },
SCRIPT       : PART: { "ClassName": "Sedan_02_Door_2_2_RedRust", "MaxPriceThreshold": 1000, "MinPriceThreshold": 1000, "SellPricePercent": 20, "MaxStockThreshold": 10, "MinStockThreshold": 1, "QuantityConfig": 0, "SpawnAttachments": [], "Variants": [] },
SCRIPT       : PART: { "ClassName": "Sedan_02_Hood_RedRust", "MaxPriceThreshold": 1000, "MinPriceThreshold": 1000, "SellPricePercent": 20, "MaxStockThreshold": 10, "MinStockThreshold": 1, "QuantityConfig": 0, "SpawnAttachments": [], "Variants": [] },
SCRIPT       : PART: { "ClassName": "Sedan_02_Trunk_RedRust", "MaxPriceThreshold": 1000, "MinPriceThreshold": 1000, "SellPricePercent": 20, "MaxStockThreshold": 10, "MinStockThreshold": 1, "QuantityConfig": 0, "SpawnAttachments": [], "Variants": [] },
SCRIPT       : PART: { "ClassName": "Sedan_02_Door_1_1_GreyRust", "MaxPriceThreshold": 1000, "MinPriceThreshold": 1000, "SellPricePercent": 20, "MaxStockThreshold": 10, "MinStockThreshold": 1, "QuantityConfig": 0, "SpawnAttachments": [], "Variants": [] },
SCRIPT       : PART: { "ClassName": "Sedan_02_Door_2_1_GreyRust", "MaxPriceThreshold": 1000, "MinPriceThreshold": 1000, "SellPricePercent": 20, "MaxStockThreshold": 10, "MinStockThreshold": 1, "QuantityConfig": 0, "SpawnAttachments": [], "Variants": [] },
SCRIPT       : PART: { "ClassName": "Sedan_02_Door_1_2_GreyRust", "MaxPriceThreshold": 1000, "MinPriceThreshold": 1000, "SellPricePercent": 20, "MaxStockThreshold": 10, "MinStockThreshold": 1, "QuantityConfig": 0, "SpawnAttachments": [], "Variants": [] },
SCRIPT       : PART: { "ClassName": "Sedan_02_Door_2_2_GreyRust", "MaxPriceThreshold": 1000, "MinPriceThreshold": 1000, "SellPricePercent": 20, "MaxStockThreshold": 10, "MinStockThreshold": 1, "QuantityConfig": 0, "SpawnAttachments": [], "Variants": [] },
SCRIPT       : PART: { "ClassName": "Sedan_02_Hood_GreyRust", "MaxPriceThreshold": 1000, "MinPriceThreshold": 1000, "SellPricePercent": 20, "MaxStockThreshold": 10, "MinStockThreshold": 1, "QuantityConfig": 0, "SpawnAttachments": [], "Variants": [] },
SCRIPT       : PART: { "ClassName": "Sedan_02_Trunk_GreyRust", "MaxPriceThreshold": 1000, "MinPriceThreshold": 1000, "SellPricePercent": 20, "MaxStockThreshold": 10, "MinStockThreshold": 1, "QuantityConfig": 0, "SpawnAttachments": [], "Variants": [] },
SCRIPT       : PART: { "ClassName": "Truck_01_Wheel", "MaxPriceThreshold": 1000, "MinPriceThreshold": 1000, "SellPricePercent": 20, "MaxStockThreshold": 10, "MinStockThreshold": 1, "QuantityConfig": 0, "SpawnAttachments": [], "Variants": [] },
SCRIPT       : PART: { "ClassName": "Truck_01_Wheel_Ruined", "MaxPriceThreshold": 1000, "MinPriceThreshold": 1000, "SellPricePercent": 20, "MaxStockThreshold": 10, "MinStockThreshold": 1, "QuantityConfig": 0, "SpawnAttachments": [], "Variants": [] },
SCRIPT       : PART: { "ClassName": "Truck_01_WheelDouble", "MaxPriceThreshold": 1000, "MinPriceThreshold": 1000, "SellPricePercent": 20, "MaxStockThreshold": 10, "MinStockThreshold": 1, "QuantityConfig": 0, "SpawnAttachments": [], "Variants": [] },
SCRIPT       : PART: { "ClassName": "Truck_01_WheelDouble_Ruined", "MaxPriceThreshold": 1000, "MinPriceThreshold": 1000, "SellPricePercent": 20, "MaxStockThreshold": 10, "MinStockThreshold": 1, "QuantityConfig": 0, "SpawnAttachments": [], "Variants": [] }
SCRIPT       : PART: { "ClassName": "Truck_01_Door_1_1", "MaxPriceThreshold": 1000, "MinPriceThreshold": 1000, "SellPricePercent": 20, "MaxStockThreshold": 10, "MinStockThreshold": 1, "QuantityConfig": 0, "SpawnAttachments": [], "Variants": [] },
SCRIPT       : PART: { "ClassName": "Truck_01_Door_2_1", "MaxPriceThreshold": 1000, "MinPriceThreshold": 1000, "SellPricePercent": 20, "MaxStockThreshold": 10, "MinStockThreshold": 1, "QuantityConfig": 0, "SpawnAttachments": [], "Variants": [] },
SCRIPT       : PART: { "ClassName": "Truck_01_Hood", "MaxPriceThreshold": 1000, "MinPriceThreshold": 1000, "SellPricePercent": 20, "MaxStockThreshold": 10, "MinStockThreshold": 1, "QuantityConfig": 0, "SpawnAttachments": [], "Variants": [] },
SCRIPT       : VEHICLE: { "ClassName": "Truck_01_Covered", "MaxPriceThreshold": 50000, "MinPriceThreshold": 50000, "SellPricePercent": -1, "MaxStockThreshold": 5, "MinStockThreshold": 1, "QuantityConfig": 0, "SpawnAttachments": [], "Variants": [] },
SCRIPT       : VEHICLE: { "ClassName": "Truck_01_Covered_Blue", "MaxPriceThreshold": 50000, "MinPriceThreshold": 50000, "SellPricePercent": -1, "MaxStockThreshold": 5, "MinStockThreshold": 1, "QuantityConfig": 0, "SpawnAttachments": [], "Variants": [] },
SCRIPT       : PART: { "ClassName": "Truck_01_Door_1_1_Blue", "MaxPriceThreshold": 1000, "MinPriceThreshold": 1000, "SellPricePercent": 20, "MaxStockThreshold": 10, "MinStockThreshold": 1, "QuantityConfig": 0, "SpawnAttachments": [], "Variants": [] },
SCRIPT       : PART: { "ClassName": "Truck_01_Door_2_1_Blue", "MaxPriceThreshold": 1000, "MinPriceThreshold": 1000, "SellPricePercent": 20, "MaxStockThreshold": 10, "MinStockThreshold": 1, "QuantityConfig": 0, "SpawnAttachments": [], "Variants": [] },
SCRIPT       : PART: { "ClassName": "Truck_01_Hood_Blue", "MaxPriceThreshold": 1000, "MinPriceThreshold": 1000, "SellPricePercent": 20, "MaxStockThreshold": 10, "MinStockThreshold": 1, "QuantityConfig": 0, "SpawnAttachments": [], "Variants": [] },
SCRIPT       : VEHICLE: { "ClassName": "Truck_01_Covered_Orange", "MaxPriceThreshold": 50000, "MinPriceThreshold": 50000, "SellPricePercent": -1, "MaxStockThreshold": 5, "MinStockThreshold": 1, "QuantityConfig": 0, "SpawnAttachments": [], "Variants": [] }
SCRIPT       : PART: { "ClassName": "Truck_01_Door_1_1_Orange", "MaxPriceThreshold": 1000, "MinPriceThreshold": 1000, "SellPricePercent": 20, "MaxStockThreshold": 10, "MinStockThreshold": 1, "QuantityConfig": 0, "SpawnAttachments": [], "Variants": [] },
SCRIPT       : PART: { "ClassName": "Truck_01_Door_2_1_Orange", "MaxPriceThreshold": 1000, "MinPriceThreshold": 1000, "SellPricePercent": 20, "MaxStockThreshold": 10, "MinStockThreshold": 1, "QuantityConfig": 0, "SpawnAttachments": [], "Variants": [] },
SCRIPT       : PART: { "ClassName": "Truck_01_Hood_Orange", "MaxPriceThreshold": 1000, "MinPriceThreshold": 1000, "SellPricePercent": 20, "MaxStockThreshold": 10, "MinStockThreshold": 1, "QuantityConfig": 0, "SpawnAttachments": [], "Variants": [] },
SCRIPT       : PART: { "ClassName": "Truck_01_Door_1_1_GreenRust", "MaxPriceThreshold": 1000, "MinPriceThreshold": 1000, "SellPricePercent": 20, "MaxStockThreshold": 10, "MinStockThreshold": 1, "QuantityConfig": 0, "SpawnAttachments": [], "Variants": [] }
SCRIPT       : PART: { "ClassName": "Truck_01_Door_2_1_GreenRust", "MaxPriceThreshold": 1000, "MinPriceThreshold": 1000, "SellPricePercent": 20, "MaxStockThreshold": 10, "MinStockThreshold": 1, "QuantityConfig": 0, "SpawnAttachments": [], "Variants": [] }
SCRIPT       : PART: { "ClassName": "Truck_01_Hood_GreenRust", "MaxPriceThreshold": 1000, "MinPriceThreshold": 1000, "SellPricePercent": 20, "MaxStockThreshold": 10, "MinStockThreshold": 1, "QuantityConfig": 0, "SpawnAttachments": [], "Variants": [] },
SCRIPT       : PART: { "ClassName": "Truck_01_Door_1_1_BlueRust", "MaxPriceThreshold": 1000, "MinPriceThreshold": 1000, "SellPricePercent": 20, "MaxStockThreshold": 10, "MinStockThreshold": 1, "QuantityConfig": 0, "SpawnAttachments": [], "Variants": [] },
SCRIPT       : PART: { "ClassName": "Truck_01_Door_2_1_BlueRust", "MaxPriceThreshold": 1000, "MinPriceThreshold": 1000, "SellPricePercent": 20, "MaxStockThreshold": 10, "MinStockThreshold": 1, "QuantityConfig": 0, "SpawnAttachments": [], "Variants": [] },
SCRIPT       : PART: { "ClassName": "Truck_01_Hood_BlueRust", "MaxPriceThreshold": 1000, "MinPriceThreshold": 1000, "SellPricePercent": 20, "MaxStockThreshold": 10, "MinStockThreshold": 1, "QuantityConfig": 0, "SpawnAttachments": [], "Variants": [] },
SCRIPT       : PART: { "ClassName": "Truck_01_Door_1_1_OrangeRust", "MaxPriceThreshold": 1000, "MinPriceThreshold": 1000, "SellPricePercent": 20, "MaxStockThreshold": 10, "MinStockThreshold": 1, "QuantityConfig": 0, "SpawnAttachments": [], "Variants": [] 
SCRIPT       : PART: { "ClassName": "Truck_01_Door_2_1_OrangeRust", "MaxPriceThreshold": 1000, "MinPriceThreshold": 1000, "SellPricePercent": 20, "MaxStockThreshold": 10, "MinStockThreshold": 1, "QuantityConfig": 0, "SpawnAttachments": [], "Variants": [] 
SCRIPT       : PART: { "ClassName": "Truck_01_Hood_OrangeRust", "MaxPriceThreshold": 1000, "MinPriceThreshold": 1000, "SellPricePercent": 20, "MaxStockThreshold": 10, "MinStockThreshold": 1, "QuantityConfig": 0, "SpawnAttachments": [], "Variants": [] },
SCRIPT       : PART: { "ClassName": "Offroad_02_Wheel", "MaxPriceThreshold": 1000, "MinPriceThreshold": 1000, "SellPricePercent": 20, "MaxStockThreshold": 10, "MinStockThreshold": 1, "QuantityConfig": 0, "SpawnAttachments": [], "Variants": [] },
SCRIPT       : PART: { "ClassName": "Offroad_02_Wheel_Ruined", "MaxPriceThreshold": 1000, "MinPriceThreshold": 1000, "SellPricePercent": 20, "MaxStockThreshold": 10, "MinStockThreshold": 1, "QuantityConfig": 0, "SpawnAttachments": [], "Variants": [] },
SCRIPT       : PART: { "ClassName": "Offroad_02_Door_1_1", "MaxPriceThreshold": 1000, "MinPriceThreshold": 1000, "SellPricePercent": 20, "MaxStockThreshold": 10, "MinStockThreshold": 1, "QuantityConfig": 0, "SpawnAttachments": [], "Variants": [] },
SCRIPT       : PART: { "ClassName": "Offroad_02_Door_2_1", "MaxPriceThreshold": 1000, "MinPriceThreshold": 1000, "SellPricePercent": 20, "MaxStockThreshold": 10, "MinStockThreshold": 1, "QuantityConfig": 0, "SpawnAttachments": [], "Variants": [] },
SCRIPT       : PART: { "ClassName": "Offroad_02_Door_1_2", "MaxPriceThreshold": 1000, "MinPriceThreshold": 1000, "SellPricePercent": 20, "MaxStockThreshold": 10, "MinStockThreshold": 1, "QuantityConfig": 0, "SpawnAttachments": [], "Variants": [] },
SCRIPT       : PART: { "ClassName": "Offroad_02_Door_2_2", "MaxPriceThreshold": 1000, "MinPriceThreshold": 1000, "SellPricePercent": 20, "MaxStockThreshold": 10, "MinStockThreshold": 1, "QuantityConfig": 0, "SpawnAttachments": [], "Variants": [] },
SCRIPT       : PART: { "ClassName": "Offroad_02_Hood", "MaxPriceThreshold": 1000, "MinPriceThreshold": 1000, "SellPricePercent": 20, "MaxStockThreshold": 10, "MinStockThreshold": 1, "QuantityConfig": 0, "SpawnAttachments": [], "Variants": [] },
SCRIPT       : PART: { "ClassName": "Offroad_02_Trunk", "MaxPriceThreshold": 1000, "MinPriceThreshold": 1000, "SellPricePercent": 20, "MaxStockThreshold": 10, "MinStockThreshold": 1, "QuantityConfig": 0, "SpawnAttachments": [], "Variants": [] },
SCRIPT       : VEHICLE: { "ClassName": "Offroad_02", "MaxPriceThreshold": 50000, "MinPriceThreshold": 50000, "SellPricePercent": -1, "MaxStockThreshold": 5, "MinStockThreshold": 1, "QuantityConfig": 0, "SpawnAttachments": [], "Variants": [] },
SCRIPT       : PART: { "ClassName": "Offroad_02_Door_1_1_Rust", "MaxPriceThreshold": 1000, "MinPriceThreshold": 1000, "SellPricePercent": 20, "MaxStockThreshold": 10, "MinStockThreshold": 1, "QuantityConfig": 0, "SpawnAttachments": [], "Variants": [] },
SCRIPT       : PART: { "ClassName": "Offroad_02_Door_1_2_Rust", "MaxPriceThreshold": 1000, "MinPriceThreshold": 1000, "SellPricePercent": 20, "MaxStockThreshold": 10, "MinStockThreshold": 1, "QuantityConfig": 0, "SpawnAttachments": [], "Variants": [] },
SCRIPT       : PART: { "ClassName": "Offroad_02_Door_2_1_Rust", "MaxPriceThreshold": 1000, "MinPriceThreshold": 1000, "SellPricePercent": 20, "MaxStockThreshold": 10, "MinStockThreshold": 1, "QuantityConfig": 0, "SpawnAttachments": [], "Variants": [] },
SCRIPT       : PART: { "ClassName": "Offroad_02_Door_2_2_Rust", "MaxPriceThreshold": 1000, "MinPriceThreshold": 1000, "SellPricePercent": 20, "MaxStockThreshold": 10, "MinStockThreshold": 1, "QuantityConfig": 0, "SpawnAttachments": [], "Variants": [] },
SCRIPT       : PART: { "ClassName": "Offroad_02_Trunk_Rust", "MaxPriceThreshold": 1000, "MinPriceThreshold": 1000, "SellPricePercent": 20, "MaxStockThreshold": 10, "MinStockThreshold": 1, "QuantityConfig": 0, "SpawnAttachments": [], "Variants": [] },
SCRIPT       : PART: { "ClassName": "FordShelbyGT500_Wheel", "MaxPriceThreshold": 1000, "MinPriceThreshold": 1000, "SellPricePercent": 20, "MaxStockThreshold": 10, "MinStockThreshold": 1, "QuantityConfig": 0, "SpawnAttachments": [], "Variants": [] },
SCRIPT       : PART: { "ClassName": "FordShelbyGT500_Wheel_Destroyed", "MaxPriceThreshold": 1000, "MinPriceThreshold": 1000, "SellPricePercent": 20, "MaxStockThreshold": 10, "MinStockThreshold": 1, "QuantityConfig": 0, "SpawnAttachments": [], "Variants": 
SCRIPT       : PART: { "ClassName": "FordShelbyGT500_Trunk", "MaxPriceThreshold": 1000, "MinPriceThreshold": 1000, "SellPricePercent": 20, "MaxStockThreshold": 10, "MinStockThreshold": 1, "QuantityConfig": 0, "SpawnAttachments": [], "Variants": [] },
SCRIPT       : PART: { "ClassName": "FordShelbyGT500_Hood", "MaxPriceThreshold": 1000, "MinPriceThreshold": 1000, "SellPricePercent": 20, "MaxStockThreshold": 10, "MinStockThreshold": 1, "QuantityConfig": 0, "SpawnAttachments": [], "Variants": [] },
SCRIPT       : VEHICLE: { "ClassName": "Ford_Mustang_Shelby_GT500_White", "MaxPriceThreshold": 50000, "MinPriceThreshold": 50000, "SellPricePercent": -1, "MaxStockThreshold": 5, "MinStockThreshold": 1, "QuantityConfig": 0, "SpawnAttachments": [], "Variant
SCRIPT       : VEHICLE: { "ClassName": "Ford_Mustang_Shelby_GT500_Black", "MaxPriceThreshold": 50000, "MinPriceThreshold": 50000, "SellPricePercent": -1, "MaxStockThreshold": 5, "MinStockThreshold": 1, "QuantityConfig": 0, "SpawnAttachments": [], "Variant
SCRIPT       : PART: { "ClassName": "FordShelbyGT500_Hood_Black", "MaxPriceThreshold": 1000, "MinPriceThreshold": 1000, "SellPricePercent": 20, "MaxStockThreshold": 10, "MinStockThreshold": 1, "QuantityConfig": 0, "SpawnAttachments": [], "Variants": [] },
SCRIPT       : PART: { "ClassName": "FordShelbyGT500_Trunk_Black", "MaxPriceThreshold": 1000, "MinPriceThreshold": 1000, "SellPricePercent": 20, "MaxStockThreshold": 10, "MinStockThreshold": 1, "QuantityConfig": 0, "SpawnAttachments": [], "Variants": [] }
SCRIPT       : VEHICLE: { "ClassName": "Ford_Mustang_Shelby_GT500_Blue", "MaxPriceThreshold": 50000, "MinPriceThreshold": 50000, "SellPricePercent": -1, "MaxStockThreshold": 5, "MinStockThreshold": 1, "QuantityConfig": 0, "SpawnAttachments": [], "Variants
SCRIPT       : PART: { "ClassName": "FordShelbyGT500_Hood_Blue", "MaxPriceThreshold": 1000, "MinPriceThreshold": 1000, "SellPricePercent": 20, "MaxStockThreshold": 10, "MinStockThreshold": 1, "QuantityConfig": 0, "SpawnAttachments": [], "Variants": [] },
SCRIPT       : PART: { "ClassName": "FordShelbyGT500_Trunk_Blue", "MaxPriceThreshold": 1000, "MinPriceThreshold": 1000, "SellPricePercent": 20, "MaxStockThreshold": 10, "MinStockThreshold": 1, "QuantityConfig": 0, "SpawnAttachments": [], "Variants": [] },
SCRIPT       : VEHICLE: { "ClassName": "Ford_Mustang_Shelby_GT500_DarkBlue", "MaxPriceThreshold": 50000, "MinPriceThreshold": 50000, "SellPricePercent": -1, "MaxStockThreshold": 5, "MinStockThreshold": 1, "QuantityConfig": 0, "SpawnAttachments": [], "Vari
SCRIPT       : PART: { "ClassName": "FordShelbyGT500_Hood_DarkBlue", "MaxPriceThreshold": 1000, "MinPriceThreshold": 1000, "SellPricePercent": 20, "MaxStockThreshold": 10, "MinStockThreshold": 1, "QuantityConfig": 0, "SpawnAttachments": [], "Variants": []
SCRIPT       : PART: { "ClassName": "FordShelbyGT500_Trunk_DarkBlue", "MaxPriceThreshold": 1000, "MinPriceThreshold": 1000, "SellPricePercent": 20, "MaxStockThreshold": 10, "MinStockThreshold": 1, "QuantityConfig": 0, "SpawnAttachments": [], "Variants": [
SCRIPT       : VEHICLE: { "ClassName": "Ford_Mustang_Shelby_GT500_Green", "MaxPriceThreshold": 50000, "MinPriceThreshold": 50000, "SellPricePercent": -1, "MaxStockThreshold": 5, "MinStockThreshold": 1, "QuantityConfig": 0, "SpawnAttachments": [], "Variant
SCRIPT       : PART: { "ClassName": "FordShelbyGT500_Hood_Green", "MaxPriceThreshold": 1000, "MinPriceThreshold": 1000, "SellPricePercent": 20, "MaxStockThreshold": 10, "MinStockThreshold": 1, "QuantityConfig": 0, "SpawnAttachments": [], "Variants": [] },
SCRIPT       : PART: { "ClassName": "FordShelbyGT500_Trunk_Green", "MaxPriceThreshold": 1000, "MinPriceThreshold": 1000, "SellPricePercent": 20, "MaxStockThreshold": 10, "MinStockThreshold": 1, "QuantityConfig": 0, "SpawnAttachments": [], "Variants": [] }
SCRIPT       : VEHICLE: { "ClassName": "Ford_Mustang_Shelby_GT500_Orange", "MaxPriceThreshold": 50000, "MinPriceThreshold": 50000, "SellPricePercent": -1, "MaxStockThreshold": 5, "MinStockThreshold": 1, "QuantityConfig": 0, "SpawnAttachments": [], "Varian
SCRIPT       : PART: { "ClassName": "FordShelbyGT500_Hood_Orange", "MaxPriceThreshold": 1000, "MinPriceThreshold": 1000, "SellPricePercent": 20, "MaxStockThreshold": 10, "MinStockThreshold": 1, "QuantityConfig": 0, "SpawnAttachments": [], "Variants": [] }
SCRIPT       : PART: { "ClassName": "FordShelbyGT500_Trunk_Orange", "MaxPriceThreshold": 1000, "MinPriceThreshold": 1000, "SellPricePercent": 20, "MaxStockThreshold": 10, "MinStockThreshold": 1, "QuantityConfig": 0, "SpawnAttachments": [], "Variants": [] 
SCRIPT       : VEHICLE: { "ClassName": "Ford_Mustang_Shelby_GT500_Pink", "MaxPriceThreshold": 50000, "MinPriceThreshold": 50000, "SellPricePercent": -1, "MaxStockThreshold": 5, "MinStockThreshold": 1, "QuantityConfig": 0, "SpawnAttachments": [], "Variants
SCRIPT       : PART: { "ClassName": "FordShelbyGT500_Hood_Pink", "MaxPriceThreshold": 1000, "MinPriceThreshold": 1000, "SellPricePercent": 20, "MaxStockThreshold": 10, "MinStockThreshold": 1, "QuantityConfig": 0, "SpawnAttachments": [], "Variants": [] },
SCRIPT       : PART: { "ClassName": "FordShelbyGT500_Trunk_Pink", "MaxPriceThreshold": 1000, "MinPriceThreshold": 1000, "SellPricePercent": 20, "MaxStockThreshold": 10, "MinStockThreshold": 1, "QuantityConfig": 0, "SpawnAttachments": [], "Variants": [] },
SCRIPT       : VEHICLE: { "ClassName": "Ford_Mustang_Shelby_GT500_Red", "MaxPriceThreshold": 50000, "MinPriceThreshold": 50000, "SellPricePercent": -1, "MaxStockThreshold": 5, "MinStockThreshold": 1, "QuantityConfig": 0, "SpawnAttachments": [], "Variants"
SCRIPT       : PART: { "ClassName": "FordShelbyGT500_Hood_Red", "MaxPriceThreshold": 1000, "MinPriceThreshold": 1000, "SellPricePercent": 20, "MaxStockThreshold": 10, "MinStockThreshold": 1, "QuantityConfig": 0, "SpawnAttachments": [], "Variants": [] },
SCRIPT       : PART: { "ClassName": "FordShelbyGT500_Trunk_Red", "MaxPriceThreshold": 1000, "MinPriceThreshold": 1000, "SellPricePercent": 20, "MaxStockThreshold": 10, "MinStockThreshold": 1, "QuantityConfig": 0, "SpawnAttachments": [], "Variants": [] },
SCRIPT       : PART: { "ClassName": "JeepGladiator_Wheel", "MaxPriceThreshold": 1000, "MinPriceThreshold": 1000, "SellPricePercent": 20, "MaxStockThreshold": 10, "MinStockThreshold": 1, "QuantityConfig": 0, "SpawnAttachments": [], "Variants": [] },
SCRIPT       : PART: { "ClassName": "JeepGladiator_Wheel2", "MaxPriceThreshold": 1000, "MinPriceThreshold": 1000, "SellPricePercent": 20, "MaxStockThreshold": 10, "MinStockThreshold": 1, "QuantityConfig": 0, "SpawnAttachments": [], "Variants": [] },
SCRIPT       : PART: { "ClassName": "JeepGladiator_Wheel2_Blue", "MaxPriceThreshold": 1000, "MinPriceThreshold": 1000, "SellPricePercent": 20, "MaxStockThreshold": 10, "MinStockThreshold": 1, "QuantityConfig": 0, "SpawnAttachments": [], "Variants": [] },
SCRIPT       : PART: { "ClassName": "JeepGladiator_Wheel2_Black", "MaxPriceThreshold": 1000, "MinPriceThreshold": 1000, "SellPricePercent": 20, "MaxStockThreshold": 10, "MinStockThreshold": 1, "QuantityConfig": 0, "SpawnAttachments": [], "Variants": [] },
SCRIPT       : PART: { "ClassName": "JeepGladiator_Wheel2_Green", "MaxPriceThreshold": 1000, "MinPriceThreshold": 1000, "SellPricePercent": 20, "MaxStockThreshold": 10, "MinStockThreshold": 1, "QuantityConfig": 0, "SpawnAttachments": [], "Variants": [] },
SCRIPT       : PART: { "ClassName": "JeepGladiator_Wheel2_Pink", "MaxPriceThreshold": 1000, "MinPriceThreshold": 1000, "SellPricePercent": 20, "MaxStockThreshold": 10, "MinStockThreshold": 1, "QuantityConfig": 0, "SpawnAttachments": [], "Variants": [] },
SCRIPT       : PART: { "ClassName": "JeepGladiator_Wheel2_White", "MaxPriceThreshold": 1000, "MinPriceThreshold": 1000, "SellPricePercent": 20, "MaxStockThreshold": 10, "MinStockThreshold": 1, "QuantityConfig": 0, "SpawnAttachments": [], "Variants": [] },
SCRIPT       : PART: { "ClassName": "JeepGladiator_Wheel_Destroyed", "MaxPriceThreshold": 1000, "MinPriceThreshold": 1000, "SellPricePercent": 20, "MaxStockThreshold": 10, "MinStockThreshold": 1, "QuantityConfig": 0, "SpawnAttachments": [], "Variants": []
SCRIPT       : PART: { "ClassName": "JeepGladiator_Wheel2_Destroyed", "MaxPriceThreshold": 1000, "MinPriceThreshold": 1000, "SellPricePercent": 20, "MaxStockThreshold": 10, "MinStockThreshold": 1, "QuantityConfig": 0, "SpawnAttachments": [], "Variants": [
SCRIPT       : PART: { "ClassName": "Jeep_GladiatorF9_Driver_Door", "MaxPriceThreshold": 1000, "MinPriceThreshold": 1000, "SellPricePercent": 20, "MaxStockThreshold": 10, "MinStockThreshold": 1, "QuantityConfig": 0, "SpawnAttachments": [], "Variants": [] 
SCRIPT       : PART: { "ClassName": "Jeep_GladiatorF9_Driver_Door_Black", "MaxPriceThreshold": 1000, "MinPriceThreshold": 1000, "SellPricePercent": 20, "MaxStockThreshold": 10, "MinStockThreshold": 1, "QuantityConfig": 0, "SpawnAttachments": [], "Variants
SCRIPT       : PART: { "ClassName": "Jeep_GladiatorF9_Driver_Door_Brown", "MaxPriceThreshold": 1000, "MinPriceThreshold": 1000, "SellPricePercent": 20, "MaxStockThreshold": 10, "MinStockThreshold": 1, "QuantityConfig": 0, "SpawnAttachments": [], "Variants
SCRIPT       : PART: { "ClassName": "Jeep_GladiatorF9_Driver_Door_Red", "MaxPriceThreshold": 1000, "MinPriceThreshold": 1000, "SellPricePercent": 20, "MaxStockThreshold": 10, "MinStockThreshold": 1, "QuantityConfig": 0, "SpawnAttachments": [], "Variants":
SCRIPT       : PART: { "ClassName": "Jeep_GladiatorF9_Driver_Door_camo_green", "MaxPriceThreshold": 1000, "MinPriceThreshold": 1000, "SellPricePercent": 20, "MaxStockThreshold": 10, "MinStockThreshold": 1, "QuantityConfig": 0, "SpawnAttachments": [], "Var
SCRIPT       : PART: { "ClassName": "Jeep_GladiatorF9_Driver_Door_camo_red", "MaxPriceThreshold": 1000, "MinPriceThreshold": 1000, "SellPricePercent": 20, "MaxStockThreshold": 10, "MinStockThreshold": 1, "QuantityConfig": 0, "SpawnAttachments": [], "Varia
SCRIPT       : PART: { "ClassName": "Jeep_GladiatorF9_Driver_Door_camo_blue", "MaxPriceThreshold": 1000, "MinPriceThreshold": 1000, "SellPricePercent": 20, "MaxStockThreshold": 10, "MinStockThreshold": 1, "QuantityConfig": 0, "SpawnAttachments": [], "Vari
SCRIPT       : PART: { "ClassName": "Jeep_GladiatorF9_Driver_Door_camo_black", "MaxPriceThreshold": 1000, "MinPriceThreshold": 1000, "SellPricePercent": 20, "MaxStockThreshold": 10, "MinStockThreshold": 1, "QuantityConfig": 0, "SpawnAttachments": [], "Var
SCRIPT       : PART: { "ClassName": "Jeep_GladiatorF9_Driver_Door_Green", "MaxPriceThreshold": 1000, "MinPriceThreshold": 1000, "SellPricePercent": 20, "MaxStockThreshold": 10, "MinStockThreshold": 1, "QuantityConfig": 0, "SpawnAttachments": [], "Variants
SCRIPT       : PART: { "ClassName": "Jeep_GladiatorF9_Driver_Door_Pink", "MaxPriceThreshold": 1000, "MinPriceThreshold": 1000, "SellPricePercent": 20, "MaxStockThreshold": 10, "MinStockThreshold": 1, "QuantityConfig": 0, "SpawnAttachments": [], "Variants"
SCRIPT       : PART: { "ClassName": "Jeep_GladiatorF9_Driver_Door_Orange", "MaxPriceThreshold": 1000, "MinPriceThreshold": 1000, "SellPricePercent": 20, "MaxStockThreshold": 10, "MinStockThreshold": 1, "QuantityConfig": 0, "SpawnAttachments": [], "Variant
SCRIPT       : PART: { "ClassName": "Jeep_GladiatorF9_Driver_Door_Cyan", "MaxPriceThreshold": 1000, "MinPriceThreshold": 1000, "SellPricePercent": 20, "MaxStockThreshold": 10, "MinStockThreshold": 1, "QuantityConfig": 0, "SpawnAttachments": [], "Variants"
SCRIPT       : PART: { "ClassName": "Jeep_GladiatorF9_Driver_Door_camo_hunter", "MaxPriceThreshold": 1000, "MinPriceThreshold": 1000, "SellPricePercent": 20, "MaxStockThreshold": 10, "MinStockThreshold": 1, "QuantityConfig": 0, "SpawnAttachments": [], "Va
SCRIPT       : PART: { "ClassName": "Jeep_GladiatorF9_Driver_Door_camo_blue2", "MaxPriceThreshold": 1000, "MinPriceThreshold": 1000, "SellPricePercent": 20, "MaxStockThreshold": 10, "MinStockThreshold": 1, "QuantityConfig": 0, "SpawnAttachments": [], "Var
SCRIPT       : PART: { "ClassName": "Jeep_GladiatorF9_Driver_Door_camo_bluetiger", "MaxPriceThreshold": 1000, "MinPriceThreshold": 1000, "SellPricePercent": 20, "MaxStockThreshold": 10, "MinStockThreshold": 1, "QuantityConfig": 0, "SpawnAttachments": [], 
SCRIPT       : PART: { "ClassName": "Jeep_GladiatorF9_Driver_Door_camo_flecktarn", "MaxPriceThreshold": 1000, "MinPriceThreshold": 1000, "SellPricePercent": 20, "MaxStockThreshold": 10, "MinStockThreshold": 1, "QuantityConfig": 0, "SpawnAttachments": [], 
SCRIPT       : PART: { "ClassName": "Jeep_GladiatorF9_Driver_Door_camo_orange", "MaxPriceThreshold": 1000, "MinPriceThreshold": 1000, "SellPricePercent": 20, "MaxStockThreshold": 10, "MinStockThreshold": 1, "QuantityConfig": 0, "SpawnAttachments": [], "Va
SCRIPT       : PART: { "ClassName": "Jeep_GladiatorF9_Driver_Door_camo_topotrip", "MaxPriceThreshold": 1000, "MinPriceThreshold": 1000, "SellPricePercent": 20, "MaxStockThreshold": 10, "MinStockThreshold": 1, "QuantityConfig": 0, "SpawnAttachments": [], "
SCRIPT       : PART: { "ClassName": "Jeep_GladiatorF9_Driver_Door_camo_vanished", "MaxPriceThreshold": 1000, "MinPriceThreshold": 1000, "SellPricePercent": 20, "MaxStockThreshold": 10, "MinStockThreshold": 1, "QuantityConfig": 0, "SpawnAttachments": [], "
SCRIPT       : PART: { "ClassName": "Jeep_GladiatorF9_Driver_Door_camo_redtiger", "MaxPriceThreshold": 1000, "MinPriceThreshold": 1000, "SellPricePercent": 20, "MaxStockThreshold": 10, "MinStockThreshold": 1, "QuantityConfig": 0, "SpawnAttachments": [], "
SCRIPT       : PART: { "ClassName": "Jeep_GladiatorF9_Driver_Door_camo_abominable", "MaxPriceThreshold": 1000, "MinPriceThreshold": 1000, "SellPricePercent": 20, "MaxStockThreshold": 10, "MinStockThreshold": 1, "QuantityConfig": 0, "SpawnAttachments": [],
SCRIPT       : PART: { "ClassName": "Jeep_GladiatorF9_Driver_Door_camo_pinkpython", "MaxPriceThreshold": 1000, "MinPriceThreshold": 1000, "SellPricePercent": 20, "MaxStockThreshold": 10, "MinStockThreshold": 1, "QuantityConfig": 0, "SpawnAttachments": [],
SCRIPT       : PART: { "ClassName": "Jeep_GladiatorF9_Driver_Door_camo_dragonmoss", "MaxPriceThreshold": 1000, "MinPriceThreshold": 1000, "SellPricePercent": 20, "MaxStockThreshold": 10, "MinStockThreshold": 1, "QuantityConfig": 0, "SpawnAttachments": [],
SCRIPT       : PART: { "ClassName": "Jeep_GladiatorF9_Driver_Door_camo_nightseas", "MaxPriceThreshold": 1000, "MinPriceThreshold": 1000, "SellPricePercent": 20, "MaxStockThreshold": 10, "MinStockThreshold": 1, "QuantityConfig": 0, "SpawnAttachments": [], 
SCRIPT       : PART: { "ClassName": "Jeep_GladiatorF9_Driver_Door_camo_skulls", "MaxPriceThreshold": 1000, "MinPriceThreshold": 1000, "SellPricePercent": 20, "MaxStockThreshold": 10, "MinStockThreshold": 1, "QuantityConfig": 0, "SpawnAttachments": [], "Va
SCRIPT       : PART: { "ClassName": "Jeep_GladiatorF9_Trunk", "MaxPriceThreshold": 1000, "MinPriceThreshold": 1000, "SellPricePercent": 20, "MaxStockThreshold": 10, "MinStockThreshold": 1, "QuantityConfig": 0, "SpawnAttachments": [], "Variants": [] },
SCRIPT       : PART: { "ClassName": "Jeep_GladiatorF9_Trunk_Black", "MaxPriceThreshold": 1000, "MinPriceThreshold": 1000, "SellPricePercent": 20, "MaxStockThreshold": 10, "MinStockThreshold": 1, "QuantityConfig": 0, "SpawnAttachments": [], "Variants": [] 
SCRIPT       : PART: { "ClassName": "Jeep_GladiatorF9_Trunk_Brown", "MaxPriceThreshold": 1000, "MinPriceThreshold": 1000, "SellPricePercent": 20, "MaxStockThreshold": 10, "MinStockThreshold": 1, "QuantityConfig": 0, "SpawnAttachments": [], "Variants": [] 
SCRIPT       : PART: { "ClassName": "Jeep_GladiatorF9_Trunk_Red", "MaxPriceThreshold": 1000, "MinPriceThreshold": 1000, "SellPricePercent": 20, "MaxStockThreshold": 10, "MinStockThreshold": 1, "QuantityConfig": 0, "SpawnAttachments": [], "Variants": [] },
SCRIPT       : PART: { "ClassName": "Jeep_GladiatorF9_Trunk_camo_green", "MaxPriceThreshold": 1000, "MinPriceThreshold": 1000, "SellPricePercent": 20, "MaxStockThreshold": 10, "MinStockThreshold": 1, "QuantityConfig": 0, "SpawnAttachments": [], "Variants"
SCRIPT       : PART: { "ClassName": "Jeep_GladiatorF9_Trunk_camo_red", "MaxPriceThreshold": 1000, "MinPriceThreshold": 1000, "SellPricePercent": 20, "MaxStockThreshold": 10, "MinStockThreshold": 1, "QuantityConfig": 0, "SpawnAttachments": [], "Variants": 
SCRIPT       : PART: { "ClassName": "Jeep_GladiatorF9_Trunk_camo_blue", "MaxPriceThreshold": 1000, "MinPriceThreshold": 1000, "SellPricePercent": 20, "MaxStockThreshold": 10, "MinStockThreshold": 1, "QuantityConfig": 0, "SpawnAttachments": [], "Variants":
SCRIPT       : PART: { "ClassName": "Jeep_GladiatorF9_Trunk_camo_black", "MaxPriceThreshold": 1000, "MinPriceThreshold": 1000, "SellPricePercent": 20, "MaxStockThreshold": 10, "MinStockThreshold": 1, "QuantityConfig": 0, "SpawnAttachments": [], "Variants"
SCRIPT       : PART: { "ClassName": "Jeep_GladiatorF9_Trunk_Green", "MaxPriceThreshold": 1000, "MinPriceThreshold": 1000, "SellPricePercent": 20, "MaxStockThreshold": 10, "MinStockThreshold": 1, "QuantityConfig": 0, "SpawnAttachments": [], "Variants": [] 
SCRIPT       : PART: { "ClassName": "Jeep_GladiatorF9_Trunk_Pink", "MaxPriceThreshold": 1000, "MinPriceThreshold": 1000, "SellPricePercent": 20, "MaxStockThreshold": 10, "MinStockThreshold": 1, "QuantityConfig": 0, "SpawnAttachments": [], "Variants": [] }
SCRIPT       : PART: { "ClassName": "Jeep_GladiatorF9_Trunk_Orange", "MaxPriceThreshold": 1000, "MinPriceThreshold": 1000, "SellPricePercent": 20, "MaxStockThreshold": 10, "MinStockThreshold": 1, "QuantityConfig": 0, "SpawnAttachments": [], "Variants": []
SCRIPT       : PART: { "ClassName": "Jeep_GladiatorF9_Trunk_Cyan", "MaxPriceThreshold": 1000, "MinPriceThreshold": 1000, "SellPricePercent": 20, "MaxStockThreshold": 10, "MinStockThreshold": 1, "QuantityConfig": 0, "SpawnAttachments": [], "Variants": [] }
SCRIPT       : PART: { "ClassName": "Jeep_GladiatorF9_Trunk_camo_hunter", "MaxPriceThreshold": 1000, "MinPriceThreshold": 1000, "SellPricePercent": 20, "MaxStockThreshold": 10, "MinStockThreshold": 1, "QuantityConfig": 0, "SpawnAttachments": [], "Variants
SCRIPT       : PART: { "ClassName": "Jeep_GladiatorF9_Trunk_camo_blue2", "MaxPriceThreshold": 1000, "MinPriceThreshold": 1000, "SellPricePercent": 20, "MaxStockThreshold": 10, "MinStockThreshold": 1, "QuantityConfig": 0, "SpawnAttachments": [], "Variants"
SCRIPT       : PART: { "ClassName": "Jeep_GladiatorF9_Trunk_camo_bluetiger", "MaxPriceThreshold": 1000, "MinPriceThreshold": 1000, "SellPricePercent": 20, "MaxStockThreshold": 10, "MinStockThreshold": 1, "QuantityConfig": 0, "SpawnAttachments": [], "Varia
SCRIPT       : PART: { "ClassName": "Jeep_GladiatorF9_Trunk_camo_flecktarn", "MaxPriceThreshold": 1000, "MinPriceThreshold": 1000, "SellPricePercent": 20, "MaxStockThreshold": 10, "MinStockThreshold": 1, "QuantityConfig": 0, "SpawnAttachments": [], "Varia
SCRIPT       : PART: { "ClassName": "Jeep_GladiatorF9_Trunk_camo_orange", "MaxPriceThreshold": 1000, "MinPriceThreshold": 1000, "SellPricePercent": 20, "MaxStockThreshold": 10, "MinStockThreshold": 1, "QuantityConfig": 0, "SpawnAttachments": [], "Variants
SCRIPT       : PART: { "ClassName": "Jeep_GladiatorF9_Trunk_camo_topotrip", "MaxPriceThreshold": 1000, "MinPriceThreshold": 1000, "SellPricePercent": 20, "MaxStockThreshold": 10, "MinStockThreshold": 1, "QuantityConfig": 0, "SpawnAttachments": [], "Varian
SCRIPT       : PART: { "ClassName": "Jeep_GladiatorF9_Trunk_camo_vanished", "MaxPriceThreshold": 1000, "MinPriceThreshold": 1000, "SellPricePercent": 20, "MaxStockThreshold": 10, "MinStockThreshold": 1, "QuantityConfig": 0, "SpawnAttachments": [], "Varian
SCRIPT       : PART: { "ClassName": "Jeep_GladiatorF9_Trunk_camo_redtiger", "MaxPriceThreshold": 1000, "MinPriceThreshold": 1000, "SellPricePercent": 20, "MaxStockThreshold": 10, "MinStockThreshold": 1, "QuantityConfig": 0, "SpawnAttachments": [], "Varian
SCRIPT       : PART: { "ClassName": "Jeep_GladiatorF9_Trunk_camo_abominable", "MaxPriceThreshold": 1000, "MinPriceThreshold": 1000, "SellPricePercent": 20, "MaxStockThreshold": 10, "MinStockThreshold": 1, "QuantityConfig": 0, "SpawnAttachments": [], "Vari
SCRIPT       : PART: { "ClassName": "Jeep_GladiatorF9_Trunk_camo_pinkpython", "MaxPriceThreshold": 1000, "MinPriceThreshold": 1000, "SellPricePercent": 20, "MaxStockThreshold": 10, "MinStockThreshold": 1, "QuantityConfig": 0, "SpawnAttachments": [], "Vari
SCRIPT       : PART: { "ClassName": "Jeep_GladiatorF9_Trunk_camo_dragonmoss", "MaxPriceThreshold": 1000, "MinPriceThreshold": 1000, "SellPricePercent": 20, "MaxStockThreshold": 10, "MinStockThreshold": 1, "QuantityConfig": 0, "SpawnAttachments": [], "Vari
SCRIPT       : PART: { "ClassName": "Jeep_GladiatorF9_Trunk_camo_nightseas", "MaxPriceThreshold": 1000, "MinPriceThreshold": 1000, "SellPricePercent": 20, "MaxStockThreshold": 10, "MinStockThreshold": 1, "QuantityConfig": 0, "SpawnAttachments": [], "Varia
SCRIPT       : PART: { "ClassName": "Jeep_GladiatorF9_Trunk_camo_skulls", "MaxPriceThreshold": 1000, "MinPriceThreshold": 1000, "SellPricePercent": 20, "MaxStockThreshold": 10, "MinStockThreshold": 1, "QuantityConfig": 0, "SpawnAttachments": [], "Variants
SCRIPT       : PART: { "ClassName": "Jeep_GladiatorF9_Codriver_Door", "MaxPriceThreshold": 1000, "MinPriceThreshold": 1000, "SellPricePercent": 20, "MaxStockThreshold": 10, "MinStockThreshold": 1, "QuantityConfig": 0, "SpawnAttachments": [], "Variants": [
SCRIPT       : PART: { "ClassName": "Jeep_GladiatorF9_Codriver_Door_Black", "MaxPriceThreshold": 1000, "MinPriceThreshold": 1000, "SellPricePercent": 20, "MaxStockThreshold": 10, "MinStockThreshold": 1, "QuantityConfig": 0, "SpawnAttachments": [], "Varian
SCRIPT       : PART: { "ClassName": "Jeep_GladiatorF9_Codriver_Door_Brown", "MaxPriceThreshold": 1000, "MinPriceThreshold": 1000, "SellPricePercent": 20, "MaxStockThreshold": 10, "MinStockThreshold": 1, "QuantityConfig": 0, "SpawnAttachments": [], "Varian
SCRIPT       : PART: { "ClassName": "Jeep_GladiatorF9_Codriver_Door_Red", "MaxPriceThreshold": 1000, "MinPriceThreshold": 1000, "SellPricePercent": 20, "MaxStockThreshold": 10, "MinStockThreshold": 1, "QuantityConfig": 0, "SpawnAttachments": [], "Variants
SCRIPT       : PART: { "ClassName": "Jeep_GladiatorF9_Codriver_Door_camo_green", "MaxPriceThreshold": 1000, "MinPriceThreshold": 1000, "SellPricePercent": 20, "MaxStockThreshold": 10, "MinStockThreshold": 1, "QuantityConfig": 0, "SpawnAttachments": [], "V
SCRIPT       : PART: { "ClassName": "Jeep_GladiatorF9_Codriver_Door_camo_red", "MaxPriceThreshold": 1000, "MinPriceThreshold": 1000, "SellPricePercent": 20, "MaxStockThreshold": 10, "MinStockThreshold": 1, "QuantityConfig": 0, "SpawnAttachments": [], "Var
SCRIPT       : PART: { "ClassName": "Jeep_GladiatorF9_Codriver_Door_camo_blue", "MaxPriceThreshold": 1000, "MinPriceThreshold": 1000, "SellPricePercent": 20, "MaxStockThreshold": 10, "MinStockThreshold": 1, "QuantityConfig": 0, "SpawnAttachments": [], "Va
SCRIPT       : PART: { "ClassName": "Jeep_GladiatorF9_Codriver_Door_camo_black", "MaxPriceThreshold": 1000, "MinPriceThreshold": 1000, "SellPricePercent": 20, "MaxStockThreshold": 10, "MinStockThreshold": 1, "QuantityConfig": 0, "SpawnAttachments": [], "V
SCRIPT       : PART: { "ClassName": "Jeep_GladiatorF9_Codriver_Door_Green", "MaxPriceThreshold": 1000, "MinPriceThreshold": 1000, "SellPricePercent": 20, "MaxStockThreshold": 10, "MinStockThreshold": 1, "QuantityConfig": 0, "SpawnAttachments": [], "Varian
SCRIPT       : PART: { "ClassName": "Jeep_GladiatorF9_Codriver_Door_Pink", "MaxPriceThreshold": 1000, "MinPriceThreshold": 1000, "SellPricePercent": 20, "MaxStockThreshold": 10, "MinStockThreshold": 1, "QuantityConfig": 0, "SpawnAttachments": [], "Variant
SCRIPT       : PART: { "ClassName": "Jeep_GladiatorF9_Codriver_Door_Orange", "MaxPriceThreshold": 1000, "MinPriceThreshold": 1000, "SellPricePercent": 20, "MaxStockThreshold": 10, "MinStockThreshold": 1, "QuantityConfig": 0, "SpawnAttachments": [], "Varia
SCRIPT       : PART: { "ClassName": "Jeep_GladiatorF9_Codriver_Door_Cyan", "MaxPriceThreshold": 1000, "MinPriceThreshold": 1000, "SellPricePercent": 20, "MaxStockThreshold": 10, "MinStockThreshold": 1, "QuantityConfig": 0, "SpawnAttachments": [], "Variant
SCRIPT       : PART: { "ClassName": "Jeep_GladiatorF9_Codriver_Door_camo_hunter", "MaxPriceThreshold": 1000, "MinPriceThreshold": 1000, "SellPricePercent": 20, "MaxStockThreshold": 10, "MinStockThreshold": 1, "QuantityConfig": 0, "SpawnAttachments": [], "
SCRIPT       : PART: { "ClassName": "Jeep_GladiatorF9_Codriver_Door_camo_blue2", "MaxPriceThreshold": 1000, "MinPriceThreshold": 1000, "SellPricePercent": 20, "MaxStockThreshold": 10, "MinStockThreshold": 1, "QuantityConfig": 0, "SpawnAttachments": [], "V
SCRIPT       : PART: { "ClassName": "Jeep_GladiatorF9_Codriver_Door_camo_bluetiger", "MaxPriceThreshold": 1000, "MinPriceThreshold": 1000, "SellPricePercent": 20, "MaxStockThreshold": 10, "MinStockThreshold": 1, "QuantityConfig": 0, "SpawnAttachments": []
SCRIPT       : PART: { "ClassName": "Jeep_GladiatorF9_Codriver_Door_camo_flecktarn", "MaxPriceThreshold": 1000, "MinPriceThreshold": 1000, "SellPricePercent": 20, "MaxStockThreshold": 10, "MinStockThreshold": 1, "QuantityConfig": 0, "SpawnAttachments": []
SCRIPT       : PART: { "ClassName": "Jeep_GladiatorF9_Codriver_Door_camo_orange", "MaxPriceThreshold": 1000, "MinPriceThreshold": 1000, "SellPricePercent": 20, "MaxStockThreshold": 10, "MinStockThreshold": 1, "QuantityConfig": 0, "SpawnAttachments": [], "
SCRIPT       : PART: { "ClassName": "Jeep_GladiatorF9_Codriver_Door_camo_topotrip", "MaxPriceThreshold": 1000, "MinPriceThreshold": 1000, "SellPricePercent": 20, "MaxStockThreshold": 10, "MinStockThreshold": 1, "QuantityConfig": 0, "SpawnAttachments": [],
SCRIPT       : PART: { "ClassName": "Jeep_GladiatorF9_Codriver_Door_camo_vanished", "MaxPriceThreshold": 1000, "MinPriceThreshold": 1000, "SellPricePercent": 20, "MaxStockThreshold": 10, "MinStockThreshold": 1, "QuantityConfig": 0, "SpawnAttachments": [],
SCRIPT       : PART: { "ClassName": "Jeep_GladiatorF9_Codriver_Door_camo_redtiger", "MaxPriceThreshold": 1000, "MinPriceThreshold": 1000, "SellPricePercent": 20, "MaxStockThreshold": 10, "MinStockThreshold": 1, "QuantityConfig": 0, "SpawnAttachments": [],
SCRIPT       : PART: { "ClassName": "Jeep_GladiatorF9_Codriver_Door_camo_abominable", "MaxPriceThreshold": 1000, "MinPriceThreshold": 1000, "SellPricePercent": 20, "MaxStockThreshold": 10, "MinStockThreshold": 1, "QuantityConfig": 0, "SpawnAttachments": [
SCRIPT       : PART: { "ClassName": "Jeep_GladiatorF9_Codriver_Door_camo_pinkpython", "MaxPriceThreshold": 1000, "MinPriceThreshold": 1000, "SellPricePercent": 20, "MaxStockThreshold": 10, "MinStockThreshold": 1, "QuantityConfig": 0, "SpawnAttachments": [
SCRIPT       : PART: { "ClassName": "Jeep_GladiatorF9_Codriver_Door_camo_dragonmoss", "MaxPriceThreshold": 1000, "MinPriceThreshold": 1000, "SellPricePercent": 20, "MaxStockThreshold": 10, "MinStockThreshold": 1, "QuantityConfig": 0, "SpawnAttachments": [
SCRIPT       : PART: { "ClassName": "Jeep_GladiatorF9_Codriver_Door_camo_nightseas", "MaxPriceThreshold": 1000, "MinPriceThreshold": 1000, "SellPricePercent": 20, "MaxStockThreshold": 10, "MinStockThreshold": 1, "QuantityConfig": 0, "SpawnAttachments": []
SCRIPT       : PART: { "ClassName": "Jeep_GladiatorF9_Codriver_Door_camo_skulls", "MaxPriceThreshold": 1000, "MinPriceThreshold": 1000, "SellPricePercent": 20, "MaxStockThreshold": 10, "MinStockThreshold": 1, "QuantityConfig": 0, "SpawnAttachments": [], "
SCRIPT       : PART: { "ClassName": "Jeep_GladiatorF9_Cargo_Door1", "MaxPriceThreshold": 1000, "MinPriceThreshold": 1000, "SellPricePercent": 20, "MaxStockThreshold": 10, "MinStockThreshold": 1, "QuantityConfig": 0, "SpawnAttachments": [], "Variants": [] 
SCRIPT       : PART: { "ClassName": "Jeep_GladiatorF9_Cargo_Door1_Black", "MaxPriceThreshold": 1000, "MinPriceThreshold": 1000, "SellPricePercent": 20, "MaxStockThreshold": 10, "MinStockThreshold": 1, "QuantityConfig": 0, "SpawnAttachments": [], "Variants
SCRIPT       : PART: { "ClassName": "Jeep_GladiatorF9_Cargo_Door1_Brown", "MaxPriceThreshold": 1000, "MinPriceThreshold": 1000, "SellPricePercent": 20, "MaxStockThreshold": 10, "MinStockThreshold": 1, "QuantityConfig": 0, "SpawnAttachments": [], "Variants
SCRIPT       : PART: { "ClassName": "Jeep_GladiatorF9_Cargo_Door1_Red", "MaxPriceThreshold": 1000, "MinPriceThreshold": 1000, "SellPricePercent": 20, "MaxStockThreshold": 10, "MinStockThreshold": 1, "QuantityConfig": 0, "SpawnAttachments": [], "Variants":
SCRIPT       : PART: { "ClassName": "Jeep_GladiatorF9_Cargo_Door1_camo_green", "MaxPriceThreshold": 1000, "MinPriceThreshold": 1000, "SellPricePercent": 20, "MaxStockThreshold": 10, "MinStockThreshold": 1, "QuantityConfig": 0, "SpawnAttachments": [], "Var
SCRIPT       : PART: { "ClassName": "Jeep_GladiatorF9_Cargo_Door1_camo_red", "MaxPriceThreshold": 1000, "MinPriceThreshold": 1000, "SellPricePercent": 20, "MaxStockThreshold": 10, "MinStockThreshold": 1, "QuantityConfig": 0, "SpawnAttachments": [], "Varia
SCRIPT       : PART: { "ClassName": "Jeep_GladiatorF9_Cargo_Door1_camo_blue", "MaxPriceThreshold": 1000, "MinPriceThreshold": 1000, "SellPricePercent": 20, "MaxStockThreshold": 10, "MinStockThreshold": 1, "QuantityConfig": 0, "SpawnAttachments": [], "Vari
SCRIPT       : PART: { "ClassName": "Jeep_GladiatorF9_Cargo_Door1_camo_black", "MaxPriceThreshold": 1000, "MinPriceThreshold": 1000, "SellPricePercent": 20, "MaxStockThreshold": 10, "MinStockThreshold": 1, "QuantityConfig": 0, "SpawnAttachments": [], "Var
SCRIPT       : PART: { "ClassName": "Jeep_GladiatorF9_Cargo_Door1_Green", "MaxPriceThreshold": 1000, "MinPriceThreshold": 1000, "SellPricePercent": 20, "MaxStockThreshold": 10, "MinStockThreshold": 1, "QuantityConfig": 0, "SpawnAttachments": [], "Variants
SCRIPT       : PART: { "ClassName": "Jeep_GladiatorF9_Cargo_Door1_Pink", "MaxPriceThreshold": 1000, "MinPriceThreshold": 1000, "SellPricePercent": 20, "MaxStockThreshold": 10, "MinStockThreshold": 1, "QuantityConfig": 0, "SpawnAttachments": [], "Variants"
SCRIPT       : PART: { "ClassName": "Jeep_GladiatorF9_Cargo_Door1_Orange", "MaxPriceThreshold": 1000, "MinPriceThreshold": 1000, "SellPricePercent": 20, "MaxStockThreshold": 10, "MinStockThreshold": 1, "QuantityConfig": 0, "SpawnAttachments": [], "Variant
SCRIPT       : PART: { "ClassName": "Jeep_GladiatorF9_Cargo_Door1_Cyan", "MaxPriceThreshold": 1000, "MinPriceThreshold": 1000, "SellPricePercent": 20, "MaxStockThreshold": 10, "MinStockThreshold": 1, "QuantityConfig": 0, "SpawnAttachments": [], "Variants"
SCRIPT       : PART: { "ClassName": "Jeep_GladiatorF9_Cargo_Door1_camo_hunter", "MaxPriceThreshold": 1000, "MinPriceThreshold": 1000, "SellPricePercent": 20, "MaxStockThreshold": 10, "MinStockThreshold": 1, "QuantityConfig": 0, "SpawnAttachments": [], "Va
SCRIPT       : PART: { "ClassName": "Jeep_GladiatorF9_Cargo_Door1_camo_blue2", "MaxPriceThreshold": 1000, "MinPriceThreshold": 1000, "SellPricePercent": 20, "MaxStockThreshold": 10, "MinStockThreshold": 1, "QuantityConfig": 0, "SpawnAttachments": [], "Var
SCRIPT       : PART: { "ClassName": "Jeep_GladiatorF9_Cargo_Door1_camo_bluetiger", "MaxPriceThreshold": 1000, "MinPriceThreshold": 1000, "SellPricePercent": 20, "MaxStockThreshold": 10, "MinStockThreshold": 1, "QuantityConfig": 0, "SpawnAttachments": [], 
SCRIPT       : PART: { "ClassName": "Jeep_GladiatorF9_Cargo_Door1_camo_flecktarn", "MaxPriceThreshold": 1000, "MinPriceThreshold": 1000, "SellPricePercent": 20, "MaxStockThreshold": 10, "MinStockThreshold": 1, "QuantityConfig": 0, "SpawnAttachments": [], 
SCRIPT       : PART: { "ClassName": "Jeep_GladiatorF9_Cargo_Door1_camo_orange", "MaxPriceThreshold": 1000, "MinPriceThreshold": 1000, "SellPricePercent": 20, "MaxStockThreshold": 10, "MinStockThreshold": 1, "QuantityConfig": 0, "SpawnAttachments": [], "Va
SCRIPT       : PART: { "ClassName": "Jeep_GladiatorF9_Cargo_Door1_camo_topotrip", "MaxPriceThreshold": 1000, "MinPriceThreshold": 1000, "SellPricePercent": 20, "MaxStockThreshold": 10, "MinStockThreshold": 1, "QuantityConfig": 0, "SpawnAttachments": [], "
SCRIPT       : PART: { "ClassName": "Jeep_GladiatorF9_Cargo_Door1_camo_vanished", "MaxPriceThreshold": 1000, "MinPriceThreshold": 1000, "SellPricePercent": 20, "MaxStockThreshold": 10, "MinStockThreshold": 1, "QuantityConfig": 0, "SpawnAttachments": [], "
SCRIPT       : PART: { "ClassName": "Jeep_GladiatorF9_Cargo_Door1_camo_redtiger", "MaxPriceThreshold": 1000, "MinPriceThreshold": 1000, "SellPricePercent": 20, "MaxStockThreshold": 10, "MinStockThreshold": 1, "QuantityConfig": 0, "SpawnAttachments": [], "
SCRIPT       : PART: { "ClassName": "Jeep_GladiatorF9_Cargo_Door1_camo_abominable", "MaxPriceThreshold": 1000, "MinPriceThreshold": 1000, "SellPricePercent": 20, "MaxStockThreshold": 10, "MinStockThreshold": 1, "QuantityConfig": 0, "SpawnAttachments": [],
SCRIPT       : PART: { "ClassName": "Jeep_GladiatorF9_Cargo_Door1_camo_pinkpython", "MaxPriceThreshold": 1000, "MinPriceThreshold": 1000, "SellPricePercent": 20, "MaxStockThreshold": 10, "MinStockThreshold": 1, "QuantityConfig": 0, "SpawnAttachments": [],
SCRIPT       : PART: { "ClassName": "Jeep_GladiatorF9_Cargo_Door1_camo_dragonmoss", "MaxPriceThreshold": 1000, "MinPriceThreshold": 1000, "SellPricePercent": 20, "MaxStockThreshold": 10, "MinStockThreshold": 1, "QuantityConfig": 0, "SpawnAttachments": [],
SCRIPT       : PART: { "ClassName": "Jeep_GladiatorF9_Cargo_Door1_camo_nightseas", "MaxPriceThreshold": 1000, "MinPriceThreshold": 1000, "SellPricePercent": 20, "MaxStockThreshold": 10, "MinStockThreshold": 1, "QuantityConfig": 0, "SpawnAttachments": [], 
SCRIPT       : PART: { "ClassName": "Jeep_GladiatorF9_Cargo_Door1_camo_skulls", "MaxPriceThreshold": 1000, "MinPriceThreshold": 1000, "SellPricePercent": 20, "MaxStockThreshold": 10, "MinStockThreshold": 1, "QuantityConfig": 0, "SpawnAttachments": [], "Va
SCRIPT       : PART: { "ClassName": "Jeep_GladiatorF9_Cargo_Door2", "MaxPriceThreshold": 1000, "MinPriceThreshold": 1000, "SellPricePercent": 20, "MaxStockThreshold": 10, "MinStockThreshold": 1, "QuantityConfig": 0, "SpawnAttachments": [], "Variants": [] 
SCRIPT       : PART: { "ClassName": "Jeep_GladiatorF9_Cargo_Door2_Black", "MaxPriceThreshold": 1000, "MinPriceThreshold": 1000, "SellPricePercent": 20, "MaxStockThreshold": 10, "MinStockThreshold": 1, "QuantityConfig": 0, "SpawnAttachments": [], "Variants
SCRIPT       : PART: { "ClassName": "Jeep_GladiatorF9_Cargo_Door2_Brown", "MaxPriceThreshold": 1000, "MinPriceThreshold": 1000, "SellPricePercent": 20, "MaxStockThreshold": 10, "MinStockThreshold": 1, "QuantityConfig": 0, "SpawnAttachments": [], "Variants
SCRIPT       : PART: { "ClassName": "Jeep_GladiatorF9_Cargo_Door2_Red", "MaxPriceThreshold": 1000, "MinPriceThreshold": 1000, "SellPricePercent": 20, "MaxStockThreshold": 10, "MinStockThreshold": 1, "QuantityConfig": 0, "SpawnAttachments": [], "Variants":
SCRIPT       : PART: { "ClassName": "Jeep_GladiatorF9_Cargo_Door2_camo_green", "MaxPriceThreshold": 1000, "MinPriceThreshold": 1000, "SellPricePercent": 20, "MaxStockThreshold": 10, "MinStockThreshold": 1, "QuantityConfig": 0, "SpawnAttachments": [], "Var
SCRIPT       : PART: { "ClassName": "Jeep_GladiatorF9_Cargo_Door2_camo_red", "MaxPriceThreshold": 1000, "MinPriceThreshold": 1000, "SellPricePercent": 20, "MaxStockThreshold": 10, "MinStockThreshold": 1, "QuantityConfig": 0, "SpawnAttachments": [], "Varia
SCRIPT       : PART: { "ClassName": "Jeep_GladiatorF9_Cargo_Door2_camo_blue", "MaxPriceThreshold": 1000, "MinPriceThreshold": 1000, "SellPricePercent": 20, "MaxStockThreshold": 10, "MinStockThreshold": 1, "QuantityConfig": 0, "SpawnAttachments": [], "Vari
SCRIPT       : PART: { "ClassName": "Jeep_GladiatorF9_Cargo_Door2_camo_black", "MaxPriceThreshold": 1000, "MinPriceThreshold": 1000, "SellPricePercent": 20, "MaxStockThreshold": 10, "MinStockThreshold": 1, "QuantityConfig": 0, "SpawnAttachments": [], "Var
SCRIPT       : PART: { "ClassName": "Jeep_GladiatorF9_Cargo_Door2_Green", "MaxPriceThreshold": 1000, "MinPriceThreshold": 1000, "SellPricePercent": 20, "MaxStockThreshold": 10, "MinStockThreshold": 1, "QuantityConfig": 0, "SpawnAttachments": [], "Variants
SCRIPT       : PART: { "ClassName": "Jeep_GladiatorF9_Cargo_Door2_Pink", "MaxPriceThreshold": 1000, "MinPriceThreshold": 1000, "SellPricePercent": 20, "MaxStockThreshold": 10, "MinStockThreshold": 1, "QuantityConfig": 0, "SpawnAttachments": [], "Variants"
SCRIPT       : PART: { "ClassName": "Jeep_GladiatorF9_Cargo_Door2_Orange", "MaxPriceThreshold": 1000, "MinPriceThreshold": 1000, "SellPricePercent": 20, "MaxStockThreshold": 10, "MinStockThreshold": 1, "QuantityConfig": 0, "SpawnAttachments": [], "Variant
SCRIPT       : PART: { "ClassName": "Jeep_GladiatorF9_Cargo_Door2_Cyan", "MaxPriceThreshold": 1000, "MinPriceThreshold": 1000, "SellPricePercent": 20, "MaxStockThreshold": 10, "MinStockThreshold": 1, "QuantityConfig": 0, "SpawnAttachments": [], "Variants"
SCRIPT       : PART: { "ClassName": "Jeep_GladiatorF9_Cargo_Door2_camo_hunter", "MaxPriceThreshold": 1000, "MinPriceThreshold": 1000, "SellPricePercent": 20, "MaxStockThreshold": 10, "MinStockThreshold": 1, "QuantityConfig": 0, "SpawnAttachments": [], "Va
SCRIPT       : PART: { "ClassName": "Jeep_GladiatorF9_Cargo_Door2_camo_blue2", "MaxPriceThreshold": 1000, "MinPriceThreshold": 1000, "SellPricePercent": 20, "MaxStockThreshold": 10, "MinStockThreshold": 1, "QuantityConfig": 0, "SpawnAttachments": [], "Var
SCRIPT       : PART: { "ClassName": "Jeep_GladiatorF9_Cargo_Door2_camo_bluetiger", "MaxPriceThreshold": 1000, "MinPriceThreshold": 1000, "SellPricePercent": 20, "MaxStockThreshold": 10, "MinStockThreshold": 1, "QuantityConfig": 0, "SpawnAttachments": [], 
SCRIPT       : PART: { "ClassName": "Jeep_GladiatorF9_Cargo_Door2_camo_flecktarn", "MaxPriceThreshold": 1000, "MinPriceThreshold": 1000, "SellPricePercent": 20, "MaxStockThreshold": 10, "MinStockThreshold": 1, "QuantityConfig": 0, "SpawnAttachments": [], 
SCRIPT       : PART: { "ClassName": "Jeep_GladiatorF9_Cargo_Door2_camo_orange", "MaxPriceThreshold": 1000, "MinPriceThreshold": 1000, "SellPricePercent": 20, "MaxStockThreshold": 10, "MinStockThreshold": 1, "QuantityConfig": 0, "SpawnAttachments": [], "Va
SCRIPT       : PART: { "ClassName": "Jeep_GladiatorF9_Cargo_Door2_camo_topotrip", "MaxPriceThreshold": 1000, "MinPriceThreshold": 1000, "SellPricePercent": 20, "MaxStockThreshold": 10, "MinStockThreshold": 1, "QuantityConfig": 0, "SpawnAttachments": [], "
SCRIPT       : PART: { "ClassName": "Jeep_GladiatorF9_Cargo_Door2_camo_vanished", "MaxPriceThreshold": 1000, "MinPriceThreshold": 1000, "SellPricePercent": 20, "MaxStockThreshold": 10, "MinStockThreshold": 1, "QuantityConfig": 0, "SpawnAttachments": [], "
SCRIPT       : PART: { "ClassName": "Jeep_GladiatorF9_Cargo_Door2_camo_redtiger", "MaxPriceThreshold": 1000, "MinPriceThreshold": 1000, "SellPricePercent": 20, "MaxStockThreshold": 10, "MinStockThreshold": 1, "QuantityConfig": 0, "SpawnAttachments": [], "
SCRIPT       : PART: { "ClassName": "Jeep_GladiatorF9_Cargo_Door2_camo_abominable", "MaxPriceThreshold": 1000, "MinPriceThreshold": 1000, "SellPricePercent": 20, "MaxStockThreshold": 10, "MinStockThreshold": 1, "QuantityConfig": 0, "SpawnAttachments": [],
SCRIPT       : PART: { "ClassName": "Jeep_GladiatorF9_Cargo_Door2_camo_pinkpython", "MaxPriceThreshold": 1000, "MinPriceThreshold": 1000, "SellPricePercent": 20, "MaxStockThreshold": 10, "MinStockThreshold": 1, "QuantityConfig": 0, "SpawnAttachments": [],
SCRIPT       : PART: { "ClassName": "Jeep_GladiatorF9_Cargo_Door2_camo_dragonmoss", "MaxPriceThreshold": 1000, "MinPriceThreshold": 1000, "SellPricePercent": 20, "MaxStockThreshold": 10, "MinStockThreshold": 1, "QuantityConfig": 0, "SpawnAttachments": [],
SCRIPT       : PART: { "ClassName": "Jeep_GladiatorF9_Cargo_Door2_camo_nightseas", "MaxPriceThreshold": 1000, "MinPriceThreshold": 1000, "SellPricePercent": 20, "MaxStockThreshold": 10, "MinStockThreshold": 1, "QuantityConfig": 0, "SpawnAttachments": [], 
SCRIPT       : PART: { "ClassName": "Jeep_GladiatorF9_Cargo_Door2_camo_skulls", "MaxPriceThreshold": 1000, "MinPriceThreshold": 1000, "SellPricePercent": 20, "MaxStockThreshold": 10, "MinStockThreshold": 1, "QuantityConfig": 0, "SpawnAttachments": [], "Va
SCRIPT       : PART: { "ClassName": "Jeep_GladiatorF9_Hood", "MaxPriceThreshold": 1000, "MinPriceThreshold": 1000, "SellPricePercent": 20, "MaxStockThreshold": 10, "MinStockThreshold": 1, "QuantityConfig": 0, "SpawnAttachments": [], "Variants": [] },
SCRIPT       : PART: { "ClassName": "Jeep_GladiatorF9_Hood_Black", "MaxPriceThreshold": 1000, "MinPriceThreshold": 1000, "SellPricePercent": 20, "MaxStockThreshold": 10, "MinStockThreshold": 1, "QuantityConfig": 0, "SpawnAttachments": [], "Variants": [] }
SCRIPT       : PART: { "ClassName": "Jeep_GladiatorF9_Hood_Brown", "MaxPriceThreshold": 1000, "MinPriceThreshold": 1000, "SellPricePercent": 20, "MaxStockThreshold": 10, "MinStockThreshold": 1, "QuantityConfig": 0, "SpawnAttachments": [], "Variants": [] }
SCRIPT       : PART: { "ClassName": "Jeep_GladiatorF9_Hood_Red", "MaxPriceThreshold": 1000, "MinPriceThreshold": 1000, "SellPricePercent": 20, "MaxStockThreshold": 10, "MinStockThreshold": 1, "QuantityConfig": 0, "SpawnAttachments": [], "Variants": [] },
SCRIPT       : PART: { "ClassName": "Jeep_GladiatorF9_Hood_Green", "MaxPriceThreshold": 1000, "MinPriceThreshold": 1000, "SellPricePercent": 20, "MaxStockThreshold": 10, "MinStockThreshold": 1, "QuantityConfig": 0, "SpawnAttachments": [], "Variants": [] }
SCRIPT       : PART: { "ClassName": "Jeep_GladiatorF9_Hood_Pink", "MaxPriceThreshold": 1000, "MinPriceThreshold": 1000, "SellPricePercent": 20, "MaxStockThreshold": 10, "MinStockThreshold": 1, "QuantityConfig": 0, "SpawnAttachments": [], "Variants": [] },
SCRIPT       : PART: { "ClassName": "Jeep_GladiatorF9_Hood_Orange", "MaxPriceThreshold": 1000, "MinPriceThreshold": 1000, "SellPricePercent": 20, "MaxStockThreshold": 10, "MinStockThreshold": 1, "QuantityConfig": 0, "SpawnAttachments": [], "Variants": [] 
SCRIPT       : PART: { "ClassName": "Jeep_GladiatorF9_Hood_camo_green", "MaxPriceThreshold": 1000, "MinPriceThreshold": 1000, "SellPricePercent": 20, "MaxStockThreshold": 10, "MinStockThreshold": 1, "QuantityConfig": 0, "SpawnAttachments": [], "Variants":
SCRIPT       : PART: { "ClassName": "Jeep_GladiatorF9_Hood_camo_red", "MaxPriceThreshold": 1000, "MinPriceThreshold": 1000, "SellPricePercent": 20, "MaxStockThreshold": 10, "MinStockThreshold": 1, "QuantityConfig": 0, "SpawnAttachments": [], "Variants": [
SCRIPT       : PART: { "ClassName": "Jeep_GladiatorF9_Hood_camo_blue", "MaxPriceThreshold": 1000, "MinPriceThreshold": 1000, "SellPricePercent": 20, "MaxStockThreshold": 10, "MinStockThreshold": 1, "QuantityConfig": 0, "SpawnAttachments": [], "Variants": 
SCRIPT       : PART: { "ClassName": "Jeep_GladiatorF9_Hood_camo_black", "MaxPriceThreshold": 1000, "MinPriceThreshold": 1000, "SellPricePercent": 20, "MaxStockThreshold": 10, "MinStockThreshold": 1, "QuantityConfig": 0, "SpawnAttachments": [], "Variants":
SCRIPT       : PART: { "ClassName": "Jeep_GladiatorF9_Hood_Cyan", "MaxPriceThreshold": 1000, "MinPriceThreshold": 1000, "SellPricePercent": 20, "MaxStockThreshold": 10, "MinStockThreshold": 1, "QuantityConfig": 0, "SpawnAttachments": [], "Variants": [] },
SCRIPT       : PART: { "ClassName": "Jeep_GladiatorF9_Hood_camo_hunter", "MaxPriceThreshold": 1000, "MinPriceThreshold": 1000, "SellPricePercent": 20, "MaxStockThreshold": 10, "MinStockThreshold": 1, "QuantityConfig": 0, "SpawnAttachments": [], "Variants"
SCRIPT       : PART: { "ClassName": "Jeep_GladiatorF9_Hood_camo_blue2", "MaxPriceThreshold": 1000, "MinPriceThreshold": 1000, "SellPricePercent": 20, "MaxStockThreshold": 10, "MinStockThreshold": 1, "QuantityConfig": 0, "SpawnAttachments": [], "Variants":
SCRIPT       : PART: { "ClassName": "Jeep_GladiatorF9_Hood_camo_bluetiger", "MaxPriceThreshold": 1000, "MinPriceThreshold": 1000, "SellPricePercent": 20, "MaxStockThreshold": 10, "MinStockThreshold": 1, "QuantityConfig": 0, "SpawnAttachments": [], "Varian
SCRIPT       : PART: { "ClassName": "Jeep_GladiatorF9_Hood_camo_flecktarn", "MaxPriceThreshold": 1000, "MinPriceThreshold": 1000, "SellPricePercent": 20, "MaxStockThreshold": 10, "MinStockThreshold": 1, "QuantityConfig": 0, "SpawnAttachments": [], "Varian
SCRIPT       : PART: { "ClassName": "Jeep_GladiatorF9_Hood_camo_orange", "MaxPriceThreshold": 1000, "MinPriceThreshold": 1000, "SellPricePercent": 20, "MaxStockThreshold": 10, "MinStockThreshold": 1, "QuantityConfig": 0, "SpawnAttachments": [], "Variants"
SCRIPT       : PART: { "ClassName": "Jeep_GladiatorF9_Hood_camo_topotrip", "MaxPriceThreshold": 1000, "MinPriceThreshold": 1000, "SellPricePercent": 20, "MaxStockThreshold": 10, "MinStockThreshold": 1, "QuantityConfig": 0, "SpawnAttachments": [], "Variant
SCRIPT       : PART: { "ClassName": "Jeep_GladiatorF9_Hood_camo_vanished", "MaxPriceThreshold": 1000, "MinPriceThreshold": 1000, "SellPricePercent": 20, "MaxStockThreshold": 10, "MinStockThreshold": 1, "QuantityConfig": 0, "SpawnAttachments": [], "Variant
SCRIPT       : PART: { "ClassName": "Jeep_GladiatorF9_Hood_camo_redtiger", "MaxPriceThreshold": 1000, "MinPriceThreshold": 1000, "SellPricePercent": 20, "MaxStockThreshold": 10, "MinStockThreshold": 1, "QuantityConfig": 0, "SpawnAttachments": [], "Variant
SCRIPT       : PART: { "ClassName": "Jeep_GladiatorF9_Hood_camo_abominable", "MaxPriceThreshold": 1000, "MinPriceThreshold": 1000, "SellPricePercent": 20, "MaxStockThreshold": 10, "MinStockThreshold": 1, "QuantityConfig": 0, "SpawnAttachments": [], "Varia
SCRIPT       : PART: { "ClassName": "Jeep_GladiatorF9_Hood_camo_pinkpython", "MaxPriceThreshold": 1000, "MinPriceThreshold": 1000, "SellPricePercent": 20, "MaxStockThreshold": 10, "MinStockThreshold": 1, "QuantityConfig": 0, "SpawnAttachments": [], "Varia
SCRIPT       : PART: { "ClassName": "Jeep_GladiatorF9_Hood_camo_dragonmoss", "MaxPriceThreshold": 1000, "MinPriceThreshold": 1000, "SellPricePercent": 20, "MaxStockThreshold": 10, "MinStockThreshold": 1, "QuantityConfig": 0, "SpawnAttachments": [], "Varia
SCRIPT       : PART: { "ClassName": "Jeep_GladiatorF9_Hood_camo_nightseas", "MaxPriceThreshold": 1000, "MinPriceThreshold": 1000, "SellPricePercent": 20, "MaxStockThreshold": 10, "MinStockThreshold": 1, "QuantityConfig": 0, "SpawnAttachments": [], "Varian
SCRIPT       : PART: { "ClassName": "Jeep_GladiatorF9_Hood_camo_skulls", "MaxPriceThreshold": 1000, "MinPriceThreshold": 1000, "SellPricePercent": 20, "MaxStockThreshold": 10, "MinStockThreshold": 1, "QuantityConfig": 0, "SpawnAttachments": [], "Variants"
SCRIPT       : VEHICLE: { "ClassName": "Jeep_GladiatorF9_BOSS_White", "MaxPriceThreshold": 50000, "MinPriceThreshold": 50000, "SellPricePercent": -1, "MaxStockThreshold": 5, "MinStockThreshold": 1, "QuantityConfig": 0, "SpawnAttachments": [], "Variants": 
SCRIPT       : VEHICLE: { "ClassName": "Jeep_GladiatorF9_BOSS_Black", "MaxPriceThreshold": 50000, "MinPriceThreshold": 50000, "SellPricePercent": -1, "MaxStockThreshold": 5, "MinStockThreshold": 1, "QuantityConfig": 0, "SpawnAttachments": [], "Variants": 
SCRIPT       : VEHICLE: { "ClassName": "Jeep_GladiatorF9_BOSS_Brown", "MaxPriceThreshold": 50000, "MinPriceThreshold": 50000, "SellPricePercent": -1, "MaxStockThreshold": 5, "MinStockThreshold": 1, "QuantityConfig": 0, "SpawnAttachments": [], "Variants": 
SCRIPT       : VEHICLE: { "ClassName": "Jeep_GladiatorF9_BOSS_Red", "MaxPriceThreshold": 50000, "MinPriceThreshold": 50000, "SellPricePercent": -1, "MaxStockThreshold": 5, "MinStockThreshold": 1, "QuantityConfig": 0, "SpawnAttachments": [], "Variants": []
SCRIPT       : VEHICLE: { "ClassName": "Jeep_GladiatorF9_BOSS_camo_green", "MaxPriceThreshold": 50000, "MinPriceThreshold": 50000, "SellPricePercent": -1, "MaxStockThreshold": 5, "MinStockThreshold": 1, "QuantityConfig": 0, "SpawnAttachments": [], "Varian
SCRIPT       : VEHICLE: { "ClassName": "Jeep_GladiatorF9_BOSS_camo_red", "MaxPriceThreshold": 50000, "MinPriceThreshold": 50000, "SellPricePercent": -1, "MaxStockThreshold": 5, "MinStockThreshold": 1, "QuantityConfig": 0, "SpawnAttachments": [], "Variants
SCRIPT       : VEHICLE: { "ClassName": "Jeep_GladiatorF9_BOSS_camo_blue", "MaxPriceThreshold": 50000, "MinPriceThreshold": 50000, "SellPricePercent": -1, "MaxStockThreshold": 5, "MinStockThreshold": 1, "QuantityConfig": 0, "SpawnAttachments": [], "Variant
SCRIPT       : VEHICLE: { "ClassName": "Jeep_GladiatorF9_BOSS_camo_black", "MaxPriceThreshold": 50000, "MinPriceThreshold": 50000, "SellPricePercent": -1, "MaxStockThreshold": 5, "MinStockThreshold": 1, "QuantityConfig": 0, "SpawnAttachments": [], "Varian
SCRIPT       : VEHICLE: { "ClassName": "Jeep_GladiatorF9_BOSS_camo_blue2", "MaxPriceThreshold": 50000, "MinPriceThreshold": 50000, "SellPricePercent": -1, "MaxStockThreshold": 5, "MinStockThreshold": 1, "QuantityConfig": 0, "SpawnAttachments": [], "Varian
SCRIPT       : VEHICLE: { "ClassName": "Jeep_GladiatorF9_BOSS_camo_bluetiger", "MaxPriceThreshold": 50000, "MinPriceThreshold": 50000, "SellPricePercent": -1, "MaxStockThreshold": 5, "MinStockThreshold": 1, "QuantityConfig": 0, "SpawnAttachments": [], "Va
SCRIPT       : VEHICLE: { "ClassName": "Jeep_GladiatorF9_BOSS_camo_flecktarn", "MaxPriceThreshold": 50000, "MinPriceThreshold": 50000, "SellPricePercent": -1, "MaxStockThreshold": 5, "MinStockThreshold": 1, "QuantityConfig": 0, "SpawnAttachments": [], "Va
SCRIPT       : VEHICLE: { "ClassName": "Jeep_GladiatorF9_BOSS_camo_orange", "MaxPriceThreshold": 50000, "MinPriceThreshold": 50000, "SellPricePercent": -1, "MaxStockThreshold": 5, "MinStockThreshold": 1, "QuantityConfig": 0, "SpawnAttachments": [], "Varia
SCRIPT       : VEHICLE: { "ClassName": "Jeep_GladiatorF9_BOSS_Orange", "MaxPriceThreshold": 50000, "MinPriceThreshold": 50000, "SellPricePercent": -1, "MaxStockThreshold": 5, "MinStockThreshold": 1, "QuantityConfig": 0, "SpawnAttachments": [], "Variants":
SCRIPT       : VEHICLE: { "ClassName": "Jeep_GladiatorF9_BOSS_Pink", "MaxPriceThreshold": 50000, "MinPriceThreshold": 50000, "SellPricePercent": -1, "MaxStockThreshold": 5, "MinStockThreshold": 1, "QuantityConfig": 0, "SpawnAttachments": [], "Variants": [
SCRIPT       : VEHICLE: { "ClassName": "Jeep_GladiatorF9_BOSS_Green", "MaxPriceThreshold": 50000, "MinPriceThreshold": 50000, "SellPricePercent": -1, "MaxStockThreshold": 5, "MinStockThreshold": 1, "QuantityConfig": 0, "SpawnAttachments": [], "Variants": 
SCRIPT       : VEHICLE: { "ClassName": "Jeep_GladiatorF9_BOSS_Cyan", "MaxPriceThreshold": 50000, "MinPriceThreshold": 50000, "SellPricePercent": -1, "MaxStockThreshold": 5, "MinStockThreshold": 1, "QuantityConfig": 0, "SpawnAttachments": [], "Variants": [
SCRIPT       : VEHICLE: { "ClassName": "Jeep_GladiatorF9_BOSS_camo_hunter", "MaxPriceThreshold": 50000, "MinPriceThreshold": 50000, "SellPricePercent": -1, "MaxStockThreshold": 5, "MinStockThreshold": 1, "QuantityConfig": 0, "SpawnAttachments": [], "Varia
SCRIPT       : VEHICLE: { "ClassName": "Jeep_GladiatorF9_BOSS_camo_topotrip", "MaxPriceThreshold": 50000, "MinPriceThreshold": 50000, "SellPricePercent": -1, "MaxStockThreshold": 5, "MinStockThreshold": 1, "QuantityConfig": 0, "SpawnAttachments": [], "Var
SCRIPT       : VEHICLE: { "ClassName": "Jeep_GladiatorF9_BOSS_camo_vanished", "MaxPriceThreshold": 50000, "MinPriceThreshold": 50000, "SellPricePercent": -1, "MaxStockThreshold": 5, "MinStockThreshold": 1, "QuantityConfig": 0, "SpawnAttachments": [], "Var
SCRIPT       : VEHICLE: { "ClassName": "Jeep_GladiatorF9_BOSS_camo_redtiger", "MaxPriceThreshold": 50000, "MinPriceThreshold": 50000, "SellPricePercent": -1, "MaxStockThreshold": 5, "MinStockThreshold": 1, "QuantityConfig": 0, "SpawnAttachments": [], "Var
SCRIPT       : VEHICLE: { "ClassName": "Jeep_GladiatorF9_BOSS_camo_abominable", "MaxPriceThreshold": 50000, "MinPriceThreshold": 50000, "SellPricePercent": -1, "MaxStockThreshold": 5, "MinStockThreshold": 1, "QuantityConfig": 0, "SpawnAttachments": [], "V
SCRIPT       : VEHICLE: { "ClassName": "Jeep_GladiatorF9_BOSS_camo_pinkpython", "MaxPriceThreshold": 50000, "MinPriceThreshold": 50000, "SellPricePercent": -1, "MaxStockThreshold": 5, "MinStockThreshold": 1, "QuantityConfig": 0, "SpawnAttachments": [], "V
SCRIPT       : VEHICLE: { "ClassName": "Jeep_GladiatorF9_BOSS_camo_skulls", "MaxPriceThreshold": 50000, "MinPriceThreshold": 50000, "SellPricePercent": -1, "MaxStockThreshold": 5, "MinStockThreshold": 1, "QuantityConfig": 0, "SpawnAttachments": [], "Varia
SCRIPT       : VEHICLE: { "ClassName": "Jeep_GladiatorF9_BOSS_camo_dragonmoss", "MaxPriceThreshold": 50000, "MinPriceThreshold": 50000, "SellPricePercent": -1, "MaxStockThreshold": 5, "MinStockThreshold": 1, "QuantityConfig": 0, "SpawnAttachments": [], "V
SCRIPT       : VEHICLE: { "ClassName": "Jeep_GladiatorF9_BOSS_camo_nightseas", "MaxPriceThreshold": 50000, "MinPriceThreshold": 50000, "SellPricePercent": -1, "MaxStockThreshold": 5, "MinStockThreshold": 1, "QuantityConfig": 0, "SpawnAttachments": [], "Va
SCRIPT       : VEHICLE: { "ClassName": "Tahoe_White", "MaxPriceThreshold": 50000, "MinPriceThreshold": 50000, "SellPricePercent": -1, "MaxStockThreshold": 5, "MinStockThreshold": 1, "QuantityConfig": 0, "SpawnAttachments": [], "Variants": [] },
SCRIPT       : VEHICLE: { "ClassName": "Tahoe_LightBlue", "MaxPriceThreshold": 50000, "MinPriceThreshold": 50000, "SellPricePercent": -1, "MaxStockThreshold": 5, "MinStockThreshold": 1, "QuantityConfig": 0, "SpawnAttachments": [], "Variants": [] },
SCRIPT       : VEHICLE: { "ClassName": "Tahoe_Black", "MaxPriceThreshold": 50000, "MinPriceThreshold": 50000, "SellPricePercent": -1, "MaxStockThreshold": 5, "MinStockThreshold": 1, "QuantityConfig": 0, "SpawnAttachments": [], "Variants": [] },
SCRIPT       : VEHICLE: { "ClassName": "Tahoe_Blue", "MaxPriceThreshold": 50000, "MinPriceThreshold": 50000, "SellPricePercent": -1, "MaxStockThreshold": 5, "MinStockThreshold": 1, "QuantityConfig": 0, "SpawnAttachments": [], "Variants": [] },
SCRIPT       : VEHICLE: { "ClassName": "Tahoe_Brown", "MaxPriceThreshold": 50000, "MinPriceThreshold": 50000, "SellPricePercent": -1, "MaxStockThreshold": 5, "MinStockThreshold": 1, "QuantityConfig": 0, "SpawnAttachments": [], "Variants": [] },
SCRIPT       : VEHICLE: { "ClassName": "Tahoe_DarkBlue", "MaxPriceThreshold": 50000, "MinPriceThreshold": 50000, "SellPricePercent": -1, "MaxStockThreshold": 5, "MinStockThreshold": 1, "QuantityConfig": 0, "SpawnAttachments": [], "Variants": [] },
SCRIPT       : VEHICLE: { "ClassName": "Tahoe_Green", "MaxPriceThreshold": 50000, "MinPriceThreshold": 50000, "SellPricePercent": -1, "MaxStockThreshold": 5, "MinStockThreshold": 1, "QuantityConfig": 0, "SpawnAttachments": [], "Variants": [] },
SCRIPT       : VEHICLE: { "ClassName": "Tahoe_Pink", "MaxPriceThreshold": 50000, "MinPriceThreshold": 50000, "SellPricePercent": -1, "MaxStockThreshold": 5, "MinStockThreshold": 1, "QuantityConfig": 0, "SpawnAttachments": [], "Variants": [] },
SCRIPT       : VEHICLE: { "ClassName": "Tahoe_Red", "MaxPriceThreshold": 50000, "MinPriceThreshold": 50000, "SellPricePercent": -1, "MaxStockThreshold": 5, "MinStockThreshold": 1, "QuantityConfig": 0, "SpawnAttachments": [], "Variants": [] },
SCRIPT       : PART: { "ClassName": "Runner_Wheel", "MaxPriceThreshold": 1000, "MinPriceThreshold": 1000, "SellPricePercent": 20, "MaxStockThreshold": 10, "MinStockThreshold": 1, "QuantityConfig": 0, "SpawnAttachments": [], "Variants": [] },
SCRIPT       : PART: { "ClassName": "Runner_Wheel_Destroyed", "MaxPriceThreshold": 1000, "MinPriceThreshold": 1000, "SellPricePercent": 20, "MaxStockThreshold": 10, "MinStockThreshold": 1, "QuantityConfig": 0, "SpawnAttachments": [], "Variants": [] },
SCRIPT       : PART: { "ClassName": "Runner_Trunk", "MaxPriceThreshold": 1000, "MinPriceThreshold": 1000, "SellPricePercent": 20, "MaxStockThreshold": 10, "MinStockThreshold": 1, "QuantityConfig": 0, "SpawnAttachments": [], "Variants": [] },
SCRIPT       : PART: { "ClassName": "Runner_Trunk_camowhite", "MaxPriceThreshold": 1000, "MinPriceThreshold": 1000, "SellPricePercent": 20, "MaxStockThreshold": 10, "MinStockThreshold": 1, "QuantityConfig": 0, "SpawnAttachments": [], "Variants": [] },
SCRIPT       : PART: { "ClassName": "Runner_Trunk_camogreen", "MaxPriceThreshold": 1000, "MinPriceThreshold": 1000, "SellPricePercent": 20, "MaxStockThreshold": 10, "MinStockThreshold": 1, "QuantityConfig": 0, "SpawnAttachments": [], "Variants": [] },
SCRIPT       : PART: { "ClassName": "Runner_Trunk_camoblack", "MaxPriceThreshold": 1000, "MinPriceThreshold": 1000, "SellPricePercent": 20, "MaxStockThreshold": 10, "MinStockThreshold": 1, "QuantityConfig": 0, "SpawnAttachments": [], "Variants": [] },
SCRIPT       : PART: { "ClassName": "Runner_Trunk_red", "MaxPriceThreshold": 1000, "MinPriceThreshold": 1000, "SellPricePercent": 20, "MaxStockThreshold": 10, "MinStockThreshold": 1, "QuantityConfig": 0, "SpawnAttachments": [], "Variants": [] },
SCRIPT       : PART: { "ClassName": "Runner_Trunk_white", "MaxPriceThreshold": 1000, "MinPriceThreshold": 1000, "SellPricePercent": 20, "MaxStockThreshold": 10, "MinStockThreshold": 1, "QuantityConfig": 0, "SpawnAttachments": [], "Variants": [] },
SCRIPT       : PART: { "ClassName": "Runner_Trunk_blue", "MaxPriceThreshold": 1000, "MinPriceThreshold": 1000, "SellPricePercent": 20, "MaxStockThreshold": 10, "MinStockThreshold": 1, "QuantityConfig": 0, "SpawnAttachments": [], "Variants": [] },
SCRIPT       : PART: { "ClassName": "Runner_Trunk_yellow", "MaxPriceThreshold": 1000, "MinPriceThreshold": 1000, "SellPricePercent": 20, "MaxStockThreshold": 10, "MinStockThreshold": 1, "QuantityConfig": 0, "SpawnAttachments": [], "Variants": [] },
SCRIPT       : PART: { "ClassName": "Runner_Trunk_camored", "MaxPriceThreshold": 1000, "MinPriceThreshold": 1000, "SellPricePercent": 20, "MaxStockThreshold": 10, "MinStockThreshold": 1, "QuantityConfig": 0, "SpawnAttachments": [], "Variants": [] },
SCRIPT       : PART: { "ClassName": "Runner_Trunk_camopink", "MaxPriceThreshold": 1000, "MinPriceThreshold": 1000, "SellPricePercent": 20, "MaxStockThreshold": 10, "MinStockThreshold": 1, "QuantityConfig": 0, "SpawnAttachments": [], "Variants": [] },
SCRIPT       : PART: { "ClassName": "Runner_Trunk_pink", "MaxPriceThreshold": 1000, "MinPriceThreshold": 1000, "SellPricePercent": 20, "MaxStockThreshold": 10, "MinStockThreshold": 1, "QuantityConfig": 0, "SpawnAttachments": [], "Variants": [] },
SCRIPT       : PART: { "ClassName": "Runner_Trunk_camoblue", "MaxPriceThreshold": 1000, "MinPriceThreshold": 1000, "SellPricePercent": 20, "MaxStockThreshold": 10, "MinStockThreshold": 1, "QuantityConfig": 0, "SpawnAttachments": [], "Variants": [] },
SCRIPT       : PART: { "ClassName": "Runner_Trunk_camopurple", "MaxPriceThreshold": 1000, "MinPriceThreshold": 1000, "SellPricePercent": 20, "MaxStockThreshold": 10, "MinStockThreshold": 1, "QuantityConfig": 0, "SpawnAttachments": [], "Variants": [] },
SCRIPT       : PART: { "ClassName": "Runner_Trunk_BOSS", "MaxPriceThreshold": 1000, "MinPriceThreshold": 1000, "SellPricePercent": 20, "MaxStockThreshold": 10, "MinStockThreshold": 1, "QuantityConfig": 0, "SpawnAttachments": [], "Variants": [] },
SCRIPT       : PART: { "ClassName": "Runner_CoDriver_Door", "MaxPriceThreshold": 1000, "MinPriceThreshold": 1000, "SellPricePercent": 20, "MaxStockThreshold": 10, "MinStockThreshold": 1, "QuantityConfig": 0, "SpawnAttachments": [], "Variants": [] },
SCRIPT       : PART: { "ClassName": "Runner_CoDriver_Door_camowhite", "MaxPriceThreshold": 1000, "MinPriceThreshold": 1000, "SellPricePercent": 20, "MaxStockThreshold": 10, "MinStockThreshold": 1, "QuantityConfig": 0, "SpawnAttachments": [], "Variants": [
SCRIPT       : PART: { "ClassName": "Runner_CoDriver_Door_camogreen", "MaxPriceThreshold": 1000, "MinPriceThreshold": 1000, "SellPricePercent": 20, "MaxStockThreshold": 10, "MinStockThreshold": 1, "QuantityConfig": 0, "SpawnAttachments": [], "Variants": [
SCRIPT       : PART: { "ClassName": "Runner_CoDriver_Door_camoblack", "MaxPriceThreshold": 1000, "MinPriceThreshold": 1000, "SellPricePercent": 20, "MaxStockThreshold": 10, "MinStockThreshold": 1, "QuantityConfig": 0, "SpawnAttachments": [], "Variants": [
SCRIPT       : PART: { "ClassName": "Runner_CoDriver_Door_red", "MaxPriceThreshold": 1000, "MinPriceThreshold": 1000, "SellPricePercent": 20, "MaxStockThreshold": 10, "MinStockThreshold": 1, "QuantityConfig": 0, "SpawnAttachments": [], "Variants": [] },
SCRIPT       : PART: { "ClassName": "Runner_CoDriver_Door_white", "MaxPriceThreshold": 1000, "MinPriceThreshold": 1000, "SellPricePercent": 20, "MaxStockThreshold": 10, "MinStockThreshold": 1, "QuantityConfig": 0, "SpawnAttachments": [], "Variants": [] },
SCRIPT       : PART: { "ClassName": "Runner_CoDriver_Door_blue", "MaxPriceThreshold": 1000, "MinPriceThreshold": 1000, "SellPricePercent": 20, "MaxStockThreshold": 10, "MinStockThreshold": 1, "QuantityConfig": 0, "SpawnAttachments": [], "Variants": [] },
SCRIPT       : PART: { "ClassName": "Runner_CoDriver_Door_yellow", "MaxPriceThreshold": 1000, "MinPriceThreshold": 1000, "SellPricePercent": 20, "MaxStockThreshold": 10, "MinStockThreshold": 1, "QuantityConfig": 0, "SpawnAttachments": [], "Variants": [] }
SCRIPT       : PART: { "ClassName": "Runner_CoDriver_Door_camored", "MaxPriceThreshold": 1000, "MinPriceThreshold": 1000, "SellPricePercent": 20, "MaxStockThreshold": 10, "MinStockThreshold": 1, "QuantityConfig": 0, "SpawnAttachments": [], "Variants": [] 
SCRIPT       : PART: { "ClassName": "Runner_CoDriver_Door_camopink", "MaxPriceThreshold": 1000, "MinPriceThreshold": 1000, "SellPricePercent": 20, "MaxStockThreshold": 10, "MinStockThreshold": 1, "QuantityConfig": 0, "SpawnAttachments": [], "Variants": []
SCRIPT       : PART: { "ClassName": "Runner_CoDriver_Door_pink", "MaxPriceThreshold": 1000, "MinPriceThreshold": 1000, "SellPricePercent": 20, "MaxStockThreshold": 10, "MinStockThreshold": 1, "QuantityConfig": 0, "SpawnAttachments": [], "Variants": [] },
SCRIPT       : PART: { "ClassName": "Runner_CoDriver_Door_camoblue", "MaxPriceThreshold": 1000, "MinPriceThreshold": 1000, "SellPricePercent": 20, "MaxStockThreshold": 10, "MinStockThreshold": 1, "QuantityConfig": 0, "SpawnAttachments": [], "Variants": []
SCRIPT       : PART: { "ClassName": "Runner_CoDriver_Door_camopurple", "MaxPriceThreshold": 1000, "MinPriceThreshold": 1000, "SellPricePercent": 20, "MaxStockThreshold": 10, "MinStockThreshold": 1, "QuantityConfig": 0, "SpawnAttachments": [], "Variants": 
SCRIPT       : PART: { "ClassName": "Runner_CoDriver_Door_BOSS", "MaxPriceThreshold": 1000, "MinPriceThreshold": 1000, "SellPricePercent": 20, "MaxStockThreshold": 10, "MinStockThreshold": 1, "QuantityConfig": 0, "SpawnAttachments": [], "Variants": [] },
SCRIPT       : PART: { "ClassName": "Runner_Hood", "MaxPriceThreshold": 1000, "MinPriceThreshold": 1000, "SellPricePercent": 20, "MaxStockThreshold": 10, "MinStockThreshold": 1, "QuantityConfig": 0, "SpawnAttachments": [], "Variants": [] },
SCRIPT       : PART: { "ClassName": "Runner_Hood_camowhite", "MaxPriceThreshold": 1000, "MinPriceThreshold": 1000, "SellPricePercent": 20, "MaxStockThreshold": 10, "MinStockThreshold": 1, "QuantityConfig": 0, "SpawnAttachments": [], "Variants": [] },
SCRIPT       : PART: { "ClassName": "Runner_Hood_camogreen", "MaxPriceThreshold": 1000, "MinPriceThreshold": 1000, "SellPricePercent": 20, "MaxStockThreshold": 10, "MinStockThreshold": 1, "QuantityConfig": 0, "SpawnAttachments": [], "Variants": [] },
SCRIPT       : PART: { "ClassName": "Runner_Hood_camoblack", "MaxPriceThreshold": 1000, "MinPriceThreshold": 1000, "SellPricePercent": 20, "MaxStockThreshold": 10, "MinStockThreshold": 1, "QuantityConfig": 0, "SpawnAttachments": [], "Variants": [] },
SCRIPT       : PART: { "ClassName": "Runner_Hood_red", "MaxPriceThreshold": 1000, "MinPriceThreshold": 1000, "SellPricePercent": 20, "MaxStockThreshold": 10, "MinStockThreshold": 1, "QuantityConfig": 0, "SpawnAttachments": [], "Variants": [] },
SCRIPT       : PART: { "ClassName": "Runner_Hood_white", "MaxPriceThreshold": 1000, "MinPriceThreshold": 1000, "SellPricePercent": 20, "MaxStockThreshold": 10, "MinStockThreshold": 1, "QuantityConfig": 0, "SpawnAttachments": [], "Variants": [] },
SCRIPT       : PART: { "ClassName": "Runner_Hood_blue", "MaxPriceThreshold": 1000, "MinPriceThreshold": 1000, "SellPricePercent": 20, "MaxStockThreshold": 10, "MinStockThreshold": 1, "QuantityConfig": 0, "SpawnAttachments": [], "Variants": [] },
SCRIPT       : PART: { "ClassName": "Runner_Hood_yellow", "MaxPriceThreshold": 1000, "MinPriceThreshold": 1000, "SellPricePercent": 20, "MaxStockThreshold": 10, "MinStockThreshold": 1, "QuantityConfig": 0, "SpawnAttachments": [], "Variants": [] },
SCRIPT       : PART: { "ClassName": "Runner_Hood_camored", "MaxPriceThreshold": 1000, "MinPriceThreshold": 1000, "SellPricePercent": 20, "MaxStockThreshold": 10, "MinStockThreshold": 1, "QuantityConfig": 0, "SpawnAttachments": [], "Variants": [] },
SCRIPT       : PART: { "ClassName": "Runner_Hood_camopink", "MaxPriceThreshold": 1000, "MinPriceThreshold": 1000, "SellPricePercent": 20, "MaxStockThreshold": 10, "MinStockThreshold": 1, "QuantityConfig": 0, "SpawnAttachments": [], "Variants": [] },
SCRIPT       : PART: { "ClassName": "Runner_Hood_pink", "MaxPriceThreshold": 1000, "MinPriceThreshold": 1000, "SellPricePercent": 20, "MaxStockThreshold": 10, "MinStockThreshold": 1, "QuantityConfig": 0, "SpawnAttachments": [], "Variants": [] },
SCRIPT       : PART: { "ClassName": "Runner_Hood_camoblue", "MaxPriceThreshold": 1000, "MinPriceThreshold": 1000, "SellPricePercent": 20, "MaxStockThreshold": 10, "MinStockThreshold": 1, "QuantityConfig": 0, "SpawnAttachments": [], "Variants": [] },
SCRIPT       : PART: { "ClassName": "Runner_Hood_camopurple", "MaxPriceThreshold": 1000, "MinPriceThreshold": 1000, "SellPricePercent": 20, "MaxStockThreshold": 10, "MinStockThreshold": 1, "QuantityConfig": 0, "SpawnAttachments": [], "Variants": [] },
SCRIPT       : PART: { "ClassName": "Runner_Hood_BOSS", "MaxPriceThreshold": 1000, "MinPriceThreshold": 1000, "SellPricePercent": 20, "MaxStockThreshold": 10, "MinStockThreshold": 1, "QuantityConfig": 0, "SpawnAttachments": [], "Variants": [] },
SCRIPT       : VEHICLE: { "ClassName": "ToyotaRunner_Black", "MaxPriceThreshold": 50000, "MinPriceThreshold": 50000, "SellPricePercent": -1, "MaxStockThreshold": 5, "MinStockThreshold": 1, "QuantityConfig": 0, "SpawnAttachments": [], "Variants": [] },
SCRIPT       : VEHICLE: { "ClassName": "ToyotaRunner_camoblack", "MaxPriceThreshold": 50000, "MinPriceThreshold": 50000, "SellPricePercent": -1, "MaxStockThreshold": 5, "MinStockThreshold": 1, "QuantityConfig": 0, "SpawnAttachments": [], "Variants": [] },
SCRIPT       : VEHICLE: { "ClassName": "ToyotaRunner_camopurple", "MaxPriceThreshold": 50000, "MinPriceThreshold": 50000, "SellPricePercent": -1, "MaxStockThreshold": 5, "MinStockThreshold": 1, "QuantityConfig": 0, "SpawnAttachments": [], "Variants": [] }
SCRIPT       : VEHICLE: { "ClassName": "ToyotaRunner_camogreen", "MaxPriceThreshold": 50000, "MinPriceThreshold": 50000, "SellPricePercent": -1, "MaxStockThreshold": 5, "MinStockThreshold": 1, "QuantityConfig": 0, "SpawnAttachments": [], "Variants": [] },
SCRIPT       : VEHICLE: { "ClassName": "ToyotaRunner_camowhite", "MaxPriceThreshold": 50000, "MinPriceThreshold": 50000, "SellPricePercent": -1, "MaxStockThreshold": 5, "MinStockThreshold": 1, "QuantityConfig": 0, "SpawnAttachments": [], "Variants": [] },
SCRIPT       : VEHICLE: { "ClassName": "ToyotaRunner_white", "MaxPriceThreshold": 50000, "MinPriceThreshold": 50000, "SellPricePercent": -1, "MaxStockThreshold": 5, "MinStockThreshold": 1, "QuantityConfig": 0, "SpawnAttachments": [], "Variants": [] },
SCRIPT       : VEHICLE: { "ClassName": "ToyotaRunner_BOSS", "MaxPriceThreshold": 50000, "MinPriceThreshold": 50000, "SellPricePercent": -1, "MaxStockThreshold": 5, "MinStockThreshold": 1, "QuantityConfig": 0, "SpawnAttachments": [], "Variants": [] },
SCRIPT       : VEHICLE: { "ClassName": "ToyotaRunner_blue", "MaxPriceThreshold": 50000, "MinPriceThreshold": 50000, "SellPricePercent": -1, "MaxStockThreshold": 5, "MinStockThreshold": 1, "QuantityConfig": 0, "SpawnAttachments": [], "Variants": [] },
SCRIPT       : VEHICLE: { "ClassName": "ToyotaRunner_red", "MaxPriceThreshold": 50000, "MinPriceThreshold": 50000, "SellPricePercent": -1, "MaxStockThreshold": 5, "MinStockThreshold": 1, "QuantityConfig": 0, "SpawnAttachments": [], "Variants": [] },
SCRIPT       : VEHICLE: { "ClassName": "ToyotaRunner_yellow", "MaxPriceThreshold": 50000, "MinPriceThreshold": 50000, "SellPricePercent": -1, "MaxStockThreshold": 5, "MinStockThreshold": 1, "QuantityConfig": 0, "SpawnAttachments": [], "Variants": [] },
SCRIPT       : VEHICLE: { "ClassName": "ToyotaRunner_pink", "MaxPriceThreshold": 50000, "MinPriceThreshold": 50000, "SellPricePercent": -1, "MaxStockThreshold": 5, "MinStockThreshold": 1, "QuantityConfig": 0, "SpawnAttachments": [], "Variants": [] },
SCRIPT       : VEHICLE: { "ClassName": "ToyotaRunner_camored", "MaxPriceThreshold": 50000, "MinPriceThreshold": 50000, "SellPricePercent": -1, "MaxStockThreshold": 5, "MinStockThreshold": 1, "QuantityConfig": 0, "SpawnAttachments": [], "Variants": [] },
SCRIPT       : VEHICLE: { "ClassName": "ToyotaRunner_camopink", "MaxPriceThreshold": 50000, "MinPriceThreshold": 50000, "SellPricePercent": -1, "MaxStockThreshold": 5, "MinStockThreshold": 1, "QuantityConfig": 0, "SpawnAttachments": [], "Variants": [] },
SCRIPT       : VEHICLE: { "ClassName": "ToyotaRunner_camoblue", "MaxPriceThreshold": 50000, "MinPriceThreshold": 50000, "SellPricePercent": -1, "MaxStockThreshold": 5, "MinStockThreshold": 1, "QuantityConfig": 0, "SpawnAttachments": [], "Variants": [] },
SCRIPT       : PART: { "ClassName": "Shabby_Hoodie_Grey", "MaxPriceThreshold": 1000, "MinPriceThreshold": 1000, "SellPricePercent": 20, "MaxStockThreshold": 10, "MinStockThreshold": 1, "QuantityConfig": 0, "SpawnAttachments": [], "Variants": [] },
SCRIPT       : PART: { "ClassName": "Shabby_Hoodie_Black", "MaxPriceThreshold": 1000, "MinPriceThreshold": 1000, "SellPricePercent": 20, "MaxStockThreshold": 10, "MinStockThreshold": 1, "QuantityConfig": 0, "SpawnAttachments": [], "Variants": [] },
SCRIPT       : PART: { "ClassName": "Shabby_Hoodie_Blue", "MaxPriceThreshold": 1000, "MinPriceThreshold": 1000, "SellPricePercent": 20, "MaxStockThreshold": 10, "MinStockThreshold": 1, "QuantityConfig": 0, "SpawnAttachments": [], "Variants": [] },
SCRIPT       : PART: { "ClassName": "Shabby_Hoodie_Brown", "MaxPriceThreshold": 1000, "MinPriceThreshold": 1000, "SellPricePercent": 20, "MaxStockThreshold": 10, "MinStockThreshold": 1, "QuantityConfig": 0, "SpawnAttachments": [], "Variants": [] },
SCRIPT       : PART: { "ClassName": "Shabby_Hoodie_Green", "MaxPriceThreshold": 1000, "MinPriceThreshold": 1000, "SellPricePercent": 20, "MaxStockThreshold": 10, "MinStockThreshold": 1, "QuantityConfig": 0, "SpawnAttachments": [], "Variants": [] },
SCRIPT       : PART: { "ClassName": "Shabby_Hoodie_Red", "MaxPriceThreshold": 1000, "MinPriceThreshold": 1000, "SellPricePercent": 20, "MaxStockThreshold": 10, "MinStockThreshold": 1, "QuantityConfig": 0, "SpawnAttachments": [], "Variants": [] },
SCRIPT       : PART: { "ClassName": "Shabby_Hoodie_Calligraphy", "MaxPriceThreshold": 1000, "MinPriceThreshold": 1000, "SellPricePercent": 20, "MaxStockThreshold": 10, "MinStockThreshold": 1, "QuantityConfig": 0, "SpawnAttachments": [], "Variants": [] },
SCRIPT       : PART: { "ClassName": "Audi_RS6_ABT_Wheel", "MaxPriceThreshold": 1000, "MinPriceThreshold": 1000, "SellPricePercent": 20, "MaxStockThreshold": 10, "MinStockThreshold": 1, "QuantityConfig": 0, "SpawnAttachments": [], "Variants": [] },
SCRIPT       : PART: { "ClassName": "Audi_RS6_ABT_Wheel_Destroyed", "MaxPriceThreshold": 1000, "MinPriceThreshold": 1000, "SellPricePercent": 20, "MaxStockThreshold": 10, "MinStockThreshold": 1, "QuantityConfig": 0, "SpawnAttachments": [], "Variants": [] 
SCRIPT       : PART: { "ClassName": "Audi_RS6_ABT_Trunk", "MaxPriceThreshold": 1000, "MinPriceThreshold": 1000, "SellPricePercent": 20, "MaxStockThreshold": 10, "MinStockThreshold": 1, "QuantityConfig": 0, "SpawnAttachments": [], "Variants": [] },
SCRIPT       : PART: { "ClassName": "Audi_RS6_ABT_Hood", "MaxPriceThreshold": 1000, "MinPriceThreshold": 1000, "SellPricePercent": 20, "MaxStockThreshold": 10, "MinStockThreshold": 1, "QuantityConfig": 0, "SpawnAttachments": [], "Variants": [] },
SCRIPT       : VEHICLE: { "ClassName": "Audi_RS6_ABT_White", "MaxPriceThreshold": 50000, "MinPriceThreshold": 50000, "SellPricePercent": -1, "MaxStockThreshold": 5, "MinStockThreshold": 1, "QuantityConfig": 0, "SpawnAttachments": [], "Variants": [] },
SCRIPT       : VEHICLE: { "ClassName": "Audi_RS6_ABT_Red", "MaxPriceThreshold": 50000, "MinPriceThreshold": 50000, "SellPricePercent": -1, "MaxStockThreshold": 5, "MinStockThreshold": 1, "QuantityConfig": 0, "SpawnAttachments": [], "Variants": [] },
SCRIPT       : PART: { "ClassName": "Audi_RS6_ABT_Hood_Red", "MaxPriceThreshold": 1000, "MinPriceThreshold": 1000, "SellPricePercent": 20, "MaxStockThreshold": 10, "MinStockThreshold": 1, "QuantityConfig": 0, "SpawnAttachments": [], "Variants": [] },
SCRIPT       : PART: { "ClassName": "Audi_RS6_ABT_Trunk_Red", "MaxPriceThreshold": 1000, "MinPriceThreshold": 1000, "SellPricePercent": 20, "MaxStockThreshold": 10, "MinStockThreshold": 1, "QuantityConfig": 0, "SpawnAttachments": [], "Variants": [] },
SCRIPT       : VEHICLE: { "ClassName": "Audi_RS6_ABT_Blue", "MaxPriceThreshold": 50000, "MinPriceThreshold": 50000, "SellPricePercent": -1, "MaxStockThreshold": 5, "MinStockThreshold": 1, "QuantityConfig": 0, "SpawnAttachments": [], "Variants": [] },
SCRIPT       : PART: { "ClassName": "Audi_RS6_ABT_Hood_Blue", "MaxPriceThreshold": 1000, "MinPriceThreshold": 1000, "SellPricePercent": 20, "MaxStockThreshold": 10, "MinStockThreshold": 1, "QuantityConfig": 0, "SpawnAttachments": [], "Variants": [] },
SCRIPT       : PART: { "ClassName": "Audi_RS6_ABT_Trunk_Blue", "MaxPriceThreshold": 1000, "MinPriceThreshold": 1000, "SellPricePercent": 20, "MaxStockThreshold": 10, "MinStockThreshold": 1, "QuantityConfig": 0, "SpawnAttachments": [], "Variants": [] },
SCRIPT       : VEHICLE: { "ClassName": "Audi_RS6_ABT_Yellow", "MaxPriceThreshold": 50000, "MinPriceThreshold": 50000, "SellPricePercent": -1, "MaxStockThreshold": 5, "MinStockThreshold": 1, "QuantityConfig": 0, "SpawnAttachments": [], "Variants": [] },
SCRIPT       : PART: { "ClassName": "Audi_RS6_ABT_Hood_Yellow", "MaxPriceThreshold": 1000, "MinPriceThreshold": 1000, "SellPricePercent": 20, "MaxStockThreshold": 10, "MinStockThreshold": 1, "QuantityConfig": 0, "SpawnAttachments": [], "Variants": [] },
SCRIPT       : PART: { "ClassName": "Audi_RS6_ABT_Trunk_Yellow", "MaxPriceThreshold": 1000, "MinPriceThreshold": 1000, "SellPricePercent": 20, "MaxStockThreshold": 10, "MinStockThreshold": 1, "QuantityConfig": 0, "SpawnAttachments": [], "Variants": [] },
SCRIPT       : VEHICLE: { "ClassName": "Audi_RS6_ABT_Green", "MaxPriceThreshold": 50000, "MinPriceThreshold": 50000, "SellPricePercent": -1, "MaxStockThreshold": 5, "MinStockThreshold": 1, "QuantityConfig": 0, "SpawnAttachments": [], "Variants": [] },
SCRIPT       : PART: { "ClassName": "Audi_RS6_ABT_Hood_Green", "MaxPriceThreshold": 1000, "MinPriceThreshold": 1000, "SellPricePercent": 20, "MaxStockThreshold": 10, "MinStockThreshold": 1, "QuantityConfig": 0, "SpawnAttachments": [], "Variants": [] },
SCRIPT       : PART: { "ClassName": "Audi_RS6_ABT_Trunk_Green", "MaxPriceThreshold": 1000, "MinPriceThreshold": 1000, "SellPricePercent": 20, "MaxStockThreshold": 10, "MinStockThreshold": 1, "QuantityConfig": 0, "SpawnAttachments": [], "Variants": [] },
SCRIPT       : VEHICLE: { "ClassName": "Audi_RS6_ABT_Pink", "MaxPriceThreshold": 50000, "MinPriceThreshold": 50000, "SellPricePercent": -1, "MaxStockThreshold": 5, "MinStockThreshold": 1, "QuantityConfig": 0, "SpawnAttachments": [], "Variants": [] },
SCRIPT       : PART: { "ClassName": "Audi_RS6_ABT_Hood_Pink", "MaxPriceThreshold": 1000, "MinPriceThreshold": 1000, "SellPricePercent": 20, "MaxStockThreshold": 10, "MinStockThreshold": 1, "QuantityConfig": 0, "SpawnAttachments": [], "Variants": [] },
SCRIPT       : PART: { "ClassName": "Audi_RS6_ABT_Trunk_Pink", "MaxPriceThreshold": 1000, "MinPriceThreshold": 1000, "SellPricePercent": 20, "MaxStockThreshold": 10, "MinStockThreshold": 1, "QuantityConfig": 0, "SpawnAttachments": [], "Variants": [] },
SCRIPT       : VEHICLE: { "ClassName": "Audi_RS6_ABT_Teal", "MaxPriceThreshold": 50000, "MinPriceThreshold": 50000, "SellPricePercent": -1, "MaxStockThreshold": 5, "MinStockThreshold": 1, "QuantityConfig": 0, "SpawnAttachments": [], "Variants": [] },
SCRIPT       : PART: { "ClassName": "Audi_RS6_ABT_Hood_Teal", "MaxPriceThreshold": 1000, "MinPriceThreshold": 1000, "SellPricePercent": 20, "MaxStockThreshold": 10, "MinStockThreshold": 1, "QuantityConfig": 0, "SpawnAttachments": [], "Variants": [] },
SCRIPT       : PART: { "ClassName": "Audi_RS6_ABT_Trunk_Teal", "MaxPriceThreshold": 1000, "MinPriceThreshold": 1000, "SellPricePercent": 20, "MaxStockThreshold": 10, "MinStockThreshold": 1, "QuantityConfig": 0, "SpawnAttachments": [], "Variants": [] },
SCRIPT       : VEHICLE: { "ClassName": "Audi_RS6_ABT_MidNightBlue", "MaxPriceThreshold": 50000, "MinPriceThreshold": 50000, "SellPricePercent": -1, "MaxStockThreshold": 5, "MinStockThreshold": 1, "QuantityConfig": 0, "SpawnAttachments": [], "Variants": []
SCRIPT       : PART: { "ClassName": "Audi_RS6_ABT_Hood_MidNightBlue", "MaxPriceThreshold": 1000, "MinPriceThreshold": 1000, "SellPricePercent": 20, "MaxStockThreshold": 10, "MinStockThreshold": 1, "QuantityConfig": 0, "SpawnAttachments": [], "Variants": [
SCRIPT       : PART: { "ClassName": "Audi_RS6_ABT_Trunk_MidNightBlue", "MaxPriceThreshold": 1000, "MinPriceThreshold": 1000, "SellPricePercent": 20, "MaxStockThreshold": 10, "MinStockThreshold": 1, "QuantityConfig": 0, "SpawnAttachments": [], "Variants": 
SCRIPT       : VEHICLE: { "ClassName": "Audi_RS6_ABT_Black", "MaxPriceThreshold": 50000, "MinPriceThreshold": 50000, "SellPricePercent": -1, "MaxStockThreshold": 5, "MinStockThreshold": 1, "QuantityConfig": 0, "SpawnAttachments": [], "Variants": [] },
SCRIPT       : PART: { "ClassName": "Audi_RS6_ABT_Hood_Black", "MaxPriceThreshold": 1000, "MinPriceThreshold": 1000, "SellPricePercent": 20, "MaxStockThreshold": 10, "MinStockThreshold": 1, "QuantityConfig": 0, "SpawnAttachments": [], "Variants": [] },
SCRIPT       : PART: { "ClassName": "Audi_RS6_ABT_Trunk_Black", "MaxPriceThreshold": 1000, "MinPriceThreshold": 1000, "SellPricePercent": 20, "MaxStockThreshold": 10, "MinStockThreshold": 1, "QuantityConfig": 0, "SpawnAttachments": [], "Variants": [] },
SCRIPT       : VEHICLE: { "ClassName": "ExpansionBus", "MaxPriceThreshold": 50000, "MinPriceThreshold": 50000, "SellPricePercent": -1, "MaxStockThreshold": 5, "MinStockThreshold": 1, "QuantityConfig": 0, "SpawnAttachments": [], "Variants": [] },
SCRIPT       : VEHICLE: { "ClassName": "ExpansionBus_Blue", "MaxPriceThreshold": 50000, "MinPriceThreshold": 50000, "SellPricePercent": -1, "MaxStockThreshold": 5, "MinStockThreshold": 1, "QuantityConfig": 0, "SpawnAttachments": [], "Variants": [] },
SCRIPT       : VEHICLE: { "ClassName": "ExpansionBus_Weeb", "MaxPriceThreshold": 50000, "MinPriceThreshold": 50000, "SellPricePercent": -1, "MaxStockThreshold": 5, "MinStockThreshold": 1, "QuantityConfig": 0, "SpawnAttachments": [], "Variants": [] },
SCRIPT       : VEHICLE: { "ClassName": "ExpansionBus_Red", "MaxPriceThreshold": 50000, "MinPriceThreshold": 50000, "SellPricePercent": -1, "MaxStockThreshold": 5, "MinStockThreshold": 1, "QuantityConfig": 0, "SpawnAttachments": [], "Variants": [] },
SCRIPT       : VEHICLE: { "ClassName": "CivilianSedan_White", "MaxPriceThreshold": 50000, "MinPriceThreshold": 50000, "SellPricePercent": -1, "MaxStockThreshold": 5, "MinStockThreshold": 1, "QuantityConfig": 0, "SpawnAttachments": [], "Variants": [] },
SCRIPT       : VEHICLE: { "ClassName": "CivilianSedan_Police", "MaxPriceThreshold": 50000, "MinPriceThreshold": 50000, "SellPricePercent": -1, "MaxStockThreshold": 5, "MinStockThreshold": 1, "QuantityConfig": 0, "SpawnAttachments": [], "Variants": [] },
SCRIPT       : VEHICLE: { "ClassName": "CivilianSedan_Lime", "MaxPriceThreshold": 50000, "MinPriceThreshold": 50000, "SellPricePercent": -1, "MaxStockThreshold": 5, "MinStockThreshold": 1, "QuantityConfig": 0, "SpawnAttachments": [], "Variants": [] },
SCRIPT       : VEHICLE: { "ClassName": "Hatchback_02_Red", "MaxPriceThreshold": 50000, "MinPriceThreshold": 50000, "SellPricePercent": -1, "MaxStockThreshold": 5, "MinStockThreshold": 1, "QuantityConfig": 0, "SpawnAttachments": [], "Variants": [] },
SCRIPT       : PART: { "ClassName": "Hatchback_02_Door_1_1_Red", "MaxPriceThreshold": 1000, "MinPriceThreshold": 1000, "SellPricePercent": 20, "MaxStockThreshold": 10, "MinStockThreshold": 1, "QuantityConfig": 0, "SpawnAttachments": [], "Variants": [] },
SCRIPT       : PART: { "ClassName": "Hatchback_02_Door_1_2_Red", "MaxPriceThreshold": 1000, "MinPriceThreshold": 1000, "SellPricePercent": 20, "MaxStockThreshold": 10, "MinStockThreshold": 1, "QuantityConfig": 0, "SpawnAttachments": [], "Variants": [] },
SCRIPT       : PART: { "ClassName": "Hatchback_02_Door_2_1_Red", "MaxPriceThreshold": 1000, "MinPriceThreshold": 1000, "SellPricePercent": 20, "MaxStockThreshold": 10, "MinStockThreshold": 1, "QuantityConfig": 0, "SpawnAttachments": [], "Variants": [] },
SCRIPT       : PART: { "ClassName": "Hatchback_02_Door_2_2_Red", "MaxPriceThreshold": 1000, "MinPriceThreshold": 1000, "SellPricePercent": 20, "MaxStockThreshold": 10, "MinStockThreshold": 1, "QuantityConfig": 0, "SpawnAttachments": [], "Variants": [] },
SCRIPT       : PART: { "ClassName": "Hatchback_02_Hood_Red", "MaxPriceThreshold": 1000, "MinPriceThreshold": 1000, "SellPricePercent": 20, "MaxStockThreshold": 10, "MinStockThreshold": 1, "QuantityConfig": 0, "SpawnAttachments": [], "Variants": [] },
SCRIPT       : PART: { "ClassName": "Hatchback_02_Trunk_Red", "MaxPriceThreshold": 1000, "MinPriceThreshold": 1000, "SellPricePercent": 20, "MaxStockThreshold": 10, "MinStockThreshold": 1, "QuantityConfig": 0, "SpawnAttachments": [], "Variants": [] },
SCRIPT       : VEHICLE: { "ClassName": "Hatchback_02_RedRust", "MaxPriceThreshold": 50000, "MinPriceThreshold": 50000, "SellPricePercent": -1, "MaxStockThreshold": 5, "MinStockThreshold": 1, "QuantityConfig": 0, "SpawnAttachments": [], "Variants": [] },
SCRIPT       : VEHICLE: { "ClassName": "Hatchback_02_BlackRust", "MaxPriceThreshold": 50000, "MinPriceThreshold": 50000, "SellPricePercent": -1, "MaxStockThreshold": 5, "MinStockThreshold": 1, "QuantityConfig": 0, "SpawnAttachments": [], "Variants": [] },
SCRIPT       : VEHICLE: { "ClassName": "Hatchback_02_BlueRust", "MaxPriceThreshold": 50000, "MinPriceThreshold": 50000, "SellPricePercent": -1, "MaxStockThreshold": 5, "MinStockThreshold": 1, "QuantityConfig": 0, "SpawnAttachments": [], "Variants": [] },
SCRIPT       : VEHICLE: { "ClassName": "Hatchback_02_BanditKitty", "MaxPriceThreshold": 50000, "MinPriceThreshold": 50000, "SellPricePercent": -1, "MaxStockThreshold": 5, "MinStockThreshold": 1, "QuantityConfig": 0, "SpawnAttachments": [], "Variants": [] 
SCRIPT       : PART: { "ClassName": "Hatchback_02_Door_1_1_BanditKitty", "MaxPriceThreshold": 1000, "MinPriceThreshold": 1000, "SellPricePercent": 20, "MaxStockThreshold": 10, "MinStockThreshold": 1, "QuantityConfig": 0, "SpawnAttachments": [], "Variants"
SCRIPT       : PART: { "ClassName": "Hatchback_02_Door_1_2_BanditKitty", "MaxPriceThreshold": 1000, "MinPriceThreshold": 1000, "SellPricePercent": 20, "MaxStockThreshold": 10, "MinStockThreshold": 1, "QuantityConfig": 0, "SpawnAttachments": [], "Variants"
SCRIPT       : PART: { "ClassName": "Hatchback_02_Door_2_1_BanditKitty", "MaxPriceThreshold": 1000, "MinPriceThreshold": 1000, "SellPricePercent": 20, "MaxStockThreshold": 10, "MinStockThreshold": 1, "QuantityConfig": 0, "SpawnAttachments": [], "Variants"
SCRIPT       : PART: { "ClassName": "Hatchback_02_Door_2_2_BanditKitty", "MaxPriceThreshold": 1000, "MinPriceThreshold": 1000, "SellPricePercent": 20, "MaxStockThreshold": 10, "MinStockThreshold": 1, "QuantityConfig": 0, "SpawnAttachments": [], "Variants"
SCRIPT       : PART: { "ClassName": "Hatchback_02_Hood_BanditKitty", "MaxPriceThreshold": 1000, "MinPriceThreshold": 1000, "SellPricePercent": 20, "MaxStockThreshold": 10, "MinStockThreshold": 1, "QuantityConfig": 0, "SpawnAttachments": [], "Variants": []
SCRIPT       : PART: { "ClassName": "Hatchback_02_Trunk_BanditKitty", "MaxPriceThreshold": 1000, "MinPriceThreshold": 1000, "SellPricePercent": 20, "MaxStockThreshold": 10, "MinStockThreshold": 1, "QuantityConfig": 0, "SpawnAttachments": [], "Variants": [
SCRIPT       : PART: { "ClassName": "Expansion_Landrover_Trunk", "MaxPriceThreshold": 1000, "MinPriceThreshold": 1000, "SellPricePercent": 20, "MaxStockThreshold": 10, "MinStockThreshold": 1, "QuantityConfig": 0, "SpawnAttachments": [], "Variants": [] },
SCRIPT       : PART: { "ClassName": "Expansion_Landrover_Hood", "MaxPriceThreshold": 1000, "MinPriceThreshold": 1000, "SellPricePercent": 20, "MaxStockThreshold": 10, "MinStockThreshold": 1, "QuantityConfig": 0, "SpawnAttachments": [], "Variants": [] },
SCRIPT       : PART: { "ClassName": "Expansion_Landrover_Wheel", "MaxPriceThreshold": 1000, "MinPriceThreshold": 1000, "SellPricePercent": 20, "MaxStockThreshold": 10, "MinStockThreshold": 1, "QuantityConfig": 0, "SpawnAttachments": [], "Variants": [] },
SCRIPT       : PART: { "ClassName": "Expansion_Landrover_Wheel_Ruined", "MaxPriceThreshold": 1000, "MinPriceThreshold": 1000, "SellPricePercent": 20, "MaxStockThreshold": 10, "MinStockThreshold": 1, "QuantityConfig": 0, "SpawnAttachments": [], "Variants":
SCRIPT       : VEHICLE: { "ClassName": "Expansion_Landrover", "MaxPriceThreshold": 50000, "MinPriceThreshold": 50000, "SellPricePercent": -1, "MaxStockThreshold": 5, "MinStockThreshold": 1, "QuantityConfig": 0, "SpawnAttachments": [], "Variants": [] },
SCRIPT       : VEHICLE: { "ClassName": "Expansion_Landrover_Yellow", "MaxPriceThreshold": 50000, "MinPriceThreshold": 50000, "SellPricePercent": -1, "MaxStockThreshold": 5, "MinStockThreshold": 1, "QuantityConfig": 0, "SpawnAttachments": [], "Variants": [
SCRIPT       : PART: { "ClassName": "Expansion_Landrover_Trunk_Yellow", "MaxPriceThreshold": 1000, "MinPriceThreshold": 1000, "SellPricePercent": 20, "MaxStockThreshold": 10, "MinStockThreshold": 1, "QuantityConfig": 0, "SpawnAttachments": [], "Variants":
SCRIPT       : PART: { "ClassName": "Expansion_Landrover_Hood_Yellow", "MaxPriceThreshold": 1000, "MinPriceThreshold": 1000, "SellPricePercent": 20, "MaxStockThreshold": 10, "MinStockThreshold": 1, "QuantityConfig": 0, "SpawnAttachments": [], "Variants": 
SCRIPT       : PART: { "ClassName": "Expansion_Landrover_Wheel_Yellow", "MaxPriceThreshold": 1000, "MinPriceThreshold": 1000, "SellPricePercent": 20, "MaxStockThreshold": 10, "MinStockThreshold": 1, "QuantityConfig": 0, "SpawnAttachments": [], "Variants":
SCRIPT       : VEHICLE: { "ClassName": "Expansion_Landrover_Green", "MaxPriceThreshold": 50000, "MinPriceThreshold": 50000, "SellPricePercent": -1, "MaxStockThreshold": 5, "MinStockThreshold": 1, "QuantityConfig": 0, "SpawnAttachments": [], "Variants": []
SCRIPT       : PART: { "ClassName": "Expansion_Landrover_Trunk_Green", "MaxPriceThreshold": 1000, "MinPriceThreshold": 1000, "SellPricePercent": 20, "MaxStockThreshold": 10, "MinStockThreshold": 1, "QuantityConfig": 0, "SpawnAttachments": [], "Variants": 
SCRIPT       : PART: { "ClassName": "Expansion_Landrover_Hood_Green", "MaxPriceThreshold": 1000, "MinPriceThreshold": 1000, "SellPricePercent": 20, "MaxStockThreshold": 10, "MinStockThreshold": 1, "QuantityConfig": 0, "SpawnAttachments": [], "Variants": [
SCRIPT       : PART: { "ClassName": "Expansion_Landrover_Wheel_Green", "MaxPriceThreshold": 1000, "MinPriceThreshold": 1000, "SellPricePercent": 20, "MaxStockThreshold": 10, "MinStockThreshold": 1, "QuantityConfig": 0, "SpawnAttachments": [], "Variants": 
SCRIPT       : VEHICLE: { "ClassName": "Expansion_Landrover_Red", "MaxPriceThreshold": 50000, "MinPriceThreshold": 50000, "SellPricePercent": -1, "MaxStockThreshold": 5, "MinStockThreshold": 1, "QuantityConfig": 0, "SpawnAttachments": [], "Variants": [] }
SCRIPT       : PART: { "ClassName": "Expansion_Landrover_Trunk_Red", "MaxPriceThreshold": 1000, "MinPriceThreshold": 1000, "SellPricePercent": 20, "MaxStockThreshold": 10, "MinStockThreshold": 1, "QuantityConfig": 0, "SpawnAttachments": [], "Variants": []
SCRIPT       : PART: { "ClassName": "Expansion_Landrover_Hood_Red", "MaxPriceThreshold": 1000, "MinPriceThreshold": 1000, "SellPricePercent": 20, "MaxStockThreshold": 10, "MinStockThreshold": 1, "QuantityConfig": 0, "SpawnAttachments": [], "Variants": [] 
SCRIPT       : PART: { "ClassName": "Expansion_Landrover_Wheel_Red", "MaxPriceThreshold": 1000, "MinPriceThreshold": 1000, "SellPricePercent": 20, "MaxStockThreshold": 10, "MinStockThreshold": 1, "QuantityConfig": 0, "SpawnAttachments": [], "Variants": []
SCRIPT       : VEHICLE: { "ClassName": "Expansion_Landrover_Grey", "MaxPriceThreshold": 50000, "MinPriceThreshold": 50000, "SellPricePercent": -1, "MaxStockThreshold": 5, "MinStockThreshold": 1, "QuantityConfig": 0, "SpawnAttachments": [], "Variants": [] 
SCRIPT       : PART: { "ClassName": "Expansion_Landrover_Trunk_Grey", "MaxPriceThreshold": 1000, "MinPriceThreshold": 1000, "SellPricePercent": 20, "MaxStockThreshold": 10, "MinStockThreshold": 1, "QuantityConfig": 0, "SpawnAttachments": [], "Variants": [
SCRIPT       : PART: { "ClassName": "Expansion_Landrover_Hood_Grey", "MaxPriceThreshold": 1000, "MinPriceThreshold": 1000, "SellPricePercent": 20, "MaxStockThreshold": 10, "MinStockThreshold": 1, "QuantityConfig": 0, "SpawnAttachments": [], "Variants": []
SCRIPT       : PART: { "ClassName": "Expansion_Landrover_Wheel_Grey", "MaxPriceThreshold": 1000, "MinPriceThreshold": 1000, "SellPricePercent": 20, "MaxStockThreshold": 10, "MinStockThreshold": 1, "QuantityConfig": 0, "SpawnAttachments": [], "Variants": [
SCRIPT       : VEHICLE: { "ClassName": "Expansion_Landrover_Blue", "MaxPriceThreshold": 50000, "MinPriceThreshold": 50000, "SellPricePercent": -1, "MaxStockThreshold": 5, "MinStockThreshold": 1, "QuantityConfig": 0, "SpawnAttachments": [], "Variants": [] 
SCRIPT       : PART: { "ClassName": "Expansion_Landrover_Trunk_Blue", "MaxPriceThreshold": 1000, "MinPriceThreshold": 1000, "SellPricePercent": 20, "MaxStockThreshold": 10, "MinStockThreshold": 1, "QuantityConfig": 0, "SpawnAttachments": [], "Variants": [
SCRIPT       : PART: { "ClassName": "Expansion_Landrover_Hood_Blue", "MaxPriceThreshold": 1000, "MinPriceThreshold": 1000, "SellPricePercent": 20, "MaxStockThreshold": 10, "MinStockThreshold": 1, "QuantityConfig": 0, "SpawnAttachments": [], "Variants": []
SCRIPT       : PART: { "ClassName": "Expansion_Landrover_Wheel_Blue", "MaxPriceThreshold": 1000, "MinPriceThreshold": 1000, "SellPricePercent": 20, "MaxStockThreshold": 10, "MinStockThreshold": 1, "QuantityConfig": 0, "SpawnAttachments": [], "Variants": [
SCRIPT       : VEHICLE: { "ClassName": "Expansion_Landrover_Orange", "MaxPriceThreshold": 50000, "MinPriceThreshold": 50000, "SellPricePercent": -1, "MaxStockThreshold": 5, "MinStockThreshold": 1, "QuantityConfig": 0, "SpawnAttachments": [], "Variants": [
SCRIPT       : PART: { "ClassName": "Expansion_Landrover_Trunk_Orange", "MaxPriceThreshold": 1000, "MinPriceThreshold": 1000, "SellPricePercent": 20, "MaxStockThreshold": 10, "MinStockThreshold": 1, "QuantityConfig": 0, "SpawnAttachments": [], "Variants":
SCRIPT       : PART: { "ClassName": "Expansion_Landrover_Hood_Orange", "MaxPriceThreshold": 1000, "MinPriceThreshold": 1000, "SellPricePercent": 20, "MaxStockThreshold": 10, "MinStockThreshold": 1, "QuantityConfig": 0, "SpawnAttachments": [], "Variants": 
SCRIPT       : PART: { "ClassName": "Expansion_Landrover_Wheel_Orange", "MaxPriceThreshold": 1000, "MinPriceThreshold": 1000, "SellPricePercent": 20, "MaxStockThreshold": 10, "MinStockThreshold": 1, "QuantityConfig": 0, "SpawnAttachments": [], "Variants":
SCRIPT       : VEHICLE: { "ClassName": "OffroadHatchback_Green", "MaxPriceThreshold": 50000, "MinPriceThreshold": 50000, "SellPricePercent": -1, "MaxStockThreshold": 5, "MinStockThreshold": 1, "QuantityConfig": 0, "SpawnAttachments": [], "Variants": [] },
SCRIPT       : VEHICLE: { "ClassName": "OffroadHatchback_Police", "MaxPriceThreshold": 50000, "MinPriceThreshold": 50000, "SellPricePercent": -1, "MaxStockThreshold": 5, "MinStockThreshold": 1, "QuantityConfig": 0, "SpawnAttachments": [], "Variants": [] }
SCRIPT       : VEHICLE: { "ClassName": "OffroadHatchback_GreenRust", "MaxPriceThreshold": 50000, "MinPriceThreshold": 50000, "SellPricePercent": -1, "MaxStockThreshold": 5, "MinStockThreshold": 1, "QuantityConfig": 0, "SpawnAttachments": [], "Variants": [
SCRIPT       : VEHICLE: { "ClassName": "OffroadHatchback_BlueRust", "MaxPriceThreshold": 50000, "MinPriceThreshold": 50000, "SellPricePercent": -1, "MaxStockThreshold": 5, "MinStockThreshold": 1, "QuantityConfig": 0, "SpawnAttachments": [], "Variants": []
SCRIPT       : VEHICLE: { "ClassName": "OffroadHatchback_WhiteRust", "MaxPriceThreshold": 50000, "MinPriceThreshold": 50000, "SellPricePercent": -1, "MaxStockThreshold": 5, "MinStockThreshold": 1, "QuantityConfig": 0, "SpawnAttachments": [], "Variants": [
SCRIPT       : VEHICLE: { "ClassName": "Sedan_02_Yellow", "MaxPriceThreshold": 50000, "MinPriceThreshold": 50000, "SellPricePercent": -1, "MaxStockThreshold": 5, "MinStockThreshold": 1, "QuantityConfig": 0, "SpawnAttachments": [], "Variants": [] },
SCRIPT       : PART: { "ClassName": "Sedan_02_Door_1_1_Yellow", "MaxPriceThreshold": 1000, "MinPriceThreshold": 1000, "SellPricePercent": 20, "MaxStockThreshold": 10, "MinStockThreshold": 1, "QuantityConfig": 0, "SpawnAttachments": [], "Variants": [] },
SCRIPT       : PART: { "ClassName": "Sedan_02_Door_1_2_Yellow", "MaxPriceThreshold": 1000, "MinPriceThreshold": 1000, "SellPricePercent": 20, "MaxStockThreshold": 10, "MinStockThreshold": 1, "QuantityConfig": 0, "SpawnAttachments": [], "Variants": [] },
SCRIPT       : PART: { "ClassName": "Sedan_02_Door_2_1_Yellow", "MaxPriceThreshold": 1000, "MinPriceThreshold": 1000, "SellPricePercent": 20, "MaxStockThreshold": 10, "MinStockThreshold": 1, "QuantityConfig": 0, "SpawnAttachments": [], "Variants": [] },
SCRIPT       : PART: { "ClassName": "Sedan_02_Door_2_2_Yellow", "MaxPriceThreshold": 1000, "MinPriceThreshold": 1000, "SellPricePercent": 20, "MaxStockThreshold": 10, "MinStockThreshold": 1, "QuantityConfig": 0, "SpawnAttachments": [], "Variants": [] },
SCRIPT       : PART: { "ClassName": "Sedan_02_Hood_Yellow", "MaxPriceThreshold": 1000, "MinPriceThreshold": 1000, "SellPricePercent": 20, "MaxStockThreshold": 10, "MinStockThreshold": 1, "QuantityConfig": 0, "SpawnAttachments": [], "Variants": [] },
SCRIPT       : PART: { "ClassName": "Sedan_02_Trunk_Yellow", "MaxPriceThreshold": 1000, "MinPriceThreshold": 1000, "SellPricePercent": 20, "MaxStockThreshold": 10, "MinStockThreshold": 1, "QuantityConfig": 0, "SpawnAttachments": [], "Variants": [] },
SCRIPT       : VEHICLE: { "ClassName": "Sedan_02_YellowBright", "MaxPriceThreshold": 50000, "MinPriceThreshold": 50000, "SellPricePercent": -1, "MaxStockThreshold": 5, "MinStockThreshold": 1, "QuantityConfig": 0, "SpawnAttachments": [], "Variants": [] },
SCRIPT       : PART: { "ClassName": "Sedan_02_Door_1_1_YellowBright", "MaxPriceThreshold": 1000, "MinPriceThreshold": 1000, "SellPricePercent": 20, "MaxStockThreshold": 10, "MinStockThreshold": 1, "QuantityConfig": 0, "SpawnAttachments": [], "Variants": [
SCRIPT       : PART: { "ClassName": "Sedan_02_Door_1_2_YellowBright", "MaxPriceThreshold": 1000, "MinPriceThreshold": 1000, "SellPricePercent": 20, "MaxStockThreshold": 10, "MinStockThreshold": 1, "QuantityConfig": 0, "SpawnAttachments": [], "Variants": [
SCRIPT       : PART: { "ClassName": "Sedan_02_Door_2_1_YellowBright", "MaxPriceThreshold": 1000, "MinPriceThreshold": 1000, "SellPricePercent": 20, "MaxStockThreshold": 10, "MinStockThreshold": 1, "QuantityConfig": 0, "SpawnAttachments": [], "Variants": [
SCRIPT       : PART: { "ClassName": "Sedan_02_Door_2_2_YellowBright", "MaxPriceThreshold": 1000, "MinPriceThreshold": 1000, "SellPricePercent": 20, "MaxStockThreshold": 10, "MinStockThreshold": 1, "QuantityConfig": 0, "SpawnAttachments": [], "Variants": [
SCRIPT       : PART: { "ClassName": "Sedan_02_Hood_YellowBright", "MaxPriceThreshold": 1000, "MinPriceThreshold": 1000, "SellPricePercent": 20, "MaxStockThreshold": 10, "MinStockThreshold": 1, "QuantityConfig": 0, "SpawnAttachments": [], "Variants": [] },
SCRIPT       : PART: { "ClassName": "Sedan_02_Trunk_YellowBright", "MaxPriceThreshold": 1000, "MinPriceThreshold": 1000, "SellPricePercent": 20, "MaxStockThreshold": 10, "MinStockThreshold": 1, "QuantityConfig": 0, "SpawnAttachments": [], "Variants": [] }
SCRIPT       : VEHICLE: { "ClassName": "Sedan_02_Blue", "MaxPriceThreshold": 50000, "MinPriceThreshold": 50000, "SellPricePercent": -1, "MaxStockThreshold": 5, "MinStockThreshold": 1, "QuantityConfig": 0, "SpawnAttachments": [], "Variants": [] },
SCRIPT       : PART: { "ClassName": "Sedan_02_Door_1_1_Blue", "MaxPriceThreshold": 1000, "MinPriceThreshold": 1000, "SellPricePercent": 20, "MaxStockThreshold": 10, "MinStockThreshold": 1, "QuantityConfig": 0, "SpawnAttachments": [], "Variants": [] },
SCRIPT       : PART: { "ClassName": "Sedan_02_Door_1_2_Blue", "MaxPriceThreshold": 1000, "MinPriceThreshold": 1000, "SellPricePercent": 20, "MaxStockThreshold": 10, "MinStockThreshold": 1, "QuantityConfig": 0, "SpawnAttachments": [], "Variants": [] },
SCRIPT       : PART: { "ClassName": "Sedan_02_Door_2_1_Blue", "MaxPriceThreshold": 1000, "MinPriceThreshold": 1000, "SellPricePercent": 20, "MaxStockThreshold": 10, "MinStockThreshold": 1, "QuantityConfig": 0, "SpawnAttachments": [], "Variants": [] },
SCRIPT       : PART: { "ClassName": "Sedan_02_Door_2_2_Blue", "MaxPriceThreshold": 1000, "MinPriceThreshold": 1000, "SellPricePercent": 20, "MaxStockThreshold": 10, "MinStockThreshold": 1, "QuantityConfig": 0, "SpawnAttachments": [], "Variants": [] },
SCRIPT       : PART: { "ClassName": "Sedan_02_Hood_Blue", "MaxPriceThreshold": 1000, "MinPriceThreshold": 1000, "SellPricePercent": 20, "MaxStockThreshold": 10, "MinStockThreshold": 1, "QuantityConfig": 0, "SpawnAttachments": [], "Variants": [] },
SCRIPT       : PART: { "ClassName": "Sedan_02_Trunk_Blue", "MaxPriceThreshold": 1000, "MinPriceThreshold": 1000, "SellPricePercent": 20, "MaxStockThreshold": 10, "MinStockThreshold": 1, "QuantityConfig": 0, "SpawnAttachments": [], "Variants": [] },
SCRIPT       : VEHICLE: { "ClassName": "Sedan_02_RedRust", "MaxPriceThreshold": 50000, "MinPriceThreshold": 50000, "SellPricePercent": -1, "MaxStockThreshold": 5, "MinStockThreshold": 1, "QuantityConfig": 0, "SpawnAttachments": [], "Variants": [] },
SCRIPT       : VEHICLE: { "ClassName": "Sedan_02_YellowRust", "MaxPriceThreshold": 50000, "MinPriceThreshold": 50000, "SellPricePercent": -1, "MaxStockThreshold": 5, "MinStockThreshold": 1, "QuantityConfig": 0, "SpawnAttachments": [], "Variants": [] },
SCRIPT       : VEHICLE: { "ClassName": "Sedan_02_GreyRust", "MaxPriceThreshold": 50000, "MinPriceThreshold": 50000, "SellPricePercent": -1, "MaxStockThreshold": 5, "MinStockThreshold": 1, "QuantityConfig": 0, "SpawnAttachments": [], "Variants": [] },
SCRIPT       : VEHICLE: { "ClassName": "Sedan_02_YellowBrightRust", "MaxPriceThreshold": 50000, "MinPriceThreshold": 50000, "SellPricePercent": -1, "MaxStockThreshold": 5, "MinStockThreshold": 1, "QuantityConfig": 0, "SpawnAttachments": [], "Variants": []
SCRIPT       : PART: { "ClassName": "Sedan_02_Door_1_1_YellowBrightRust", "MaxPriceThreshold": 1000, "MinPriceThreshold": 1000, "SellPricePercent": 20, "MaxStockThreshold": 10, "MinStockThreshold": 1, "QuantityConfig": 0, "SpawnAttachments": [], "Variants
SCRIPT       : PART: { "ClassName": "Sedan_02_Door_1_2_YellowBrightRust", "MaxPriceThreshold": 1000, "MinPriceThreshold": 1000, "SellPricePercent": 20, "MaxStockThreshold": 10, "MinStockThreshold": 1, "QuantityConfig": 0, "SpawnAttachments": [], "Variants
SCRIPT       : PART: { "ClassName": "Sedan_02_Door_2_1_YellowBrightRust", "MaxPriceThreshold": 1000, "MinPriceThreshold": 1000, "SellPricePercent": 20, "MaxStockThreshold": 10, "MinStockThreshold": 1, "QuantityConfig": 0, "SpawnAttachments": [], "Variants
SCRIPT       : PART: { "ClassName": "Sedan_02_Door_2_2_YellowBrightRust", "MaxPriceThreshold": 1000, "MinPriceThreshold": 1000, "SellPricePercent": 20, "MaxStockThreshold": 10, "MinStockThreshold": 1, "QuantityConfig": 0, "SpawnAttachments": [], "Variants
SCRIPT       : PART: { "ClassName": "Sedan_02_Hood_YellowBrightRust", "MaxPriceThreshold": 1000, "MinPriceThreshold": 1000, "SellPricePercent": 20, "MaxStockThreshold": 10, "MinStockThreshold": 1, "QuantityConfig": 0, "SpawnAttachments": [], "Variants": [
SCRIPT       : PART: { "ClassName": "Sedan_02_Trunk_YellowBrightRust", "MaxPriceThreshold": 1000, "MinPriceThreshold": 1000, "SellPricePercent": 20, "MaxStockThreshold": 10, "MinStockThreshold": 1, "QuantityConfig": 0, "SpawnAttachments": [], "Variants": 
SCRIPT       : VEHICLE: { "ClassName": "Sedan_02_BlueRust", "MaxPriceThreshold": 50000, "MinPriceThreshold": 50000, "SellPricePercent": -1, "MaxStockThreshold": 5, "MinStockThreshold": 1, "QuantityConfig": 0, "SpawnAttachments": [], "Variants": [] },
SCRIPT       : PART: { "ClassName": "Sedan_02_Door_1_1_BlueRust", "MaxPriceThreshold": 1000, "MinPriceThreshold": 1000, "SellPricePercent": 20, "MaxStockThreshold": 10, "MinStockThreshold": 1, "QuantityConfig": 0, "SpawnAttachments": [], "Variants": [] },
SCRIPT       : PART: { "ClassName": "Sedan_02_Door_1_2_BlueRust", "MaxPriceThreshold": 1000, "MinPriceThreshold": 1000, "SellPricePercent": 20, "MaxStockThreshold": 10, "MinStockThreshold": 1, "QuantityConfig": 0, "SpawnAttachments": [], "Variants": [] },
SCRIPT       : PART: { "ClassName": "Sedan_02_Door_2_1_BlueRust", "MaxPriceThreshold": 1000, "MinPriceThreshold": 1000, "SellPricePercent": 20, "MaxStockThreshold": 10, "MinStockThreshold": 1, "QuantityConfig": 0, "SpawnAttachments": [], "Variants": [] },
SCRIPT       : PART: { "ClassName": "Sedan_02_Door_2_2_BlueRust", "MaxPriceThreshold": 1000, "MinPriceThreshold": 1000, "SellPricePercent": 20, "MaxStockThreshold": 10, "MinStockThreshold": 1, "QuantityConfig": 0, "SpawnAttachments": [], "Variants": [] },
SCRIPT       : PART: { "ClassName": "Sedan_02_Hood_BlueRust", "MaxPriceThreshold": 1000, "MinPriceThreshold": 1000, "SellPricePercent": 20, "MaxStockThreshold": 10, "MinStockThreshold": 1, "QuantityConfig": 0, "SpawnAttachments": [], "Variants": [] },
SCRIPT       : PART: { "ClassName": "Sedan_02_Trunk_BlueRust", "MaxPriceThreshold": 1000, "MinPriceThreshold": 1000, "SellPricePercent": 20, "MaxStockThreshold": 10, "MinStockThreshold": 1, "QuantityConfig": 0, "SpawnAttachments": [], "Variants": [] },
SCRIPT       : VEHICLE: { "ClassName": "ExpansionTractor", "MaxPriceThreshold": 50000, "MinPriceThreshold": 50000, "SellPricePercent": -1, "MaxStockThreshold": 5, "MinStockThreshold": 1, "QuantityConfig": 0, "SpawnAttachments": [], "Variants": [] },
SCRIPT       : VEHICLE: { "ClassName": "ExpansionTractor_Red", "MaxPriceThreshold": 50000, "MinPriceThreshold": 50000, "SellPricePercent": -1, "MaxStockThreshold": 5, "MinStockThreshold": 1, "QuantityConfig": 0, "SpawnAttachments": [], "Variants": [] },
SCRIPT       : VEHICLE: { "ClassName": "ExpansionTractor_Blue", "MaxPriceThreshold": 50000, "MinPriceThreshold": 50000, "SellPricePercent": -1, "MaxStockThreshold": 5, "MinStockThreshold": 1, "QuantityConfig": 0, "SpawnAttachments": [], "Variants": [] },
SCRIPT       : VEHICLE: { "ClassName": "ExpansionTractor_Green", "MaxPriceThreshold": 50000, "MinPriceThreshold": 50000, "SellPricePercent": -1, "MaxStockThreshold": 5, "MinStockThreshold": 1, "QuantityConfig": 0, "SpawnAttachments": [], "Variants": [] },
SCRIPT       : VEHICLE: { "ClassName": "Truck_01_Covered_Green", "MaxPriceThreshold": 50000, "MinPriceThreshold": 50000, "SellPricePercent": -1, "MaxStockThreshold": 5, "MinStockThreshold": 1, "QuantityConfig": 0, "SpawnAttachments": [], "Variants": [] },
SCRIPT       : PART: { "ClassName": "Truck_01_Door_1_1_Green", "MaxPriceThreshold": 1000, "MinPriceThreshold": 1000, "SellPricePercent": 20, "MaxStockThreshold": 10, "MinStockThreshold": 1, "QuantityConfig": 0, "SpawnAttachments": [], "Variants": [] },
SCRIPT       : PART: { "ClassName": "Truck_01_Door_2_1_Green", "MaxPriceThreshold": 1000, "MinPriceThreshold": 1000, "SellPricePercent": 20, "MaxStockThreshold": 10, "MinStockThreshold": 1, "QuantityConfig": 0, "SpawnAttachments": [], "Variants": [] },
SCRIPT       : PART: { "ClassName": "Truck_01_Hood_Green", "MaxPriceThreshold": 1000, "MinPriceThreshold": 1000, "SellPricePercent": 20, "MaxStockThreshold": 10, "MinStockThreshold": 1, "QuantityConfig": 0, "SpawnAttachments": [], "Variants": [] },
SCRIPT       : VEHICLE: { "ClassName": "Truck_01_Covered_Red", "MaxPriceThreshold": 50000, "MinPriceThreshold": 50000, "SellPricePercent": -1, "MaxStockThreshold": 5, "MinStockThreshold": 1, "QuantityConfig": 0, "SpawnAttachments": [], "Variants": [] },
SCRIPT       : PART: { "ClassName": "Truck_01_Door_1_1_Red", "MaxPriceThreshold": 1000, "MinPriceThreshold": 1000, "SellPricePercent": 20, "MaxStockThreshold": 10, "MinStockThreshold": 1, "QuantityConfig": 0, "SpawnAttachments": [], "Variants": [] },
SCRIPT       : PART: { "ClassName": "Truck_01_Door_2_1_Red", "MaxPriceThreshold": 1000, "MinPriceThreshold": 1000, "SellPricePercent": 20, "MaxStockThreshold": 10, "MinStockThreshold": 1, "QuantityConfig": 0, "SpawnAttachments": [], "Variants": [] },
SCRIPT       : PART: { "ClassName": "Truck_01_Hood_Red", "MaxPriceThreshold": 1000, "MinPriceThreshold": 1000, "SellPricePercent": 20, "MaxStockThreshold": 10, "MinStockThreshold": 1, "QuantityConfig": 0, "SpawnAttachments": [], "Variants": [] },
SCRIPT       : VEHICLE: { "ClassName": "Truck_01_Covered_White", "MaxPriceThreshold": 50000, "MinPriceThreshold": 50000, "SellPricePercent": -1, "MaxStockThreshold": 5, "MinStockThreshold": 1, "QuantityConfig": 0, "SpawnAttachments": [], "Variants": [] },
SCRIPT       : PART: { "ClassName": "Truck_01_Door_1_1_White", "MaxPriceThreshold": 1000, "MinPriceThreshold": 1000, "SellPricePercent": 20, "MaxStockThreshold": 10, "MinStockThreshold": 1, "QuantityConfig": 0, "SpawnAttachments": [], "Variants": [] },
SCRIPT       : PART: { "ClassName": "Truck_01_Door_2_1_White", "MaxPriceThreshold": 1000, "MinPriceThreshold": 1000, "SellPricePercent": 20, "MaxStockThreshold": 10, "MinStockThreshold": 1, "QuantityConfig": 0, "SpawnAttachments": [], "Variants": [] },
SCRIPT       : PART: { "ClassName": "Truck_01_Hood_White", "MaxPriceThreshold": 1000, "MinPriceThreshold": 1000, "SellPricePercent": 20, "MaxStockThreshold": 10, "MinStockThreshold": 1, "QuantityConfig": 0, "SpawnAttachments": [], "Variants": [] },
SCRIPT       : VEHICLE: { "ClassName": "Truck_01_Covered_Black", "MaxPriceThreshold": 50000, "MinPriceThreshold": 50000, "SellPricePercent": -1, "MaxStockThreshold": 5, "MinStockThreshold": 1, "QuantityConfig": 0, "SpawnAttachments": [], "Variants": [] },
SCRIPT       : PART: { "ClassName": "Truck_01_Door_1_1_Black", "MaxPriceThreshold": 1000, "MinPriceThreshold": 1000, "SellPricePercent": 20, "MaxStockThreshold": 10, "MinStockThreshold": 1, "QuantityConfig": 0, "SpawnAttachments": [], "Variants": [] },
SCRIPT       : PART: { "ClassName": "Truck_01_Door_2_1_Black", "MaxPriceThreshold": 1000, "MinPriceThreshold": 1000, "SellPricePercent": 20, "MaxStockThreshold": 10, "MinStockThreshold": 1, "QuantityConfig": 0, "SpawnAttachments": [], "Variants": [] },
SCRIPT       : PART: { "ClassName": "Truck_01_Hood_Black", "MaxPriceThreshold": 1000, "MinPriceThreshold": 1000, "SellPricePercent": 20, "MaxStockThreshold": 10, "MinStockThreshold": 1, "QuantityConfig": 0, "SpawnAttachments": [], "Variants": [] },
SCRIPT       : VEHICLE: { "ClassName": "Truck_01_Covered_Wine", "MaxPriceThreshold": 50000, "MinPriceThreshold": 50000, "SellPricePercent": -1, "MaxStockThreshold": 5, "MinStockThreshold": 1, "QuantityConfig": 0, "SpawnAttachments": [], "Variants": [] },
SCRIPT       : PART: { "ClassName": "Truck_01_Door_1_1_Wine", "MaxPriceThreshold": 1000, "MinPriceThreshold": 1000, "SellPricePercent": 20, "MaxStockThreshold": 10, "MinStockThreshold": 1, "QuantityConfig": 0, "SpawnAttachments": [], "Variants": [] },
SCRIPT       : PART: { "ClassName": "Truck_01_Door_2_1_Wine", "MaxPriceThreshold": 1000, "MinPriceThreshold": 1000, "SellPricePercent": 20, "MaxStockThreshold": 10, "MinStockThreshold": 1, "QuantityConfig": 0, "SpawnAttachments": [], "Variants": [] },
SCRIPT       : PART: { "ClassName": "Truck_01_Hood_Wine", "MaxPriceThreshold": 1000, "MinPriceThreshold": 1000, "SellPricePercent": 20, "MaxStockThreshold": 10, "MinStockThreshold": 1, "QuantityConfig": 0, "SpawnAttachments": [], "Variants": [] },
SCRIPT       : VEHICLE: { "ClassName": "Truck_01_Covered_Lime", "MaxPriceThreshold": 50000, "MinPriceThreshold": 50000, "SellPricePercent": -1, "MaxStockThreshold": 5, "MinStockThreshold": 1, "QuantityConfig": 0, "SpawnAttachments": [], "Variants": [] },
SCRIPT       : PART: { "ClassName": "Truck_01_Door_1_1_Lime", "MaxPriceThreshold": 1000, "MinPriceThreshold": 1000, "SellPricePercent": 20, "MaxStockThreshold": 10, "MinStockThreshold": 1, "QuantityConfig": 0, "SpawnAttachments": [], "Variants": [] },
SCRIPT       : PART: { "ClassName": "Truck_01_Door_2_1_Lime", "MaxPriceThreshold": 1000, "MinPriceThreshold": 1000, "SellPricePercent": 20, "MaxStockThreshold": 10, "MinStockThreshold": 1, "QuantityConfig": 0, "SpawnAttachments": [], "Variants": [] },
SCRIPT       : PART: { "ClassName": "Truck_01_Hood_Lime", "MaxPriceThreshold": 1000, "MinPriceThreshold": 1000, "SellPricePercent": 20, "MaxStockThreshold": 10, "MinStockThreshold": 1, "QuantityConfig": 0, "SpawnAttachments": [], "Variants": [] },
SCRIPT       : VEHICLE: { "ClassName": "Truck_01_Covered_Yellow", "MaxPriceThreshold": 50000, "MinPriceThreshold": 50000, "SellPricePercent": -1, "MaxStockThreshold": 5, "MinStockThreshold": 1, "QuantityConfig": 0, "SpawnAttachments": [], "Variants": [] }
SCRIPT       : PART: { "ClassName": "Truck_01_Door_1_1_Yellow", "MaxPriceThreshold": 1000, "MinPriceThreshold": 1000, "SellPricePercent": 20, "MaxStockThreshold": 10, "MinStockThreshold": 1, "QuantityConfig": 0, "SpawnAttachments": [], "Variants": [] },
SCRIPT       : PART: { "ClassName": "Truck_01_Door_2_1_Yellow", "MaxPriceThreshold": 1000, "MinPriceThreshold": 1000, "SellPricePercent": 20, "MaxStockThreshold": 10, "MinStockThreshold": 1, "QuantityConfig": 0, "SpawnAttachments": [], "Variants": [] },
SCRIPT       : PART: { "ClassName": "Truck_01_Hood_Yellow", "MaxPriceThreshold": 1000, "MinPriceThreshold": 1000, "SellPricePercent": 20, "MaxStockThreshold": 10, "MinStockThreshold": 1, "QuantityConfig": 0, "SpawnAttachments": [], "Variants": [] },
SCRIPT       : VEHICLE: { "ClassName": "Truck_01_Covered_YellowBright", "MaxPriceThreshold": 50000, "MinPriceThreshold": 50000, "SellPricePercent": -1, "MaxStockThreshold": 5, "MinStockThreshold": 1, "QuantityConfig": 0, "SpawnAttachments": [], "Variants"
SCRIPT       : PART: { "ClassName": "Truck_01_Door_1_1_YellowBright", "MaxPriceThreshold": 1000, "MinPriceThreshold": 1000, "SellPricePercent": 20, "MaxStockThreshold": 10, "MinStockThreshold": 1, "QuantityConfig": 0, "SpawnAttachments": [], "Variants": [
SCRIPT       : PART: { "ClassName": "Truck_01_Door_2_1_YellowBright", "MaxPriceThreshold": 1000, "MinPriceThreshold": 1000, "SellPricePercent": 20, "MaxStockThreshold": 10, "MinStockThreshold": 1, "QuantityConfig": 0, "SpawnAttachments": [], "Variants": [
SCRIPT       : PART: { "ClassName": "Truck_01_Hood_YellowBright", "MaxPriceThreshold": 1000, "MinPriceThreshold": 1000, "SellPricePercent": 20, "MaxStockThreshold": 10, "MinStockThreshold": 1, "QuantityConfig": 0, "SpawnAttachments": [], "Variants": [] },
SCRIPT       : VEHICLE: { "ClassName": "ExpansionUAZ", "MaxPriceThreshold": 50000, "MinPriceThreshold": 50000, "SellPricePercent": -1, "MaxStockThreshold": 5, "MinStockThreshold": 1, "QuantityConfig": 0, "SpawnAttachments": [], "Variants": [] },
SCRIPT       : VEHICLE: { "ClassName": "ExpansionUAZRoofless", "MaxPriceThreshold": 50000, "MinPriceThreshold": 50000, "SellPricePercent": -1, "MaxStockThreshold": 5, "MinStockThreshold": 1, "QuantityConfig": 0, "SpawnAttachments": [], "Variants": [] },
SCRIPT       : VEHICLE: { "ClassName": "ExpansionUAZCargoRoofless", "MaxPriceThreshold": 50000, "MinPriceThreshold": 50000, "SellPricePercent": -1, "MaxStockThreshold": 5, "MinStockThreshold": 1, "QuantityConfig": 0, "SpawnAttachments": [], "Variants": []
SCRIPT       : VEHICLE: { "ClassName": "ExpansionUAZCargo", "MaxPriceThreshold": 50000, "MinPriceThreshold": 50000, "SellPricePercent": -1, "MaxStockThreshold": 5, "MinStockThreshold": 1, "QuantityConfig": 0, "SpawnAttachments": [], "Variants": [] },
SCRIPT       : VEHICLE: { "ClassName": "ExpansionUAZ_Green", "MaxPriceThreshold": 50000, "MinPriceThreshold": 50000, "SellPricePercent": -1, "MaxStockThreshold": 5, "MinStockThreshold": 1, "QuantityConfig": 0, "SpawnAttachments": [], "Variants": [] },
SCRIPT       : VEHICLE: { "ClassName": "ExpansionUAZCargo_Green", "MaxPriceThreshold": 50000, "MinPriceThreshold": 50000, "SellPricePercent": -1, "MaxStockThreshold": 5, "MinStockThreshold": 1, "QuantityConfig": 0, "SpawnAttachments": [], "Variants": [] }
SCRIPT       : VEHICLE: { "ClassName": "ExpansionUAZRoofless_Green", "MaxPriceThreshold": 50000, "MinPriceThreshold": 50000, "SellPricePercent": -1, "MaxStockThreshold": 5, "MinStockThreshold": 1, "QuantityConfig": 0, "SpawnAttachments": [], "Variants": [
SCRIPT       : VEHICLE: { "ClassName": "ExpansionUAZCargoRoofless_Green", "MaxPriceThreshold": 50000, "MinPriceThreshold": 50000, "SellPricePercent": -1, "MaxStockThreshold": 5, "MinStockThreshold": 1, "QuantityConfig": 0, "SpawnAttachments": [], "Variant
SCRIPT       : VEHICLE: { "ClassName": "ExpansionUAZ_Black", "MaxPriceThreshold": 50000, "MinPriceThreshold": 50000, "SellPricePercent": -1, "MaxStockThreshold": 5, "MinStockThreshold": 1, "QuantityConfig": 0, "SpawnAttachments": [], "Variants": [] },
SCRIPT       : VEHICLE: { "ClassName": "ExpansionUAZCargo_Black", "MaxPriceThreshold": 50000, "MinPriceThreshold": 50000, "SellPricePercent": -1, "MaxStockThreshold": 5, "MinStockThreshold": 1, "QuantityConfig": 0, "SpawnAttachments": [], "Variants": [] }
SCRIPT       : VEHICLE: { "ClassName": "ExpansionUAZRoofless_Black", "MaxPriceThreshold": 50000, "MinPriceThreshold": 50000, "SellPricePercent": -1, "MaxStockThreshold": 5, "MinStockThreshold": 1, "QuantityConfig": 0, "SpawnAttachments": [], "Variants": [
SCRIPT       : VEHICLE: { "ClassName": "ExpansionUAZCargoRoofless_Black", "MaxPriceThreshold": 50000, "MinPriceThreshold": 50000, "SellPricePercent": -1, "MaxStockThreshold": 5, "MinStockThreshold": 1, "QuantityConfig": 0, "SpawnAttachments": [], "Variant
SCRIPT       : VEHICLE: { "ClassName": "ExpansionUAZ_LightGreen", "MaxPriceThreshold": 50000, "MinPriceThreshold": 50000, "SellPricePercent": -1, "MaxStockThreshold": 5, "MinStockThreshold": 1, "QuantityConfig": 0, "SpawnAttachments": [], "Variants": [] }
SCRIPT       : VEHICLE: { "ClassName": "ExpansionUAZCargo_LightGreen", "MaxPriceThreshold": 50000, "MinPriceThreshold": 50000, "SellPricePercent": -1, "MaxStockThreshold": 5, "MinStockThreshold": 1, "QuantityConfig": 0, "SpawnAttachments": [], "Variants":
SCRIPT       : VEHICLE: { "ClassName": "ExpansionUAZRoofless_LightGreen", "MaxPriceThreshold": 50000, "MinPriceThreshold": 50000, "SellPricePercent": -1, "MaxStockThreshold": 5, "MinStockThreshold": 1, "QuantityConfig": 0, "SpawnAttachments": [], "Variant
SCRIPT       : VEHICLE: { "ClassName": "ExpansionUAZCargoRoofless_LightGreen", "MaxPriceThreshold": 50000, "MinPriceThreshold": 50000, "SellPricePercent": -1, "MaxStockThreshold": 5, "MinStockThreshold": 1, "QuantityConfig": 0, "SpawnAttachments": [], "Va
SCRIPT       : VEHICLE: { "ClassName": "ExpansionVodnik", "MaxPriceThreshold": 50000, "MinPriceThreshold": 50000, "SellPricePercent": -1, "MaxStockThreshold": 5, "MinStockThreshold": 1, "QuantityConfig": 0, "SpawnAttachments": [], "Variants": [] },
SCRIPT       : VEHICLE: { "ClassName": "ExpansionVodnik_Camo", "MaxPriceThreshold": 50000, "MinPriceThreshold": 50000, "SellPricePercent": -1, "MaxStockThreshold": 5, "MinStockThreshold": 1, "QuantityConfig": 0, "SpawnAttachments": [], "Variants": [] },
SCRIPT       : VEHICLE: { "ClassName": "ExpansionVodnik_CamoMedical", "MaxPriceThreshold": 50000, "MinPriceThreshold": 50000, "SellPricePercent": -1, "MaxStockThreshold": 5, "MinStockThreshold": 1, "QuantityConfig": 0, "SpawnAttachments": [], "Variants": 
SCRIPT       : VEHICLE: { "ClassName": "ExpansionLHD", "MaxPriceThreshold": 50000, "MinPriceThreshold": 50000, "SellPricePercent": -1, "MaxStockThreshold": 5, "MinStockThreshold": 1, "QuantityConfig": 0, "SpawnAttachments": [], "Variants": [] },
SCRIPT       : VEHICLE: { "ClassName": "ExpansionUtilityBoat", "MaxPriceThreshold": 50000, "MinPriceThreshold": 50000, "SellPricePercent": -1, "MaxStockThreshold": 5, "MinStockThreshold": 1, "QuantityConfig": 0, "SpawnAttachments": [], "Variants": [] },
SCRIPT       : VEHICLE: { "ClassName": "ExpansionUtilityBoat_Black", "MaxPriceThreshold": 50000, "MinPriceThreshold": 50000, "SellPricePercent": -1, "MaxStockThreshold": 5, "MinStockThreshold": 1, "QuantityConfig": 0, "SpawnAttachments": [], "Variants": [
SCRIPT       : VEHICLE: { "ClassName": "ExpansionUtilityBoat_Green", "MaxPriceThreshold": 50000, "MinPriceThreshold": 50000, "SellPricePercent": -1, "MaxStockThreshold": 5, "MinStockThreshold": 1, "QuantityConfig": 0, "SpawnAttachments": [], "Variants": [
SCRIPT       : VEHICLE: { "ClassName": "ExpansionZodiacBoat", "MaxPriceThreshold": 50000, "MinPriceThreshold": 50000, "SellPricePercent": -1, "MaxStockThreshold": 5, "MinStockThreshold": 1, "QuantityConfig": 0, "SpawnAttachments": [], "Variants": [] },
SCRIPT       : VEHICLE: { "ClassName": "ExpansionZodiacBoat_Orange", "MaxPriceThreshold": 50000, "MinPriceThreshold": 50000, "SellPricePercent": -1, "MaxStockThreshold": 5, "MinStockThreshold": 1, "QuantityConfig": 0, "SpawnAttachments": [], "Variants": [
SCRIPT       : VEHICLE: { "ClassName": "ExpansionZodiacBoat_Black", "MaxPriceThreshold": 50000, "MinPriceThreshold": 50000, "SellPricePercent": -1, "MaxStockThreshold": 5, "MinStockThreshold": 1, "QuantityConfig": 0, "SpawnAttachments": [], "Variants": []
SCRIPT       : VEHICLE: { "ClassName": "ExpansionZodiacBoat_Green", "MaxPriceThreshold": 50000, "MinPriceThreshold": 50000, "SellPricePercent": -1, "MaxStockThreshold": 5, "MinStockThreshold": 1, "QuantityConfig": 0, "SpawnAttachments": [], "Variants": []
SCRIPT       : VEHICLE: { "ClassName": "dodgechargerhellcat_black", "MaxPriceThreshold": 50000, "MinPriceThreshold": 50000, "SellPricePercent": -1, "MaxStockThreshold": 5, "MinStockThreshold": 1, "QuantityConfig": 0, "SpawnAttachments": [], "Variants": []
SCRIPT       : VEHICLE: { "ClassName": "dodgechargerhellcat_blue", "MaxPriceThreshold": 50000, "MinPriceThreshold": 50000, "SellPricePercent": -1, "MaxStockThreshold": 5, "MinStockThreshold": 1, "QuantityConfig": 0, "SpawnAttachments": [], "Variants": [] 
SCRIPT       : VEHICLE: { "ClassName": "dodgechargerhellcat_red", "MaxPriceThreshold": 50000, "MinPriceThreshold": 50000, "SellPricePercent": -1, "MaxStockThreshold": 5, "MinStockThreshold": 1, "QuantityConfig": 0, "SpawnAttachments": [], "Variants": [] }
SCRIPT       : VEHICLE: { "ClassName": "dodgechargerhellcat_lightblue", "MaxPriceThreshold": 50000, "MinPriceThreshold": 50000, "SellPricePercent": -1, "MaxStockThreshold": 5, "MinStockThreshold": 1, "QuantityConfig": 0, "SpawnAttachments": [], "Variants"
SCRIPT       : VEHICLE: { "ClassName": "dodgechargerhellcat_green", "MaxPriceThreshold": 50000, "MinPriceThreshold": 50000, "SellPricePercent": -1, "MaxStockThreshold": 5, "MinStockThreshold": 1, "QuantityConfig": 0, "SpawnAttachments": [], "Variants": []
SCRIPT       : VEHICLE: { "ClassName": "dodgechargerhellcat_pink", "MaxPriceThreshold": 50000, "MinPriceThreshold": 50000, "SellPricePercent": -1, "MaxStockThreshold": 5, "MinStockThreshold": 1, "QuantityConfig": 0, "SpawnAttachments": [], "Variants": [] 
SCRIPT       : VEHICLE: { "ClassName": "dodgechargerhellcat_white", "MaxPriceThreshold": 50000, "MinPriceThreshold": 50000, "SellPricePercent": -1, "MaxStockThreshold": 5, "MinStockThreshold": 1, "QuantityConfig": 0, "SpawnAttachments": [], "Variants": []
SCRIPT       : PART: { "ClassName": "DodgeRam_Wheel", "MaxPriceThreshold": 1000, "MinPriceThreshold": 1000, "SellPricePercent": 20, "MaxStockThreshold": 10, "MinStockThreshold": 1, "QuantityConfig": 0, "SpawnAttachments": [], "Variants": [] },
SCRIPT       : PART: { "ClassName": "DodgeRam_Wheel_Destroyed", "MaxPriceThreshold": 1000, "MinPriceThreshold": 1000, "SellPricePercent": 20, "MaxStockThreshold": 10, "MinStockThreshold": 1, "QuantityConfig": 0, "SpawnAttachments": [], "Variants": [] },
SCRIPT       : PART: { "ClassName": "DodgeRam_Driver_Door", "MaxPriceThreshold": 1000, "MinPriceThreshold": 1000, "SellPricePercent": 20, "MaxStockThreshold": 10, "MinStockThreshold": 1, "QuantityConfig": 0, "SpawnAttachments": [], "Variants": [] },
SCRIPT       : PART: { "ClassName": "DodgeRam_Trunk", "MaxPriceThreshold": 1000, "MinPriceThreshold": 1000, "SellPricePercent": 20, "MaxStockThreshold": 10, "MinStockThreshold": 1, "QuantityConfig": 0, "SpawnAttachments": [], "Variants": [] },
SCRIPT       : PART: { "ClassName": "DodgeRam_CoDriver_Door", "MaxPriceThreshold": 1000, "MinPriceThreshold": 1000, "SellPricePercent": 20, "MaxStockThreshold": 10, "MinStockThreshold": 1, "QuantityConfig": 0, "SpawnAttachments": [], "Variants": [] },
SCRIPT       : PART: { "ClassName": "DodgeRam_Hood", "MaxPriceThreshold": 1000, "MinPriceThreshold": 1000, "SellPricePercent": 20, "MaxStockThreshold": 10, "MinStockThreshold": 1, "QuantityConfig": 0, "SpawnAttachments": [], "Variants": [] },
SCRIPT       : VEHICLE: { "ClassName": "DodgeRam_BOSS_White", "MaxPriceThreshold": 50000, "MinPriceThreshold": 50000, "SellPricePercent": -1, "MaxStockThreshold": 5, "MinStockThreshold": 1, "QuantityConfig": 0, "SpawnAttachments": [], "Variants": [] },
SCRIPT       : VEHICLE: { "ClassName": "DodgeRam_BOSS_Pink", "MaxPriceThreshold": 50000, "MinPriceThreshold": 50000, "SellPricePercent": -1, "MaxStockThreshold": 5, "MinStockThreshold": 1, "QuantityConfig": 0, "SpawnAttachments": [], "Variants": [] },
SCRIPT       : PART: { "ClassName": "DodgeRam_Driver_Door_Pink", "MaxPriceThreshold": 1000, "MinPriceThreshold": 1000, "SellPricePercent": 20, "MaxStockThreshold": 10, "MinStockThreshold": 1, "QuantityConfig": 0, "SpawnAttachments": [], "Variants": [] },
SCRIPT       : PART: { "ClassName": "DodgeRam_CoDriver_Door_Pink", "MaxPriceThreshold": 1000, "MinPriceThreshold": 1000, "SellPricePercent": 20, "MaxStockThreshold": 10, "MinStockThreshold": 1, "QuantityConfig": 0, "SpawnAttachments": [], "Variants": [] }
SCRIPT       : PART: { "ClassName": "DodgeRam_Hood_Pink", "MaxPriceThreshold": 1000, "MinPriceThreshold": 1000, "SellPricePercent": 20, "MaxStockThreshold": 10, "MinStockThreshold": 1, "QuantityConfig": 0, "SpawnAttachments": [], "Variants": [] },
SCRIPT       : PART: { "ClassName": "DodgeRam_Trunk_Pink", "MaxPriceThreshold": 1000, "MinPriceThreshold": 1000, "SellPricePercent": 20, "MaxStockThreshold": 10, "MinStockThreshold": 1, "QuantityConfig": 0, "SpawnAttachments": [], "Variants": [] },
SCRIPT       : VEHICLE: { "ClassName": "DodgeRam_BOSS_Orange", "MaxPriceThreshold": 50000, "MinPriceThreshold": 50000, "SellPricePercent": -1, "MaxStockThreshold": 5, "MinStockThreshold": 1, "QuantityConfig": 0, "SpawnAttachments": [], "Variants": [] },
SCRIPT       : PART: { "ClassName": "DodgeRam_Driver_Door_Orange", "MaxPriceThreshold": 1000, "MinPriceThreshold": 1000, "SellPricePercent": 20, "MaxStockThreshold": 10, "MinStockThreshold": 1, "QuantityConfig": 0, "SpawnAttachments": [], "Variants": [] }
SCRIPT       : PART: { "ClassName": "DodgeRam_CoDriver_Door_Orange", "MaxPriceThreshold": 1000, "MinPriceThreshold": 1000, "SellPricePercent": 20, "MaxStockThreshold": 10, "MinStockThreshold": 1, "QuantityConfig": 0, "SpawnAttachments": [], "Variants": []
SCRIPT       : PART: { "ClassName": "DodgeRam_Hood_Orange", "MaxPriceThreshold": 1000, "MinPriceThreshold": 1000, "SellPricePercent": 20, "MaxStockThreshold": 10, "MinStockThreshold": 1, "QuantityConfig": 0, "SpawnAttachments": [], "Variants": [] },
SCRIPT       : PART: { "ClassName": "DodgeRam_Trunk_Orange", "MaxPriceThreshold": 1000, "MinPriceThreshold": 1000, "SellPricePercent": 20, "MaxStockThreshold": 10, "MinStockThreshold": 1, "QuantityConfig": 0, "SpawnAttachments": [], "Variants": [] },
SCRIPT       : VEHICLE: { "ClassName": "DodgeRam_BOSS_Red", "MaxPriceThreshold": 50000, "MinPriceThreshold": 50000, "SellPricePercent": -1, "MaxStockThreshold": 5, "MinStockThreshold": 1, "QuantityConfig": 0, "SpawnAttachments": [], "Variants": [] },
SCRIPT       : PART: { "ClassName": "DodgeRam_Driver_Door_Red", "MaxPriceThreshold": 1000, "MinPriceThreshold": 1000, "SellPricePercent": 20, "MaxStockThreshold": 10, "MinStockThreshold": 1, "QuantityConfig": 0, "SpawnAttachments": [], "Variants": [] },
SCRIPT       : PART: { "ClassName": "DodgeRam_CoDriver_Door_Red", "MaxPriceThreshold": 1000, "MinPriceThreshold": 1000, "SellPricePercent": 20, "MaxStockThreshold": 10, "MinStockThreshold": 1, "QuantityConfig": 0, "SpawnAttachments": [], "Variants": [] },
SCRIPT       : PART: { "ClassName": "DodgeRam_Hood_Red", "MaxPriceThreshold": 1000, "MinPriceThreshold": 1000, "SellPricePercent": 20, "MaxStockThreshold": 10, "MinStockThreshold": 1, "QuantityConfig": 0, "SpawnAttachments": [], "Variants": [] },
SCRIPT       : PART: { "ClassName": "DodgeRam_Trunk_Red", "MaxPriceThreshold": 1000, "MinPriceThreshold": 1000, "SellPricePercent": 20, "MaxStockThreshold": 10, "MinStockThreshold": 1, "QuantityConfig": 0, "SpawnAttachments": [], "Variants": [] },
SCRIPT       : VEHICLE: { "ClassName": "DodgeRam_BOSS_Cyan", "MaxPriceThreshold": 50000, "MinPriceThreshold": 50000, "SellPricePercent": -1, "MaxStockThreshold": 5, "MinStockThreshold": 1, "QuantityConfig": 0, "SpawnAttachments": [], "Variants": [] },
SCRIPT       : PART: { "ClassName": "DodgeRam_Driver_Door_Cyan", "MaxPriceThreshold": 1000, "MinPriceThreshold": 1000, "SellPricePercent": 20, "MaxStockThreshold": 10, "MinStockThreshold": 1, "QuantityConfig": 0, "SpawnAttachments": [], "Variants": [] },
SCRIPT       : PART: { "ClassName": "DodgeRam_CoDriver_Door_Cyan", "MaxPriceThreshold": 1000, "MinPriceThreshold": 1000, "SellPricePercent": 20, "MaxStockThreshold": 10, "MinStockThreshold": 1, "QuantityConfig": 0, "SpawnAttachments": [], "Variants": [] }
SCRIPT       : PART: { "ClassName": "DodgeRam_Hood_Cyan", "MaxPriceThreshold": 1000, "MinPriceThreshold": 1000, "SellPricePercent": 20, "MaxStockThreshold": 10, "MinStockThreshold": 1, "QuantityConfig": 0, "SpawnAttachments": [], "Variants": [] },
SCRIPT       : PART: { "ClassName": "DodgeRam_Trunk_Cyan", "MaxPriceThreshold": 1000, "MinPriceThreshold": 1000, "SellPricePercent": 20, "MaxStockThreshold": 10, "MinStockThreshold": 1, "QuantityConfig": 0, "SpawnAttachments": [], "Variants": [] },
SCRIPT       : VEHICLE: { "ClassName": "DodgeRam_BOSS_Green", "MaxPriceThreshold": 50000, "MinPriceThreshold": 50000, "SellPricePercent": -1, "MaxStockThreshold": 5, "MinStockThreshold": 1, "QuantityConfig": 0, "SpawnAttachments": [], "Variants": [] },
SCRIPT       : PART: { "ClassName": "DodgeRam_Driver_Door_Green", "MaxPriceThreshold": 1000, "MinPriceThreshold": 1000, "SellPricePercent": 20, "MaxStockThreshold": 10, "MinStockThreshold": 1, "QuantityConfig": 0, "SpawnAttachments": [], "Variants": [] },
SCRIPT       : PART: { "ClassName": "DodgeRam_CoDriver_Door_Green", "MaxPriceThreshold": 1000, "MinPriceThreshold": 1000, "SellPricePercent": 20, "MaxStockThreshold": 10, "MinStockThreshold": 1, "QuantityConfig": 0, "SpawnAttachments": [], "Variants": [] 
SCRIPT       : PART: { "ClassName": "DodgeRam_Hood_Green", "MaxPriceThreshold": 1000, "MinPriceThreshold": 1000, "SellPricePercent": 20, "MaxStockThreshold": 10, "MinStockThreshold": 1, "QuantityConfig": 0, "SpawnAttachments": [], "Variants": [] },
SCRIPT       : PART: { "ClassName": "DodgeRam_Trunk_Green", "MaxPriceThreshold": 1000, "MinPriceThreshold": 1000, "SellPricePercent": 20, "MaxStockThreshold": 10, "MinStockThreshold": 1, "QuantityConfig": 0, "SpawnAttachments": [], "Variants": [] },
SCRIPT       : VEHICLE: { "ClassName": "DodgeRam_BOSS_Blue", "MaxPriceThreshold": 50000, "MinPriceThreshold": 50000, "SellPricePercent": -1, "MaxStockThreshold": 5, "MinStockThreshold": 1, "QuantityConfig": 0, "SpawnAttachments": [], "Variants": [] },
SCRIPT       : PART: { "ClassName": "DodgeRam_Driver_Door_Blue", "MaxPriceThreshold": 1000, "MinPriceThreshold": 1000, "SellPricePercent": 20, "MaxStockThreshold": 10, "MinStockThreshold": 1, "QuantityConfig": 0, "SpawnAttachments": [], "Variants": [] },
SCRIPT       : PART: { "ClassName": "DodgeRam_CoDriver_Door_Blue", "MaxPriceThreshold": 1000, "MinPriceThreshold": 1000, "SellPricePercent": 20, "MaxStockThreshold": 10, "MinStockThreshold": 1, "QuantityConfig": 0, "SpawnAttachments": [], "Variants": [] }
SCRIPT       : PART: { "ClassName": "DodgeRam_Hood_Blue", "MaxPriceThreshold": 1000, "MinPriceThreshold": 1000, "SellPricePercent": 20, "MaxStockThreshold": 10, "MinStockThreshold": 1, "QuantityConfig": 0, "SpawnAttachments": [], "Variants": [] },
SCRIPT       : PART: { "ClassName": "DodgeRam_Trunk_Blue", "MaxPriceThreshold": 1000, "MinPriceThreshold": 1000, "SellPricePercent": 20, "MaxStockThreshold": 10, "MinStockThreshold": 1, "QuantityConfig": 0, "SpawnAttachments": [], "Variants": [] },
SCRIPT       : VEHICLE: { "ClassName": "DodgeRam_BOSS_Black", "MaxPriceThreshold": 50000, "MinPriceThreshold": 50000, "SellPricePercent": -1, "MaxStockThreshold": 5, "MinStockThreshold": 1, "QuantityConfig": 0, "SpawnAttachments": [], "Variants": [] },
SCRIPT       : PART: { "ClassName": "DodgeRam_Driver_Door_Black", "MaxPriceThreshold": 1000, "MinPriceThreshold": 1000, "SellPricePercent": 20, "MaxStockThreshold": 10, "MinStockThreshold": 1, "QuantityConfig": 0, "SpawnAttachments": [], "Variants": [] },
SCRIPT       : PART: { "ClassName": "DodgeRam_CoDriver_Door_Black", "MaxPriceThreshold": 1000, "MinPriceThreshold": 1000, "SellPricePercent": 20, "MaxStockThreshold": 10, "MinStockThreshold": 1, "QuantityConfig": 0, "SpawnAttachments": [], "Variants": [] 
SCRIPT       : PART: { "ClassName": "DodgeRam_Hood_Black", "MaxPriceThreshold": 1000, "MinPriceThreshold": 1000, "SellPricePercent": 20, "MaxStockThreshold": 10, "MinStockThreshold": 1, "QuantityConfig": 0, "SpawnAttachments": [], "Variants": [] },
SCRIPT       : PART: { "ClassName": "DodgeRam_Trunk_Black", "MaxPriceThreshold": 1000, "MinPriceThreshold": 1000, "SellPricePercent": 20, "MaxStockThreshold": 10, "MinStockThreshold": 1, "QuantityConfig": 0, "SpawnAttachments": [], "Variants": [] },
SCRIPT       : VEHICLE: { "ClassName": "DodgeRam_BOSS_VectorTrails", "MaxPriceThreshold": 50000, "MinPriceThreshold": 50000, "SellPricePercent": -1, "MaxStockThreshold": 5, "MinStockThreshold": 1, "QuantityConfig": 0, "SpawnAttachments": [], "Variants": [
SCRIPT       : PART: { "ClassName": "DodgeRam_Driver_Door_VectorTrails", "MaxPriceThreshold": 1000, "MinPriceThreshold": 1000, "SellPricePercent": 20, "MaxStockThreshold": 10, "MinStockThreshold": 1, "QuantityConfig": 0, "SpawnAttachments": [], "Variants"
SCRIPT       : PART: { "ClassName": "DodgeRam_CoDriver_Door_VectorTrails", "MaxPriceThreshold": 1000, "MinPriceThreshold": 1000, "SellPricePercent": 20, "MaxStockThreshold": 10, "MinStockThreshold": 1, "QuantityConfig": 0, "SpawnAttachments": [], "Variant
SCRIPT       : PART: { "ClassName": "DodgeRam_Hood_VectorTrails", "MaxPriceThreshold": 1000, "MinPriceThreshold": 1000, "SellPricePercent": 20, "MaxStockThreshold": 10, "MinStockThreshold": 1, "QuantityConfig": 0, "SpawnAttachments": [], "Variants": [] },
SCRIPT       : PART: { "ClassName": "DodgeRam_Trunk_VectorTrails", "MaxPriceThreshold": 1000, "MinPriceThreshold": 1000, "SellPricePercent": 20, "MaxStockThreshold": 10, "MinStockThreshold": 1, "QuantityConfig": 0, "SpawnAttachments": [], "Variants": [] }
SCRIPT       : VEHICLE: { "ClassName": "DodgeRam_BOSS_Woodland_Sand", "MaxPriceThreshold": 50000, "MinPriceThreshold": 50000, "SellPricePercent": -1, "MaxStockThreshold": 5, "MinStockThreshold": 1, "QuantityConfig": 0, "SpawnAttachments": [], "Variants": 
SCRIPT       : PART: { "ClassName": "DodgeRam_Driver_Door_Woodland_Sand", "MaxPriceThreshold": 1000, "MinPriceThreshold": 1000, "SellPricePercent": 20, "MaxStockThreshold": 10, "MinStockThreshold": 1, "QuantityConfig": 0, "SpawnAttachments": [], "Variants
SCRIPT       : PART: { "ClassName": "DodgeRam_CoDriver_Door_Woodland_Sand", "MaxPriceThreshold": 1000, "MinPriceThreshold": 1000, "SellPricePercent": 20, "MaxStockThreshold": 10, "MinStockThreshold": 1, "QuantityConfig": 0, "SpawnAttachments": [], "Varian
SCRIPT       : PART: { "ClassName": "DodgeRam_Hood_Woodland_Sand", "MaxPriceThreshold": 1000, "MinPriceThreshold": 1000, "SellPricePercent": 20, "MaxStockThreshold": 10, "MinStockThreshold": 1, "QuantityConfig": 0, "SpawnAttachments": [], "Variants": [] }
SCRIPT       : PART: { "ClassName": "DodgeRam_Trunk_Woodland_Sand", "MaxPriceThreshold": 1000, "MinPriceThreshold": 1000, "SellPricePercent": 20, "MaxStockThreshold": 10, "MinStockThreshold": 1, "QuantityConfig": 0, "SpawnAttachments": [], "Variants": [] 
SCRIPT       : VEHICLE: { "ClassName": "DodgeRam_BOSS_Woodland_Blue", "MaxPriceThreshold": 50000, "MinPriceThreshold": 50000, "SellPricePercent": -1, "MaxStockThreshold": 5, "MinStockThreshold": 1, "QuantityConfig": 0, "SpawnAttachments": [], "Variants": 
SCRIPT       : PART: { "ClassName": "DodgeRam_Driver_Door_Woodland_Blue", "MaxPriceThreshold": 1000, "MinPriceThreshold": 1000, "SellPricePercent": 20, "MaxStockThreshold": 10, "MinStockThreshold": 1, "QuantityConfig": 0, "SpawnAttachments": [], "Variants
SCRIPT       : PART: { "ClassName": "DodgeRam_CoDriver_Door_Woodland_Blue", "MaxPriceThreshold": 1000, "MinPriceThreshold": 1000, "SellPricePercent": 20, "MaxStockThreshold": 10, "MinStockThreshold": 1, "QuantityConfig": 0, "SpawnAttachments": [], "Varian
SCRIPT       : PART: { "ClassName": "DodgeRam_Hood_Woodland_Blue", "MaxPriceThreshold": 1000, "MinPriceThreshold": 1000, "SellPricePercent": 20, "MaxStockThreshold": 10, "MinStockThreshold": 1, "QuantityConfig": 0, "SpawnAttachments": [], "Variants": [] }
SCRIPT       : PART: { "ClassName": "DodgeRam_Trunk_Woodland_Blue", "MaxPriceThreshold": 1000, "MinPriceThreshold": 1000, "SellPricePercent": 20, "MaxStockThreshold": 10, "MinStockThreshold": 1, "QuantityConfig": 0, "SpawnAttachments": [], "Variants": [] 
SCRIPT       : VEHICLE: { "ClassName": "DodgeRam_BOSS_ChinaLake", "MaxPriceThreshold": 50000, "MinPriceThreshold": 50000, "SellPricePercent": -1, "MaxStockThreshold": 5, "MinStockThreshold": 1, "QuantityConfig": 0, "SpawnAttachments": [], "Variants": [] }
SCRIPT       : PART: { "ClassName": "DodgeRam_Driver_Door_ChinaLake", "MaxPriceThreshold": 1000, "MinPriceThreshold": 1000, "SellPricePercent": 20, "MaxStockThreshold": 10, "MinStockThreshold": 1, "QuantityConfig": 0, "SpawnAttachments": [], "Variants": [
SCRIPT       : PART: { "ClassName": "DodgeRam_CoDriver_Door_ChinaLake", "MaxPriceThreshold": 1000, "MinPriceThreshold": 1000, "SellPricePercent": 20, "MaxStockThreshold": 10, "MinStockThreshold": 1, "QuantityConfig": 0, "SpawnAttachments": [], "Variants":
SCRIPT       : PART: { "ClassName": "DodgeRam_Hood_ChinaLake", "MaxPriceThreshold": 1000, "MinPriceThreshold": 1000, "SellPricePercent": 20, "MaxStockThreshold": 10, "MinStockThreshold": 1, "QuantityConfig": 0, "SpawnAttachments": [], "Variants": [] },
SCRIPT       : PART: { "ClassName": "DodgeRam_Trunk_ChinaLake", "MaxPriceThreshold": 1000, "MinPriceThreshold": 1000, "SellPricePercent": 20, "MaxStockThreshold": 10, "MinStockThreshold": 1, "QuantityConfig": 0, "SpawnAttachments": [], "Variants": [] },
SCRIPT       : VEHICLE: { "ClassName": "DodgeRam_BOSS_RedTiger", "MaxPriceThreshold": 50000, "MinPriceThreshold": 50000, "SellPricePercent": -1, "MaxStockThreshold": 5, "MinStockThreshold": 1, "QuantityConfig": 0, "SpawnAttachments": [], "Variants": [] },
SCRIPT       : PART: { "ClassName": "DodgeRam_Driver_Door_RedTiger", "MaxPriceThreshold": 1000, "MinPriceThreshold": 1000, "SellPricePercent": 20, "MaxStockThreshold": 10, "MinStockThreshold": 1, "QuantityConfig": 0, "SpawnAttachments": [], "Variants": []
SCRIPT       : PART: { "ClassName": "DodgeRam_CoDriver_Door_RedTiger", "MaxPriceThreshold": 1000, "MinPriceThreshold": 1000, "SellPricePercent": 20, "MaxStockThreshold": 10, "MinStockThreshold": 1, "QuantityConfig": 0, "SpawnAttachments": [], "Variants": 
SCRIPT       : PART: { "ClassName": "DodgeRam_Hood_RedTiger", "MaxPriceThreshold": 1000, "MinPriceThreshold": 1000, "SellPricePercent": 20, "MaxStockThreshold": 10, "MinStockThreshold": 1, "QuantityConfig": 0, "SpawnAttachments": [], "Variants": [] },
SCRIPT       : PART: { "ClassName": "DodgeRam_Trunk_RedTiger", "MaxPriceThreshold": 1000, "MinPriceThreshold": 1000, "SellPricePercent": 20, "MaxStockThreshold": 10, "MinStockThreshold": 1, "QuantityConfig": 0, "SpawnAttachments": [], "Variants": [] },
SCRIPT       : VEHICLE: { "ClassName": "DodgeRam_BOSS_BlueTiger", "MaxPriceThreshold": 50000, "MinPriceThreshold": 50000, "SellPricePercent": -1, "MaxStockThreshold": 5, "MinStockThreshold": 1, "QuantityConfig": 0, "SpawnAttachments": [], "Variants": [] }
SCRIPT       : PART: { "ClassName": "DodgeRam_Driver_Door_BlueTiger", "MaxPriceThreshold": 1000, "MinPriceThreshold": 1000, "SellPricePercent": 20, "MaxStockThreshold": 10, "MinStockThreshold": 1, "QuantityConfig": 0, "SpawnAttachments": [], "Variants": [
SCRIPT       : PART: { "ClassName": "DodgeRam_CoDriver_Door_BlueTiger", "MaxPriceThreshold": 1000, "MinPriceThreshold": 1000, "SellPricePercent": 20, "MaxStockThreshold": 10, "MinStockThreshold": 1, "QuantityConfig": 0, "SpawnAttachments": [], "Variants":
SCRIPT       : PART: { "ClassName": "DodgeRam_Hood_BlueTiger", "MaxPriceThreshold": 1000, "MinPriceThreshold": 1000, "SellPricePercent": 20, "MaxStockThreshold": 10, "MinStockThreshold": 1, "QuantityConfig": 0, "SpawnAttachments": [], "Variants": [] },
SCRIPT       : PART: { "ClassName": "DodgeRam_Trunk_BlueTiger", "MaxPriceThreshold": 1000, "MinPriceThreshold": 1000, "SellPricePercent": 20, "MaxStockThreshold": 10, "MinStockThreshold": 1, "QuantityConfig": 0, "SpawnAttachments": [], "Variants": [] },
SCRIPT       : VEHICLE: { "ClassName": "DodgeRam_BOSS_Mocha", "MaxPriceThreshold": 50000, "MinPriceThreshold": 50000, "SellPricePercent": -1, "MaxStockThreshold": 5, "MinStockThreshold": 1, "QuantityConfig": 0, "SpawnAttachments": [], "Variants": [] },
SCRIPT       : PART: { "ClassName": "DodgeRam_Driver_Door_Mocha", "MaxPriceThreshold": 1000, "MinPriceThreshold": 1000, "SellPricePercent": 20, "MaxStockThreshold": 10, "MinStockThreshold": 1, "QuantityConfig": 0, "SpawnAttachments": [], "Variants": [] },
SCRIPT       : PART: { "ClassName": "DodgeRam_CoDriver_Door_Mocha", "MaxPriceThreshold": 1000, "MinPriceThreshold": 1000, "SellPricePercent": 20, "MaxStockThreshold": 10, "MinStockThreshold": 1, "QuantityConfig": 0, "SpawnAttachments": [], "Variants": [] 
SCRIPT       : PART: { "ClassName": "DodgeRam_Hood_Mocha", "MaxPriceThreshold": 1000, "MinPriceThreshold": 1000, "SellPricePercent": 20, "MaxStockThreshold": 10, "MinStockThreshold": 1, "QuantityConfig": 0, "SpawnAttachments": [], "Variants": [] },
SCRIPT       : PART: { "ClassName": "DodgeRam_Trunk_Mocha", "MaxPriceThreshold": 1000, "MinPriceThreshold": 1000, "SellPricePercent": 20, "MaxStockThreshold": 10, "MinStockThreshold": 1, "QuantityConfig": 0, "SpawnAttachments": [], "Variants": [] },
SCRIPT       : VEHICLE: { "ClassName": "DodgeRam_BOSS_ModernWoodland", "MaxPriceThreshold": 50000, "MinPriceThreshold": 50000, "SellPricePercent": -1, "MaxStockThreshold": 5, "MinStockThreshold": 1, "QuantityConfig": 0, "SpawnAttachments": [], "Variants":
SCRIPT       : PART: { "ClassName": "DodgeRam_Driver_Door_ModernWoodland", "MaxPriceThreshold": 1000, "MinPriceThreshold": 1000, "SellPricePercent": 20, "MaxStockThreshold": 10, "MinStockThreshold": 1, "QuantityConfig": 0, "SpawnAttachments": [], "Variant
SCRIPT       : PART: { "ClassName": "DodgeRam_CoDriver_Door_ModernWoodland", "MaxPriceThreshold": 1000, "MinPriceThreshold": 1000, "SellPricePercent": 20, "MaxStockThreshold": 10, "MinStockThreshold": 1, "QuantityConfig": 0, "SpawnAttachments": [], "Varia
SCRIPT       : PART: { "ClassName": "DodgeRam_Hood_ModernWoodland", "MaxPriceThreshold": 1000, "MinPriceThreshold": 1000, "SellPricePercent": 20, "MaxStockThreshold": 10, "MinStockThreshold": 1, "QuantityConfig": 0, "SpawnAttachments": [], "Variants": [] 
SCRIPT       : PART: { "ClassName": "DodgeRam_Trunk_ModernWoodland", "MaxPriceThreshold": 1000, "MinPriceThreshold": 1000, "SellPricePercent": 20, "MaxStockThreshold": 10, "MinStockThreshold": 1, "QuantityConfig": 0, "SpawnAttachments": [], "Variants": []
SCRIPT       : VEHICLE: { "ClassName": "DodgeRam_BOSS_Skulls", "MaxPriceThreshold": 50000, "MinPriceThreshold": 50000, "SellPricePercent": -1, "MaxStockThreshold": 5, "MinStockThreshold": 1, "QuantityConfig": 0, "SpawnAttachments": [], "Variants": [] },
SCRIPT       : PART: { "ClassName": "DodgeRam_Driver_Door_Skulls", "MaxPriceThreshold": 1000, "MinPriceThreshold": 1000, "SellPricePercent": 20, "MaxStockThreshold": 10, "MinStockThreshold": 1, "QuantityConfig": 0, "SpawnAttachments": [], "Variants": [] }
SCRIPT       : PART: { "ClassName": "DodgeRam_CoDriver_Door_Skulls", "MaxPriceThreshold": 1000, "MinPriceThreshold": 1000, "SellPricePercent": 20, "MaxStockThreshold": 10, "MinStockThreshold": 1, "QuantityConfig": 0, "SpawnAttachments": [], "Variants": []
SCRIPT       : PART: { "ClassName": "DodgeRam_Hood_Skulls", "MaxPriceThreshold": 1000, "MinPriceThreshold": 1000, "SellPricePercent": 20, "MaxStockThreshold": 10, "MinStockThreshold": 1, "QuantityConfig": 0, "SpawnAttachments": [], "Variants": [] },
SCRIPT       : PART: { "ClassName": "DodgeRam_Trunk_Skulls", "MaxPriceThreshold": 1000, "MinPriceThreshold": 1000, "SellPricePercent": 20, "MaxStockThreshold": 10, "MinStockThreshold": 1, "QuantityConfig": 0, "SpawnAttachments": [], "Variants": [] },
SCRIPT       : VEHICLE: { "ClassName": "DodgeRam_BOSS_DUDB", "MaxPriceThreshold": 50000, "MinPriceThreshold": 50000, "SellPricePercent": -1, "MaxStockThreshold": 5, "MinStockThreshold": 1, "QuantityConfig": 0, "SpawnAttachments": [], "Variants": [] },
SCRIPT       : PART: { "ClassName": "DodgeRam_Driver_Door_DUDB", "MaxPriceThreshold": 1000, "MinPriceThreshold": 1000, "SellPricePercent": 20, "MaxStockThreshold": 10, "MinStockThreshold": 1, "QuantityConfig": 0, "SpawnAttachments": [], "Variants": [] },
SCRIPT       : PART: { "ClassName": "DodgeRam_CoDriver_Door_DUDB", "MaxPriceThreshold": 1000, "MinPriceThreshold": 1000, "SellPricePercent": 20, "MaxStockThreshold": 10, "MinStockThreshold": 1, "QuantityConfig": 0, "SpawnAttachments": [], "Variants": [] }
SCRIPT       : PART: { "ClassName": "DodgeRam_Hood_DUDB", "MaxPriceThreshold": 1000, "MinPriceThreshold": 1000, "SellPricePercent": 20, "MaxStockThreshold": 10, "MinStockThreshold": 1, "QuantityConfig": 0, "SpawnAttachments": [], "Variants": [] },
SCRIPT       : PART: { "ClassName": "DodgeRam_Trunk_DUDB", "MaxPriceThreshold": 1000, "MinPriceThreshold": 1000, "SellPricePercent": 20, "MaxStockThreshold": 10, "MinStockThreshold": 1, "QuantityConfig": 0, "SpawnAttachments": [], "Variants": [] },
SCRIPT       : VEHICLE: { "ClassName": "DodgeRam_BOSS_Woodland_Nightfrost", "MaxPriceThreshold": 50000, "MinPriceThreshold": 50000, "SellPricePercent": -1, "MaxStockThreshold": 5, "MinStockThreshold": 1, "QuantityConfig": 0, "SpawnAttachments": [], "Varia
SCRIPT       : PART: { "ClassName": "DodgeRam_Driver_Door_Woodland_Nightfrost", "MaxPriceThreshold": 1000, "MinPriceThreshold": 1000, "SellPricePercent": 20, "MaxStockThreshold": 10, "MinStockThreshold": 1, "QuantityConfig": 0, "SpawnAttachments": [], "Va
SCRIPT       : PART: { "ClassName": "DodgeRam_CoDriver_Door_Woodland_Nightfrost", "MaxPriceThreshold": 1000, "MinPriceThreshold": 1000, "SellPricePercent": 20, "MaxStockThreshold": 10, "MinStockThreshold": 1, "QuantityConfig": 0, "SpawnAttachments": [], "
SCRIPT       : PART: { "ClassName": "DodgeRam_Hood_Woodland_Nightfrost", "MaxPriceThreshold": 1000, "MinPriceThreshold": 1000, "SellPricePercent": 20, "MaxStockThreshold": 10, "MinStockThreshold": 1, "QuantityConfig": 0, "SpawnAttachments": [], "Variants"
SCRIPT       : PART: { "ClassName": "DodgeRam_Trunk_Woodland_Nightfrost", "MaxPriceThreshold": 1000, "MinPriceThreshold": 1000, "SellPricePercent": 20, "MaxStockThreshold": 10, "MinStockThreshold": 1, "QuantityConfig": 0, "SpawnAttachments": [], "Variants
SCRIPT       : VEHICLE: { "ClassName": "DodgeRam_BOSS_TopoGraphic", "MaxPriceThreshold": 50000, "MinPriceThreshold": 50000, "SellPricePercent": -1, "MaxStockThreshold": 5, "MinStockThreshold": 1, "QuantityConfig": 0, "SpawnAttachments": [], "Variants": []
SCRIPT       : PART: { "ClassName": "DodgeRam_Driver_Door_TopoGraphic", "MaxPriceThreshold": 1000, "MinPriceThreshold": 1000, "SellPricePercent": 20, "MaxStockThreshold": 10, "MinStockThreshold": 1, "QuantityConfig": 0, "SpawnAttachments": [], "Variants":
SCRIPT       : PART: { "ClassName": "DodgeRam_CoDriver_Door_TopoGraphic", "MaxPriceThreshold": 1000, "MinPriceThreshold": 1000, "SellPricePercent": 20, "MaxStockThreshold": 10, "MinStockThreshold": 1, "QuantityConfig": 0, "SpawnAttachments": [], "Variants
SCRIPT       : PART: { "ClassName": "DodgeRam_Hood_TopoGraphic", "MaxPriceThreshold": 1000, "MinPriceThreshold": 1000, "SellPricePercent": 20, "MaxStockThreshold": 10, "MinStockThreshold": 1, "QuantityConfig": 0, "SpawnAttachments": [], "Variants": [] },
SCRIPT       : PART: { "ClassName": "DodgeRam_Trunk_TopoGraphic", "MaxPriceThreshold": 1000, "MinPriceThreshold": 1000, "SellPricePercent": 20, "MaxStockThreshold": 10, "MinStockThreshold": 1, "QuantityConfig": 0, "SpawnAttachments": [], "Variants": [] },
SCRIPT       : VEHICLE: { "ClassName": "DodgeRam_BOSS_TopoTrip", "MaxPriceThreshold": 50000, "MinPriceThreshold": 50000, "SellPricePercent": -1, "MaxStockThreshold": 5, "MinStockThreshold": 1, "QuantityConfig": 0, "SpawnAttachments": [], "Variants": [] },
SCRIPT       : PART: { "ClassName": "DodgeRam_Driver_Door_TopoTrip", "MaxPriceThreshold": 1000, "MinPriceThreshold": 1000, "SellPricePercent": 20, "MaxStockThreshold": 10, "MinStockThreshold": 1, "QuantityConfig": 0, "SpawnAttachments": [], "Variants": []
SCRIPT       : PART: { "ClassName": "DodgeRam_CoDriver_Door_TopoTrip", "MaxPriceThreshold": 1000, "MinPriceThreshold": 1000, "SellPricePercent": 20, "MaxStockThreshold": 10, "MinStockThreshold": 1, "QuantityConfig": 0, "SpawnAttachments": [], "Variants": 
SCRIPT       : PART: { "ClassName": "DodgeRam_Hood_TopoTrip", "MaxPriceThreshold": 1000, "MinPriceThreshold": 1000, "SellPricePercent": 20, "MaxStockThreshold": 10, "MinStockThreshold": 1, "QuantityConfig": 0, "SpawnAttachments": [], "Variants": [] },
SCRIPT       : PART: { "ClassName": "DodgeRam_Trunk_TopoTrip", "MaxPriceThreshold": 1000, "MinPriceThreshold": 1000, "SellPricePercent": 20, "MaxStockThreshold": 10, "MinStockThreshold": 1, "QuantityConfig": 0, "SpawnAttachments": [], "Variants": [] },
SCRIPT       : VEHICLE: { "ClassName": "DodgeRam_BOSS_Rust", "MaxPriceThreshold": 50000, "MinPriceThreshold": 50000, "SellPricePercent": -1, "MaxStockThreshold": 5, "MinStockThreshold": 1, "QuantityConfig": 0, "SpawnAttachments": [], "Variants": [] },
SCRIPT       : PART: { "ClassName": "DodgeRam_Driver_Door_Rust", "MaxPriceThreshold": 1000, "MinPriceThreshold": 1000, "SellPricePercent": 20, "MaxStockThreshold": 10, "MinStockThreshold": 1, "QuantityConfig": 0, "SpawnAttachments": [], "Variants": [] },
SCRIPT       : PART: { "ClassName": "DodgeRam_CoDriver_Door_Rust", "MaxPriceThreshold": 1000, "MinPriceThreshold": 1000, "SellPricePercent": 20, "MaxStockThreshold": 10, "MinStockThreshold": 1, "QuantityConfig": 0, "SpawnAttachments": [], "Variants": [] }
SCRIPT       : PART: { "ClassName": "DodgeRam_Hood_Rust", "MaxPriceThreshold": 1000, "MinPriceThreshold": 1000, "SellPricePercent": 20, "MaxStockThreshold": 10, "MinStockThreshold": 1, "QuantityConfig": 0, "SpawnAttachments": [], "Variants": [] },
SCRIPT       : PART: { "ClassName": "DodgeRam_Trunk_Rust", "MaxPriceThreshold": 1000, "MinPriceThreshold": 1000, "SellPricePercent": 20, "MaxStockThreshold": 10, "MinStockThreshold": 1, "QuantityConfig": 0, "SpawnAttachments": [], "Variants": [] },
SCRIPT       : PART: { "ClassName": "DodgeRam_3500_Wheel", "MaxPriceThreshold": 1000, "MinPriceThreshold": 1000, "SellPricePercent": 20, "MaxStockThreshold": 10, "MinStockThreshold": 1, "QuantityConfig": 0, "SpawnAttachments": [], "Variants": [] },
SCRIPT       : PART: { "ClassName": "DodgeRam_3500_Wheel_Destroyed", "MaxPriceThreshold": 1000, "MinPriceThreshold": 1000, "SellPricePercent": 20, "MaxStockThreshold": 10, "MinStockThreshold": 1, "QuantityConfig": 0, "SpawnAttachments": [], "Variants": []
SCRIPT       : PART: { "ClassName": "DodgeRam_3500_WheelFlashy", "MaxPriceThreshold": 1000, "MinPriceThreshold": 1000, "SellPricePercent": 20, "MaxStockThreshold": 10, "MinStockThreshold": 1, "QuantityConfig": 0, "SpawnAttachments": [], "Variants": [] },
SCRIPT       : PART: { "ClassName": "DodgeRam_3500_WheelFlashy_destroyed", "MaxPriceThreshold": 1000, "MinPriceThreshold": 1000, "SellPricePercent": 20, "MaxStockThreshold": 10, "MinStockThreshold": 1, "QuantityConfig": 0, "SpawnAttachments": [], "Variant
SCRIPT       : PART: { "ClassName": "DodgeRam_3500_Trunk", "MaxPriceThreshold": 1000, "MinPriceThreshold": 1000, "SellPricePercent": 20, "MaxStockThreshold": 10, "MinStockThreshold": 1, "QuantityConfig": 0, "SpawnAttachments": [], "Variants": [] },
SCRIPT       : PART: { "ClassName": "DodgeRam_3500_Hood", "MaxPriceThreshold": 1000, "MinPriceThreshold": 1000, "SellPricePercent": 20, "MaxStockThreshold": 10, "MinStockThreshold": 1, "QuantityConfig": 0, "SpawnAttachments": [], "Variants": [] },
SCRIPT       : VEHICLE: { "ClassName": "DodgeRam_3500_White", "MaxPriceThreshold": 50000, "MinPriceThreshold": 50000, "SellPricePercent": -1, "MaxStockThreshold": 5, "MinStockThreshold": 1, "QuantityConfig": 0, "SpawnAttachments": [], "Variants": [] },
SCRIPT       : VEHICLE: { "ClassName": "DodgeRam_3500_Red", "MaxPriceThreshold": 50000, "MinPriceThreshold": 50000, "SellPricePercent": -1, "MaxStockThreshold": 5, "MinStockThreshold": 1, "QuantityConfig": 0, "SpawnAttachments": [], "Variants": [] },
SCRIPT       : VEHICLE: { "ClassName": "DodgeRam_3500Rollbar_White", "MaxPriceThreshold": 50000, "MinPriceThreshold": 50000, "SellPricePercent": -1, "MaxStockThreshold": 5, "MinStockThreshold": 1, "QuantityConfig": 0, "SpawnAttachments": [], "Variants": [
SCRIPT       : VEHICLE: { "ClassName": "DodgeRam_3500Rollbar_Red", "MaxPriceThreshold": 50000, "MinPriceThreshold": 50000, "SellPricePercent": -1, "MaxStockThreshold": 5, "MinStockThreshold": 1, "QuantityConfig": 0, "SpawnAttachments": [], "Variants": [] 
SCRIPT       : VEHICLE: { "ClassName": "DodgeRam_3500Rollbar_Green", "MaxPriceThreshold": 50000, "MinPriceThreshold": 50000, "SellPricePercent": -1, "MaxStockThreshold": 5, "MinStockThreshold": 1, "QuantityConfig": 0, "SpawnAttachments": [], "Variants": [
SCRIPT       : VEHICLE: { "ClassName": "DodgeRam_3500Rollbar_Grey", "MaxPriceThreshold": 50000, "MinPriceThreshold": 50000, "SellPricePercent": -1, "MaxStockThreshold": 5, "MinStockThreshold": 1, "QuantityConfig": 0, "SpawnAttachments": [], "Variants": []
SCRIPT       : VEHICLE: { "ClassName": "DodgeRam_3500Rollbar_Black", "MaxPriceThreshold": 50000, "MinPriceThreshold": 50000, "SellPricePercent": -1, "MaxStockThreshold": 5, "MinStockThreshold": 1, "QuantityConfig": 0, "SpawnAttachments": [], "Variants": [
SCRIPT       : VEHICLE: { "ClassName": "DodgeRam_3500Rollbar_Orange", "MaxPriceThreshold": 50000, "MinPriceThreshold": 50000, "SellPricePercent": -1, "MaxStockThreshold": 5, "MinStockThreshold": 1, "QuantityConfig": 0, "SpawnAttachments": [], "Variants": 
SCRIPT       : VEHICLE: { "ClassName": "DodgeRam_3500Rollbar_Purple", "MaxPriceThreshold": 50000, "MinPriceThreshold": 50000, "SellPricePercent": -1, "MaxStockThreshold": 5, "MinStockThreshold": 1, "QuantityConfig": 0, "SpawnAttachments": [], "Variants": 
SCRIPT       : VEHICLE: { "ClassName": "DodgeRam_3500Rollbar_Yellow", "MaxPriceThreshold": 50000, "MinPriceThreshold": 50000, "SellPricePercent": -1, "MaxStockThreshold": 5, "MinStockThreshold": 1, "QuantityConfig": 0, "SpawnAttachments": [], "Variants": 
SCRIPT       : VEHICLE: { "ClassName": "DodgeRam_3500Rollbar_Cyan", "MaxPriceThreshold": 50000, "MinPriceThreshold": 50000, "SellPricePercent": -1, "MaxStockThreshold": 5, "MinStockThreshold": 1, "QuantityConfig": 0, "SpawnAttachments": [], "Variants": []
SCRIPT       : VEHICLE: { "ClassName": "DodgeRam_3500Rollbar_AJ45", "MaxPriceThreshold": 50000, "MinPriceThreshold": 50000, "SellPricePercent": -1, "MaxStockThreshold": 5, "MinStockThreshold": 1, "QuantityConfig": 0, "SpawnAttachments": [], "Variants": []
SCRIPT       : VEHICLE: { "ClassName": "DodgeRam_3500Rollbar_BlueTiger", "MaxPriceThreshold": 50000, "MinPriceThreshold": 50000, "SellPricePercent": -1, "MaxStockThreshold": 5, "MinStockThreshold": 1, "QuantityConfig": 0, "SpawnAttachments": [], "Variants
SCRIPT       : VEHICLE: { "ClassName": "DodgeRam_3500Rollbar_KBTGR", "MaxPriceThreshold": 50000, "MinPriceThreshold": 50000, "SellPricePercent": -1, "MaxStockThreshold": 5, "MinStockThreshold": 1, "QuantityConfig": 0, "SpawnAttachments": [], "Variants": [
SCRIPT       : VEHICLE: { "ClassName": "DodgeRam_3500Rollbar_M81", "MaxPriceThreshold": 50000, "MinPriceThreshold": 50000, "SellPricePercent": -1, "MaxStockThreshold": 5, "MinStockThreshold": 1, "QuantityConfig": 0, "SpawnAttachments": [], "Variants": [] 
SCRIPT       : VEHICLE: { "ClassName": "DodgeRam_3500Rollbar_RealTree", "MaxPriceThreshold": 50000, "MinPriceThreshold": 50000, "SellPricePercent": -1, "MaxStockThreshold": 5, "MinStockThreshold": 1, "QuantityConfig": 0, "SpawnAttachments": [], "Variants"
SCRIPT       : VEHICLE: { "ClassName": "DodgeRam_3500Rollbar_RedTiger", "MaxPriceThreshold": 50000, "MinPriceThreshold": 50000, "SellPricePercent": -1, "MaxStockThreshold": 5, "MinStockThreshold": 1, "QuantityConfig": 0, "SpawnAttachments": [], "Variants"
SCRIPT       : VEHICLE: { "ClassName": "DodgeRam_3500Rollbar_ScamTopia", "MaxPriceThreshold": 50000, "MinPriceThreshold": 50000, "SellPricePercent": -1, "MaxStockThreshold": 5, "MinStockThreshold": 1, "QuantityConfig": 0, "SpawnAttachments": [], "Variants
SCRIPT       : PART: { "ClassName": "DodgeRam_3500_Hood_Red", "MaxPriceThreshold": 1000, "MinPriceThreshold": 1000, "SellPricePercent": 20, "MaxStockThreshold": 10, "MinStockThreshold": 1, "QuantityConfig": 0, "SpawnAttachments": [], "Variants": [] },
SCRIPT       : PART: { "ClassName": "DodgeRam_3500_Trunk_Red", "MaxPriceThreshold": 1000, "MinPriceThreshold": 1000, "SellPricePercent": 20, "MaxStockThreshold": 10, "MinStockThreshold": 1, "QuantityConfig": 0, "SpawnAttachments": [], "Variants": [] },
SCRIPT       : VEHICLE: { "ClassName": "DodgeRam_3500_Green", "MaxPriceThreshold": 50000, "MinPriceThreshold": 50000, "SellPricePercent": -1, "MaxStockThreshold": 5, "MinStockThreshold": 1, "QuantityConfig": 0, "SpawnAttachments": [], "Variants": [] },
SCRIPT       : PART: { "ClassName": "DodgeRam_3500_Hood_Green", "MaxPriceThreshold": 1000, "MinPriceThreshold": 1000, "SellPricePercent": 20, "MaxStockThreshold": 10, "MinStockThreshold": 1, "QuantityConfig": 0, "SpawnAttachments": [], "Variants": [] },
SCRIPT       : PART: { "ClassName": "DodgeRam_3500_Trunk_Green", "MaxPriceThreshold": 1000, "MinPriceThreshold": 1000, "SellPricePercent": 20, "MaxStockThreshold": 10, "MinStockThreshold": 1, "QuantityConfig": 0, "SpawnAttachments": [], "Variants": [] },
SCRIPT       : VEHICLE: { "ClassName": "DodgeRam_3500_Grey", "MaxPriceThreshold": 50000, "MinPriceThreshold": 50000, "SellPricePercent": -1, "MaxStockThreshold": 5, "MinStockThreshold": 1, "QuantityConfig": 0, "SpawnAttachments": [], "Variants": [] },
SCRIPT       : PART: { "ClassName": "DodgeRam_3500_Hood_Grey", "MaxPriceThreshold": 1000, "MinPriceThreshold": 1000, "SellPricePercent": 20, "MaxStockThreshold": 10, "MinStockThreshold": 1, "QuantityConfig": 0, "SpawnAttachments": [], "Variants": [] },
SCRIPT       : PART: { "ClassName": "DodgeRam_3500_Trunk_Grey", "MaxPriceThreshold": 1000, "MinPriceThreshold": 1000, "SellPricePercent": 20, "MaxStockThreshold": 10, "MinStockThreshold": 1, "QuantityConfig": 0, "SpawnAttachments": [], "Variants": [] },
SCRIPT       : VEHICLE: { "ClassName": "DodgeRam_3500_Black", "MaxPriceThreshold": 50000, "MinPriceThreshold": 50000, "SellPricePercent": -1, "MaxStockThreshold": 5, "MinStockThreshold": 1, "QuantityConfig": 0, "SpawnAttachments": [], "Variants": [] },
SCRIPT       : PART: { "ClassName": "DodgeRam_3500_Hood_Black", "MaxPriceThreshold": 1000, "MinPriceThreshold": 1000, "SellPricePercent": 20, "MaxStockThreshold": 10, "MinStockThreshold": 1, "QuantityConfig": 0, "SpawnAttachments": [], "Variants": [] },
SCRIPT       : PART: { "ClassName": "DodgeRam_3500_Trunk_Black", "MaxPriceThreshold": 1000, "MinPriceThreshold": 1000, "SellPricePercent": 20, "MaxStockThreshold": 10, "MinStockThreshold": 1, "QuantityConfig": 0, "SpawnAttachments": [], "Variants": [] },
SCRIPT       : VEHICLE: { "ClassName": "DodgeRam_3500_Orange", "MaxPriceThreshold": 50000, "MinPriceThreshold": 50000, "SellPricePercent": -1, "MaxStockThreshold": 5, "MinStockThreshold": 1, "QuantityConfig": 0, "SpawnAttachments": [], "Variants": [] },
SCRIPT       : PART: { "ClassName": "DodgeRam_3500_Hood_Orange", "MaxPriceThreshold": 1000, "MinPriceThreshold": 1000, "SellPricePercent": 20, "MaxStockThreshold": 10, "MinStockThreshold": 1, "QuantityConfig": 0, "SpawnAttachments": [], "Variants": [] },
SCRIPT       : PART: { "ClassName": "DodgeRam_3500_Trunk_Orange", "MaxPriceThreshold": 1000, "MinPriceThreshold": 1000, "SellPricePercent": 20, "MaxStockThreshold": 10, "MinStockThreshold": 1, "QuantityConfig": 0, "SpawnAttachments": [], "Variants": [] },
SCRIPT       : VEHICLE: { "ClassName": "DodgeRam_3500_Purple", "MaxPriceThreshold": 50000, "MinPriceThreshold": 50000, "SellPricePercent": -1, "MaxStockThreshold": 5, "MinStockThreshold": 1, "QuantityConfig": 0, "SpawnAttachments": [], "Variants": [] },
SCRIPT       : PART: { "ClassName": "DodgeRam_3500_Hood_Purple", "MaxPriceThreshold": 1000, "MinPriceThreshold": 1000, "SellPricePercent": 20, "MaxStockThreshold": 10, "MinStockThreshold": 1, "QuantityConfig": 0, "SpawnAttachments": [], "Variants": [] },
SCRIPT       : PART: { "ClassName": "DodgeRam_3500_Trunk_Purple", "MaxPriceThreshold": 1000, "MinPriceThreshold": 1000, "SellPricePercent": 20, "MaxStockThreshold": 10, "MinStockThreshold": 1, "QuantityConfig": 0, "SpawnAttachments": [], "Variants": [] },
SCRIPT       : VEHICLE: { "ClassName": "DodgeRam_3500_Yellow", "MaxPriceThreshold": 50000, "MinPriceThreshold": 50000, "SellPricePercent": -1, "MaxStockThreshold": 5, "MinStockThreshold": 1, "QuantityConfig": 0, "SpawnAttachments": [], "Variants": [] },
SCRIPT       : PART: { "ClassName": "DodgeRam_3500_Hood_Yellow", "MaxPriceThreshold": 1000, "MinPriceThreshold": 1000, "SellPricePercent": 20, "MaxStockThreshold": 10, "MinStockThreshold": 1, "QuantityConfig": 0, "SpawnAttachments": [], "Variants": [] },
SCRIPT       : PART: { "ClassName": "DodgeRam_3500_Trunk_Yellow", "MaxPriceThreshold": 1000, "MinPriceThreshold": 1000, "SellPricePercent": 20, "MaxStockThreshold": 10, "MinStockThreshold": 1, "QuantityConfig": 0, "SpawnAttachments": [], "Variants": [] },
SCRIPT       : VEHICLE: { "ClassName": "DodgeRam_3500_Cyan", "MaxPriceThreshold": 50000, "MinPriceThreshold": 50000, "SellPricePercent": -1, "MaxStockThreshold": 5, "MinStockThreshold": 1, "QuantityConfig": 0, "SpawnAttachments": [], "Variants": [] },
SCRIPT       : PART: { "ClassName": "DodgeRam_3500_Hood_Cyan", "MaxPriceThreshold": 1000, "MinPriceThreshold": 1000, "SellPricePercent": 20, "MaxStockThreshold": 10, "MinStockThreshold": 1, "QuantityConfig": 0, "SpawnAttachments": [], "Variants": [] },
SCRIPT       : PART: { "ClassName": "DodgeRam_3500_Trunk_Cyan", "MaxPriceThreshold": 1000, "MinPriceThreshold": 1000, "SellPricePercent": 20, "MaxStockThreshold": 10, "MinStockThreshold": 1, "QuantityConfig": 0, "SpawnAttachments": [], "Variants": [] },
SCRIPT       : VEHICLE: { "ClassName": "DodgeRam_3500_AJ45", "MaxPriceThreshold": 50000, "MinPriceThreshold": 50000, "SellPricePercent": -1, "MaxStockThreshold": 5, "MinStockThreshold": 1, "QuantityConfig": 0, "SpawnAttachments": [], "Variants": [] },
SCRIPT       : PART: { "ClassName": "DodgeRam_3500_Hood_AJ45", "MaxPriceThreshold": 1000, "MinPriceThreshold": 1000, "SellPricePercent": 20, "MaxStockThreshold": 10, "MinStockThreshold": 1, "QuantityConfig": 0, "SpawnAttachments": [], "Variants": [] },
SCRIPT       : PART: { "ClassName": "DodgeRam_3500_Trunk_AJ45", "MaxPriceThreshold": 1000, "MinPriceThreshold": 1000, "SellPricePercent": 20, "MaxStockThreshold": 10, "MinStockThreshold": 1, "QuantityConfig": 0, "SpawnAttachments": [], "Variants": [] },
SCRIPT       : VEHICLE: { "ClassName": "DodgeRam_3500_BlueTiger", "MaxPriceThreshold": 50000, "MinPriceThreshold": 50000, "SellPricePercent": -1, "MaxStockThreshold": 5, "MinStockThreshold": 1, "QuantityConfig": 0, "SpawnAttachments": [], "Variants": [] }
SCRIPT       : PART: { "ClassName": "DodgeRam_3500_Hood_BlueTiger", "MaxPriceThreshold": 1000, "MinPriceThreshold": 1000, "SellPricePercent": 20, "MaxStockThreshold": 10, "MinStockThreshold": 1, "QuantityConfig": 0, "SpawnAttachments": [], "Variants": [] 
SCRIPT       : PART: { "ClassName": "DodgeRam_3500_Trunk_BlueTiger", "MaxPriceThreshold": 1000, "MinPriceThreshold": 1000, "SellPricePercent": 20, "MaxStockThreshold": 10, "MinStockThreshold": 1, "QuantityConfig": 0, "SpawnAttachments": [], "Variants": []
SCRIPT       : VEHICLE: { "ClassName": "DodgeRam_3500_KBTGR", "MaxPriceThreshold": 50000, "MinPriceThreshold": 50000, "SellPricePercent": -1, "MaxStockThreshold": 5, "MinStockThreshold": 1, "QuantityConfig": 0, "SpawnAttachments": [], "Variants": [] },
SCRIPT       : PART: { "ClassName": "DodgeRam_3500_Hood_KBTGR", "MaxPriceThreshold": 1000, "MinPriceThreshold": 1000, "SellPricePercent": 20, "MaxStockThreshold": 10, "MinStockThreshold": 1, "QuantityConfig": 0, "SpawnAttachments": [], "Variants": [] },
SCRIPT       : PART: { "ClassName": "DodgeRam_3500_Trunk_KBTGR", "MaxPriceThreshold": 1000, "MinPriceThreshold": 1000, "SellPricePercent": 20, "MaxStockThreshold": 10, "MinStockThreshold": 1, "QuantityConfig": 0, "SpawnAttachments": [], "Variants": [] },
SCRIPT       : VEHICLE: { "ClassName": "DodgeRam_3500_M81", "MaxPriceThreshold": 50000, "MinPriceThreshold": 50000, "SellPricePercent": -1, "MaxStockThreshold": 5, "MinStockThreshold": 1, "QuantityConfig": 0, "SpawnAttachments": [], "Variants": [] },
SCRIPT       : PART: { "ClassName": "DodgeRam_3500_Hood_M81", "MaxPriceThreshold": 1000, "MinPriceThreshold": 1000, "SellPricePercent": 20, "MaxStockThreshold": 10, "MinStockThreshold": 1, "QuantityConfig": 0, "SpawnAttachments": [], "Variants": [] },
SCRIPT       : PART: { "ClassName": "DodgeRam_3500_Trunk_M81", "MaxPriceThreshold": 1000, "MinPriceThreshold": 1000, "SellPricePercent": 20, "MaxStockThreshold": 10, "MinStockThreshold": 1, "QuantityConfig": 0, "SpawnAttachments": [], "Variants": [] },
SCRIPT       : VEHICLE: { "ClassName": "DodgeRam_3500_RealTree", "MaxPriceThreshold": 50000, "MinPriceThreshold": 50000, "SellPricePercent": -1, "MaxStockThreshold": 5, "MinStockThreshold": 1, "QuantityConfig": 0, "SpawnAttachments": [], "Variants": [] },
SCRIPT       : PART: { "ClassName": "DodgeRam_3500_Hood_RealTree", "MaxPriceThreshold": 1000, "MinPriceThreshold": 1000, "SellPricePercent": 20, "MaxStockThreshold": 10, "MinStockThreshold": 1, "QuantityConfig": 0, "SpawnAttachments": [], "Variants": [] }
SCRIPT       : PART: { "ClassName": "DodgeRam_3500_Trunk_RealTree", "MaxPriceThreshold": 1000, "MinPriceThreshold": 1000, "SellPricePercent": 20, "MaxStockThreshold": 10, "MinStockThreshold": 1, "QuantityConfig": 0, "SpawnAttachments": [], "Variants": [] 
SCRIPT       : VEHICLE: { "ClassName": "DodgeRam_3500_RedTiger", "MaxPriceThreshold": 50000, "MinPriceThreshold": 50000, "SellPricePercent": -1, "MaxStockThreshold": 5, "MinStockThreshold": 1, "QuantityConfig": 0, "SpawnAttachments": [], "Variants": [] },
SCRIPT       : PART: { "ClassName": "DodgeRam_3500_Hood_RedTiger", "MaxPriceThreshold": 1000, "MinPriceThreshold": 1000, "SellPricePercent": 20, "MaxStockThreshold": 10, "MinStockThreshold": 1, "QuantityConfig": 0, "SpawnAttachments": [], "Variants": [] }
SCRIPT       : PART: { "ClassName": "DodgeRam_3500_Trunk_RedTiger", "MaxPriceThreshold": 1000, "MinPriceThreshold": 1000, "SellPricePercent": 20, "MaxStockThreshold": 10, "MinStockThreshold": 1, "QuantityConfig": 0, "SpawnAttachments": [], "Variants": [] 
SCRIPT       : VEHICLE: { "ClassName": "DodgeRam_3500_ScamTopia", "MaxPriceThreshold": 50000, "MinPriceThreshold": 50000, "SellPricePercent": -1, "MaxStockThreshold": 5, "MinStockThreshold": 1, "QuantityConfig": 0, "SpawnAttachments": [], "Variants": [] }
SCRIPT       : PART: { "ClassName": "DodgeRam_3500_Hood_ScamTopia", "MaxPriceThreshold": 1000, "MinPriceThreshold": 1000, "SellPricePercent": 20, "MaxStockThreshold": 10, "MinStockThreshold": 1, "QuantityConfig": 0, "SpawnAttachments": [], "Variants": [] 
SCRIPT       : PART: { "ClassName": "DodgeRam_3500_Trunk_ScamTopia", "MaxPriceThreshold": 1000, "MinPriceThreshold": 1000, "SellPricePercent": 20, "MaxStockThreshold": 10, "MinStockThreshold": 1, "QuantityConfig": 0, "SpawnAttachments": [], "Variants": []
SCRIPT       : PART: { "ClassName": "fruck_Varta_DoorDriver", "MaxPriceThreshold": 1000, "MinPriceThreshold": 1000, "SellPricePercent": 20, "MaxStockThreshold": 10, "MinStockThreshold": 1, "QuantityConfig": 0, "SpawnAttachments": [], "Variants": [] },
SCRIPT       : PART: { "ClassName": "fruck_Varta_DoorCoDriver", "MaxPriceThreshold": 1000, "MinPriceThreshold": 1000, "SellPricePercent": 20, "MaxStockThreshold": 10, "MinStockThreshold": 1, "QuantityConfig": 0, "SpawnAttachments": [], "Variants": [] },
SCRIPT       : PART: { "ClassName": "fruck_Varta_DoorCargo1", "MaxPriceThreshold": 1000, "MinPriceThreshold": 1000, "SellPricePercent": 20, "MaxStockThreshold": 10, "MinStockThreshold": 1, "QuantityConfig": 0, "SpawnAttachments": [], "Variants": [] },
SCRIPT       : PART: { "ClassName": "fruck_Varta_DoorCargo2", "MaxPriceThreshold": 1000, "MinPriceThreshold": 1000, "SellPricePercent": 20, "MaxStockThreshold": 10, "MinStockThreshold": 1, "QuantityConfig": 0, "SpawnAttachments": [], "Variants": [] },
SCRIPT       : PART: { "ClassName": "fruck_Varta_DoorLook", "MaxPriceThreshold": 1000, "MinPriceThreshold": 1000, "SellPricePercent": 20, "MaxStockThreshold": 10, "MinStockThreshold": 1, "QuantityConfig": 0, "SpawnAttachments": [], "Variants": [] },
SCRIPT       : PART: { "ClassName": "fruck_Varta_DoorTrunk", "MaxPriceThreshold": 1000, "MinPriceThreshold": 1000, "SellPricePercent": 20, "MaxStockThreshold": 10, "MinStockThreshold": 1, "QuantityConfig": 0, "SpawnAttachments": [], "Variants": [] },
SCRIPT       : PART: { "ClassName": "fruck_Varta_DoorDriver_dnr", "MaxPriceThreshold": 1000, "MinPriceThreshold": 1000, "SellPricePercent": 20, "MaxStockThreshold": 10, "MinStockThreshold": 1, "QuantityConfig": 0, "SpawnAttachments": [], "Variants": [] },
SCRIPT       : PART: { "ClassName": "fruck_Varta_DoorCoDriver_dnr", "MaxPriceThreshold": 1000, "MinPriceThreshold": 1000, "SellPricePercent": 20, "MaxStockThreshold": 10, "MinStockThreshold": 1, "QuantityConfig": 0, "SpawnAttachments": [], "Variants": [] 
SCRIPT       : PART: { "ClassName": "fruck_Varta_DoorCargo1_dnr", "MaxPriceThreshold": 1000, "MinPriceThreshold": 1000, "SellPricePercent": 20, "MaxStockThreshold": 10, "MinStockThreshold": 1, "QuantityConfig": 0, "SpawnAttachments": [], "Variants": [] },
SCRIPT       : PART: { "ClassName": "fruck_Varta_DoorCargo2_dnr", "MaxPriceThreshold": 1000, "MinPriceThreshold": 1000, "SellPricePercent": 20, "MaxStockThreshold": 10, "MinStockThreshold": 1, "QuantityConfig": 0, "SpawnAttachments": [], "Variants": [] },
SCRIPT       : PART: { "ClassName": "fruck_Varta_DoorLook_dnr", "MaxPriceThreshold": 1000, "MinPriceThreshold": 1000, "SellPricePercent": 20, "MaxStockThreshold": 10, "MinStockThreshold": 1, "QuantityConfig": 0, "SpawnAttachments": [], "Variants": [] },
SCRIPT       : PART: { "ClassName": "fruck_Varta_DoorTrunk_dnr", "MaxPriceThreshold": 1000, "MinPriceThreshold": 1000, "SellPricePercent": 20, "MaxStockThreshold": 10, "MinStockThreshold": 1, "QuantityConfig": 0, "SpawnAttachments": [], "Variants": [] },
SCRIPT       : PART: { "ClassName": "fruck_Varta_DoorDriver_police", "MaxPriceThreshold": 1000, "MinPriceThreshold": 1000, "SellPricePercent": 20, "MaxStockThreshold": 10, "MinStockThreshold": 1, "QuantityConfig": 0, "SpawnAttachments": [], "Variants": []
SCRIPT       : PART: { "ClassName": "fruck_Varta_DoorCoDriver_police", "MaxPriceThreshold": 1000, "MinPriceThreshold": 1000, "SellPricePercent": 20, "MaxStockThreshold": 10, "MinStockThreshold": 1, "QuantityConfig": 0, "SpawnAttachments": [], "Variants": 
SCRIPT       : PART: { "ClassName": "fruck_Varta_DoorCargo1_police", "MaxPriceThreshold": 1000, "MinPriceThreshold": 1000, "SellPricePercent": 20, "MaxStockThreshold": 10, "MinStockThreshold": 1, "QuantityConfig": 0, "SpawnAttachments": [], "Variants": []
SCRIPT       : PART: { "ClassName": "fruck_Varta_DoorCargo2_police", "MaxPriceThreshold": 1000, "MinPriceThreshold": 1000, "SellPricePercent": 20, "MaxStockThreshold": 10, "MinStockThreshold": 1, "QuantityConfig": 0, "SpawnAttachments": [], "Variants": []
SCRIPT       : PART: { "ClassName": "fruck_Varta_DoorLook_police", "MaxPriceThreshold": 1000, "MinPriceThreshold": 1000, "SellPricePercent": 20, "MaxStockThreshold": 10, "MinStockThreshold": 1, "QuantityConfig": 0, "SpawnAttachments": [], "Variants": [] }
SCRIPT       : PART: { "ClassName": "fruck_Varta_DoorTrunk_police", "MaxPriceThreshold": 1000, "MinPriceThreshold": 1000, "SellPricePercent": 20, "MaxStockThreshold": 10, "MinStockThreshold": 1, "QuantityConfig": 0, "SpawnAttachments": [], "Variants": [] 
SCRIPT       : PART: { "ClassName": "fruck_Varta_DoorDriver_irak", "MaxPriceThreshold": 1000, "MinPriceThreshold": 1000, "SellPricePercent": 20, "MaxStockThreshold": 10, "MinStockThreshold": 1, "QuantityConfig": 0, "SpawnAttachments": [], "Variants": [] }
SCRIPT       : PART: { "ClassName": "fruck_Varta_DoorCoDriver_irak", "MaxPriceThreshold": 1000, "MinPriceThreshold": 1000, "SellPricePercent": 20, "MaxStockThreshold": 10, "MinStockThreshold": 1, "QuantityConfig": 0, "SpawnAttachments": [], "Variants": []
SCRIPT       : PART: { "ClassName": "fruck_Varta_DoorCargo1_irak", "MaxPriceThreshold": 1000, "MinPriceThreshold": 1000, "SellPricePercent": 20, "MaxStockThreshold": 10, "MinStockThreshold": 1, "QuantityConfig": 0, "SpawnAttachments": [], "Variants": [] }
SCRIPT       : PART: { "ClassName": "fruck_Varta_DoorCargo2_irak", "MaxPriceThreshold": 1000, "MinPriceThreshold": 1000, "SellPricePercent": 20, "MaxStockThreshold": 10, "MinStockThreshold": 1, "QuantityConfig": 0, "SpawnAttachments": [], "Variants": [] }
SCRIPT       : PART: { "ClassName": "fruck_Varta_DoorLook_irak", "MaxPriceThreshold": 1000, "MinPriceThreshold": 1000, "SellPricePercent": 20, "MaxStockThreshold": 10, "MinStockThreshold": 1, "QuantityConfig": 0, "SpawnAttachments": [], "Variants": [] },
SCRIPT       : PART: { "ClassName": "fruck_Varta_DoorTrunk_irak", "MaxPriceThreshold": 1000, "MinPriceThreshold": 1000, "SellPricePercent": 20, "MaxStockThreshold": 10, "MinStockThreshold": 1, "QuantityConfig": 0, "SpawnAttachments": [], "Variants": [] },
SCRIPT       : VEHICLE: { "ClassName": "fruck_Varta", "MaxPriceThreshold": 50000, "MinPriceThreshold": 50000, "SellPricePercent": -1, "MaxStockThreshold": 5, "MinStockThreshold": 1, "QuantityConfig": 0, "SpawnAttachments": [], "Variants": [] },
SCRIPT       : VEHICLE: { "ClassName": "fruck_Varta_dnr", "MaxPriceThreshold": 50000, "MinPriceThreshold": 50000, "SellPricePercent": -1, "MaxStockThreshold": 5, "MinStockThreshold": 1, "QuantityConfig": 0, "SpawnAttachments": [], "Variants": [] },
SCRIPT       : VEHICLE: { "ClassName": "fruck_Varta_police", "MaxPriceThreshold": 50000, "MinPriceThreshold": 50000, "SellPricePercent": -1, "MaxStockThreshold": 5, "MinStockThreshold": 1, "QuantityConfig": 0, "SpawnAttachments": [], "Variants": [] },
SCRIPT       : VEHICLE: { "ClassName": "fruck_Varta_irak", "MaxPriceThreshold": 50000, "MinPriceThreshold": 50000, "SellPricePercent": -1, "MaxStockThreshold": 5, "MinStockThreshold": 1, "QuantityConfig": 0, "SpawnAttachments": [], "Variants": [] },
SCRIPT       : PART: { "ClassName": "jmc_atv_Wheel", "MaxPriceThreshold": 1000, "MinPriceThreshold": 1000, "SellPricePercent": 20, "MaxStockThreshold": 10, "MinStockThreshold": 1, "QuantityConfig": 0, "SpawnAttachments": [], "Variants": [] },
SCRIPT       : PART: { "ClassName": "jmc_atv_Wheel_destroyed", "MaxPriceThreshold": 1000, "MinPriceThreshold": 1000, "SellPricePercent": 20, "MaxStockThreshold": 10, "MinStockThreshold": 1, "QuantityConfig": 0, "SpawnAttachments": [], "Variants": [] },
SCRIPT       : VEHICLE: { "ClassName": "jmc_atv_Blue", "MaxPriceThreshold": 50000, "MinPriceThreshold": 50000, "SellPricePercent": -1, "MaxStockThreshold": 5, "MinStockThreshold": 1, "QuantityConfig": 0, "SpawnAttachments": [], "Variants": [] },
SCRIPT       : VEHICLE: { "ClassName": "jmc_atv_Red", "MaxPriceThreshold": 50000, "MinPriceThreshold": 50000, "SellPricePercent": -1, "MaxStockThreshold": 5, "MinStockThreshold": 1, "QuantityConfig": 0, "SpawnAttachments": [], "Variants": [] },
SCRIPT       : VEHICLE: { "ClassName": "jmc_atv_Aqua", "MaxPriceThreshold": 50000, "MinPriceThreshold": 50000, "SellPricePercent": -1, "MaxStockThreshold": 5, "MinStockThreshold": 1, "QuantityConfig": 0, "SpawnAttachments": [], "Variants": [] },
SCRIPT       : VEHICLE: { "ClassName": "jmc_atv_Grey", "MaxPriceThreshold": 50000, "MinPriceThreshold": 50000, "SellPricePercent": -1, "MaxStockThreshold": 5, "MinStockThreshold": 1, "QuantityConfig": 0, "SpawnAttachments": [], "Variants": [] },
SCRIPT       : VEHICLE: { "ClassName": "jmc_atv_Green", "MaxPriceThreshold": 50000, "MinPriceThreshold": 50000, "SellPricePercent": -1, "MaxStockThreshold": 5, "MinStockThreshold": 1, "QuantityConfig": 0, "SpawnAttachments": [], "Variants": [] },
SCRIPT       : VEHICLE: { "ClassName": "jmc_atv_Pink", "MaxPriceThreshold": 50000, "MinPriceThreshold": 50000, "SellPricePercent": -1, "MaxStockThreshold": 5, "MinStockThreshold": 1, "QuantityConfig": 0, "SpawnAttachments": [], "Variants": [] },
SCRIPT       : VEHICLE: { "ClassName": "jmc_atv_Purple", "MaxPriceThreshold": 50000, "MinPriceThreshold": 50000, "SellPricePercent": -1, "MaxStockThreshold": 5, "MinStockThreshold": 1, "QuantityConfig": 0, "SpawnAttachments": [], "Variants": [] },
SCRIPT       : PART: { "ClassName": "Kamaz_TyphoonK_Wheel", "MaxPriceThreshold": 1000, "MinPriceThreshold": 1000, "SellPricePercent": 20, "MaxStockThreshold": 10, "MinStockThreshold": 1, "QuantityConfig": 0, "SpawnAttachments": [], "Variants": [] },
SCRIPT       : PART: { "ClassName": "Kamaz_TyphoonK_Wheel_Destroyed", "MaxPriceThreshold": 1000, "MinPriceThreshold": 1000, "SellPricePercent": 20, "MaxStockThreshold": 10, "MinStockThreshold": 1, "QuantityConfig": 0, "SpawnAttachments": [], "Variants": [
SCRIPT       : PART: { "ClassName": "Kamaz_TyphoonK_Trunk", "MaxPriceThreshold": 1000, "MinPriceThreshold": 1000, "SellPricePercent": 20, "MaxStockThreshold": 10, "MinStockThreshold": 1, "QuantityConfig": 0, "SpawnAttachments": [], "Variants": [] },
SCRIPT       : VEHICLE: { "ClassName": "Kamaz_TyphoonK_Green", "MaxPriceThreshold": 50000, "MinPriceThreshold": 50000, "SellPricePercent": -1, "MaxStockThreshold": 5, "MinStockThreshold": 1, "QuantityConfig": 0, "SpawnAttachments": [], "Variants": [] },
SCRIPT       : VEHICLE: { "ClassName": "Kamaz_TyphoonK_CamoGreen", "MaxPriceThreshold": 50000, "MinPriceThreshold": 50000, "SellPricePercent": -1, "MaxStockThreshold": 5, "MinStockThreshold": 1, "QuantityConfig": 0, "SpawnAttachments": [], "Variants": [] 
SCRIPT       : PART: { "ClassName": "Kamaz_TyphoonK_Trunk_CamoGreen", "MaxPriceThreshold": 1000, "MinPriceThreshold": 1000, "SellPricePercent": 20, "MaxStockThreshold": 10, "MinStockThreshold": 1, "QuantityConfig": 0, "SpawnAttachments": [], "Variants": [
SCRIPT       : VEHICLE: { "ClassName": "Kamaz_TyphoonK_CamoGreen2", "MaxPriceThreshold": 50000, "MinPriceThreshold": 50000, "SellPricePercent": -1, "MaxStockThreshold": 5, "MinStockThreshold": 1, "QuantityConfig": 0, "SpawnAttachments": [], "Variants": []
SCRIPT       : PART: { "ClassName": "Kamaz_TyphoonK_Trunk_CamoGreen2", "MaxPriceThreshold": 1000, "MinPriceThreshold": 1000, "SellPricePercent": 20, "MaxStockThreshold": 10, "MinStockThreshold": 1, "QuantityConfig": 0, "SpawnAttachments": [], "Variants": 
SCRIPT       : VEHICLE: { "ClassName": "Kamaz_TyphoonK_CamoGreen3", "MaxPriceThreshold": 50000, "MinPriceThreshold": 50000, "SellPricePercent": -1, "MaxStockThreshold": 5, "MinStockThreshold": 1, "QuantityConfig": 0, "SpawnAttachments": [], "Variants": []
SCRIPT       : PART: { "ClassName": "Kamaz_TyphoonK_Trunk_CamoGreen3", "MaxPriceThreshold": 1000, "MinPriceThreshold": 1000, "SellPricePercent": 20, "MaxStockThreshold": 10, "MinStockThreshold": 1, "QuantityConfig": 0, "SpawnAttachments": [], "Variants": 
SCRIPT       : VEHICLE: { "ClassName": "Kamaz_TyphoonK_RedCamo", "MaxPriceThreshold": 50000, "MinPriceThreshold": 50000, "SellPricePercent": -1, "MaxStockThreshold": 5, "MinStockThreshold": 1, "QuantityConfig": 0, "SpawnAttachments": [], "Variants": [] },
SCRIPT       : PART: { "ClassName": "Kamaz_TyphoonK_Trunk_RedCamo", "MaxPriceThreshold": 1000, "MinPriceThreshold": 1000, "SellPricePercent": 20, "MaxStockThreshold": 10, "MinStockThreshold": 1, "QuantityConfig": 0, "SpawnAttachments": [], "Variants": [] 
SCRIPT       : VEHICLE: { "ClassName": "Kamaz_TyphoonK_White", "MaxPriceThreshold": 50000, "MinPriceThreshold": 50000, "SellPricePercent": -1, "MaxStockThreshold": 5, "MinStockThreshold": 1, "QuantityConfig": 0, "SpawnAttachments": [], "Variants": [] },
SCRIPT       : PART: { "ClassName": "Kamaz_TyphoonK_Trunk_White", "MaxPriceThreshold": 1000, "MinPriceThreshold": 1000, "SellPricePercent": 20, "MaxStockThreshold": 10, "MinStockThreshold": 1, "QuantityConfig": 0, "SpawnAttachments": [], "Variants": [] },
SCRIPT       : VEHICLE: { "ClassName": "Kamaz_TyphoonK_Black", "MaxPriceThreshold": 50000, "MinPriceThreshold": 50000, "SellPricePercent": -1, "MaxStockThreshold": 5, "MinStockThreshold": 1, "QuantityConfig": 0, "SpawnAttachments": [], "Variants": [] },
SCRIPT       : PART: { "ClassName": "Kamaz_TyphoonK_Trunk_Black", "MaxPriceThreshold": 1000, "MinPriceThreshold": 1000, "SellPricePercent": 20, "MaxStockThreshold": 10, "MinStockThreshold": 1, "QuantityConfig": 0, "SpawnAttachments": [], "Variants": [] },
SCRIPT       : VEHICLE: { "ClassName": "Kamaz_TyphoonK_Rusty", "MaxPriceThreshold": 50000, "MinPriceThreshold": 50000, "SellPricePercent": -1, "MaxStockThreshold": 5, "MinStockThreshold": 1, "QuantityConfig": 0, "SpawnAttachments": [], "Variants": [] },
SCRIPT       : PART: { "ClassName": "Kamaz_TyphoonK_Trunk_Rusty", "MaxPriceThreshold": 1000, "MinPriceThreshold": 1000, "SellPricePercent": 20, "MaxStockThreshold": 10, "MinStockThreshold": 1, "QuantityConfig": 0, "SpawnAttachments": [], "Variants": [] },
SCRIPT       : VEHICLE: { "ClassName": "savage_oshkosh_atv", "MaxPriceThreshold": 50000, "MinPriceThreshold": 50000, "SellPricePercent": -1, "MaxStockThreshold": 5, "MinStockThreshold": 1, "QuantityConfig": 0, "SpawnAttachments": [], "Variants": [] },
SCRIPT       : VEHICLE: { "ClassName": "savage_oshkosh_atv_desert", "MaxPriceThreshold": 50000, "MinPriceThreshold": 50000, "SellPricePercent": -1, "MaxStockThreshold": 5, "MinStockThreshold": 1, "QuantityConfig": 0, "SpawnAttachments": [], "Variants": []
SCRIPT       : VEHICLE: { "ClassName": "savage_oshkosh_atv_black", "MaxPriceThreshold": 50000, "MinPriceThreshold": 50000, "SellPricePercent": -1, "MaxStockThreshold": 5, "MinStockThreshold": 1, "QuantityConfig": 0, "SpawnAttachments": [], "Variants": [] 
SCRIPT       : VEHICLE: { "ClassName": "savage_oshkosh_atv_camo", "MaxPriceThreshold": 50000, "MinPriceThreshold": 50000, "SellPricePercent": -1, "MaxStockThreshold": 5, "MinStockThreshold": 1, "QuantityConfig": 0, "SpawnAttachments": [], "Variants": [] }
SCRIPT       : VEHICLE: { "ClassName": "savage_priora_2172", "MaxPriceThreshold": 50000, "MinPriceThreshold": 50000, "SellPricePercent": -1, "MaxStockThreshold": 5, "MinStockThreshold": 1, "QuantityConfig": 0, "SpawnAttachments": [], "Variants": [] },
SCRIPT       : VEHICLE: { "ClassName": "savage_priora_2172_black", "MaxPriceThreshold": 50000, "MinPriceThreshold": 50000, "SellPricePercent": -1, "MaxStockThreshold": 5, "MinStockThreshold": 1, "QuantityConfig": 0, "SpawnAttachments": [], "Variants": [] 
SCRIPT       : VEHICLE: { "ClassName": "savage_priora_2172_grey", "MaxPriceThreshold": 50000, "MinPriceThreshold": 50000, "SellPricePercent": -1, "MaxStockThreshold": 5, "MinStockThreshold": 1, "QuantityConfig": 0, "SpawnAttachments": [], "Variants": [] }
SCRIPT       : VEHICLE: { "ClassName": "savage_priora_2172_purple", "MaxPriceThreshold": 50000, "MinPriceThreshold": 50000, "SellPricePercent": -1, "MaxStockThreshold": 5, "MinStockThreshold": 1, "QuantityConfig": 0, "SpawnAttachments": [], "Variants": []
SCRIPT       : VEHICLE: { "ClassName": "savage_priora_2172_blue", "MaxPriceThreshold": 50000, "MinPriceThreshold": 50000, "SellPricePercent": -1, "MaxStockThreshold": 5, "MinStockThreshold": 1, "QuantityConfig": 0, "SpawnAttachments": [], "Variants": [] }
SCRIPT       : VEHICLE: { "ClassName": "savage_toyota_tacoma", "MaxPriceThreshold": 50000, "MinPriceThreshold": 50000, "SellPricePercent": -1, "MaxStockThreshold": 5, "MinStockThreshold": 1, "QuantityConfig": 0, "SpawnAttachments": [], "Variants": [] },
SCRIPT       : VEHICLE: { "ClassName": "savage_toyota_tacoma_black", "MaxPriceThreshold": 50000, "MinPriceThreshold": 50000, "SellPricePercent": -1, "MaxStockThreshold": 5, "MinStockThreshold": 1, "QuantityConfig": 0, "SpawnAttachments": [], "Variants": [
SCRIPT       : VEHICLE: { "ClassName": "savage_toyota_tacoma_blue", "MaxPriceThreshold": 50000, "MinPriceThreshold": 50000, "SellPricePercent": -1, "MaxStockThreshold": 5, "MinStockThreshold": 1, "QuantityConfig": 0, "SpawnAttachments": [], "Variants": []
SCRIPT       : VEHICLE: { "ClassName": "savage_toyota_tacoma_camo", "MaxPriceThreshold": 50000, "MinPriceThreshold": 50000, "SellPricePercent": -1, "MaxStockThreshold": 5, "MinStockThreshold": 1, "QuantityConfig": 0, "SpawnAttachments": [], "Variants": []
SCRIPT       : VEHICLE: { "ClassName": "savage_toyota_tacoma_orange", "MaxPriceThreshold": 50000, "MinPriceThreshold": 50000, "SellPricePercent": -1, "MaxStockThreshold": 5, "MinStockThreshold": 1, "QuantityConfig": 0, "SpawnAttachments": [], "Variants": 
SCRIPT       : VEHICLE: { "ClassName": "savage_toyota_tacoma_denso", "MaxPriceThreshold": 50000, "MinPriceThreshold": 50000, "SellPricePercent": -1, "MaxStockThreshold": 5, "MinStockThreshold": 1, "QuantityConfig": 0, "SpawnAttachments": [], "Variants": [
SCRIPT       : VEHICLE: { "ClassName": "savage_uaz2206", "MaxPriceThreshold": 50000, "MinPriceThreshold": 50000, "SellPricePercent": -1, "MaxStockThreshold": 5, "MinStockThreshold": 1, "QuantityConfig": 0, "SpawnAttachments": [], "Variants": [] },
SCRIPT       : VEHICLE: { "ClassName": "savage_uaz2206_polic", "MaxPriceThreshold": 50000, "MinPriceThreshold": 50000, "SellPricePercent": -1, "MaxStockThreshold": 5, "MinStockThreshold": 1, "QuantityConfig": 0, "SpawnAttachments": [], "Variants": [] },
SCRIPT       : VEHICLE: { "ClassName": "savage_uaz2206_med", "MaxPriceThreshold": 50000, "MinPriceThreshold": 50000, "SellPricePercent": -1, "MaxStockThreshold": 5, "MinStockThreshold": 1, "QuantityConfig": 0, "SpawnAttachments": [], "Variants": [] },
SCRIPT       : VEHICLE: { "ClassName": "savage_uaz2206_camo1", "MaxPriceThreshold": 50000, "MinPriceThreshold": 50000, "SellPricePercent": -1, "MaxStockThreshold": 5, "MinStockThreshold": 1, "QuantityConfig": 0, "SpawnAttachments": [], "Variants": [] },
SCRIPT       : VEHICLE: { "ClassName": "savage_uaz2206_CSO", "MaxPriceThreshold": 50000, "MinPriceThreshold": 50000, "SellPricePercent": -1, "MaxStockThreshold": 5, "MinStockThreshold": 1, "QuantityConfig": 0, "SpawnAttachments": [], "Variants": [] },
SCRIPT       : VEHICLE: { "ClassName": "savage_uaz2206_wintercamo", "MaxPriceThreshold": 50000, "MinPriceThreshold": 50000, "SellPricePercent": -1, "MaxStockThreshold": 5, "MinStockThreshold": 1, "QuantityConfig": 0, "SpawnAttachments": [], "Variants": []
SCRIPT       : VEHICLE: { "ClassName": "jmc_atv_STAG_Red", "MaxPriceThreshold": 50000, "MinPriceThreshold": 50000, "SellPricePercent": -1, "MaxStockThreshold": 5, "MinStockThreshold": 1, "QuantityConfig": 0, "SpawnAttachments": [], "Variants": [] },
SCRIPT       : VEHICLE: { "ClassName": "jmc_atv_STAG_White", "MaxPriceThreshold": 50000, "MinPriceThreshold": 50000, "SellPricePercent": -1, "MaxStockThreshold": 5, "MinStockThreshold": 1, "QuantityConfig": 0, "SpawnAttachments": [], "Variants": [] },
SCRIPT       : VEHICLE: { "ClassName": "jmc_atv_STAG_Black", "MaxPriceThreshold": 50000, "MinPriceThreshold": 50000, "SellPricePercent": -1, "MaxStockThreshold": 5, "MinStockThreshold": 1, "QuantityConfig": 0, "SpawnAttachments": [], "Variants": [] },
SCRIPT       : VEHICLE: { "ClassName": "CrSk_BMW_M760Li_G12_20", "MaxPriceThreshold": 50000, "MinPriceThreshold": 50000, "SellPricePercent": -1, "MaxStockThreshold": 5, "MinStockThreshold": 1, "QuantityConfig": 0, "SpawnAttachments": [], "Variants": [] },
SCRIPT       : VEHICLE: { "ClassName": "CrSk_BMW_M760Li_G12_20_White2", "MaxPriceThreshold": 50000, "MinPriceThreshold": 50000, "SellPricePercent": -1, "MaxStockThreshold": 5, "MinStockThreshold": 1, "QuantityConfig": 0, "SpawnAttachments": [], "Variants"
SCRIPT       : VEHICLE: { "ClassName": "CrSk_BMW_M760Li_G12_20_Black", "MaxPriceThreshold": 50000, "MinPriceThreshold": 50000, "SellPricePercent": -1, "MaxStockThreshold": 5, "MinStockThreshold": 1, "QuantityConfig": 0, "SpawnAttachments": [], "Variants":
SCRIPT       : VEHICLE: { "ClassName": "CrSk_BMW_M760Li_G12_20_Black2", "MaxPriceThreshold": 50000, "MinPriceThreshold": 50000, "SellPricePercent": -1, "MaxStockThreshold": 5, "MinStockThreshold": 1, "QuantityConfig": 0, "SpawnAttachments": [], "Variants"
SCRIPT       : VEHICLE: { "ClassName": "CrSk_BMW_M760Li_G12_20_Grey", "MaxPriceThreshold": 50000, "MinPriceThreshold": 50000, "SellPricePercent": -1, "MaxStockThreshold": 5, "MinStockThreshold": 1, "QuantityConfig": 0, "SpawnAttachments": [], "Variants": 
SCRIPT       : VEHICLE: { "ClassName": "CrSk_BMW_M760Li_G12_20_Grey2", "MaxPriceThreshold": 50000, "MinPriceThreshold": 50000, "SellPricePercent": -1, "MaxStockThreshold": 5, "MinStockThreshold": 1, "QuantityConfig": 0, "SpawnAttachments": [], "Variants":
SCRIPT       : VEHICLE: { "ClassName": "CrSk_BMW_M760Li_G12_20_Blue", "MaxPriceThreshold": 50000, "MinPriceThreshold": 50000, "SellPricePercent": -1, "MaxStockThreshold": 5, "MinStockThreshold": 1, "QuantityConfig": 0, "SpawnAttachments": [], "Variants": 
SCRIPT       : VEHICLE: { "ClassName": "CrSk_BMW_M760Li_G12_20_Blue2", "MaxPriceThreshold": 50000, "MinPriceThreshold": 50000, "SellPricePercent": -1, "MaxStockThreshold": 5, "MinStockThreshold": 1, "QuantityConfig": 0, "SpawnAttachments": [], "Variants":
SCRIPT       : VEHICLE: { "ClassName": "CrSk_BMW_M760Li_G12_20_DM", "MaxPriceThreshold": 50000, "MinPriceThreshold": 50000, "SellPricePercent": -1, "MaxStockThreshold": 5, "MinStockThreshold": 1, "QuantityConfig": 0, "SpawnAttachments": [], "Variants": []
SCRIPT       : VEHICLE: { "ClassName": "CrSk_BMW_M760Li_G12_20_Desgan", "MaxPriceThreshold": 50000, "MinPriceThreshold": 50000, "SellPricePercent": -1, "MaxStockThreshold": 5, "MinStockThreshold": 1, "QuantityConfig": 0, "SpawnAttachments": [], "Variants"
SCRIPT       : VEHICLE: { "ClassName": "CrSk_BMW_M760Li_G12_20_NeonBlue", "MaxPriceThreshold": 50000, "MinPriceThreshold": 50000, "SellPricePercent": -1, "MaxStockThreshold": 5, "MinStockThreshold": 1, "QuantityConfig": 0, "SpawnAttachments": [], "Variant
SCRIPT       : VEHICLE: { "ClassName": "CrSk_BMW_M760Li_G12_20_PlayGame", "MaxPriceThreshold": 50000, "MinPriceThreshold": 50000, "SellPricePercent": -1, "MaxStockThreshold": 5, "MinStockThreshold": 1, "QuantityConfig": 0, "SpawnAttachments": [], "Variant
SCRIPT       : VEHICLE: { "ClassName": "CrSk_BMW_X5_E53", "MaxPriceThreshold": 50000, "MinPriceThreshold": 50000, "SellPricePercent": -1, "MaxStockThreshold": 5, "MinStockThreshold": 1, "QuantityConfig": 0, "SpawnAttachments": [], "Variants": [] },
SCRIPT       : VEHICLE: { "ClassName": "CrSk_BMW_X5_E53_Blue", "MaxPriceThreshold": 50000, "MinPriceThreshold": 50000, "SellPricePercent": -1, "MaxStockThreshold": 5, "MinStockThreshold": 1, "QuantityConfig": 0, "SpawnAttachments": [], "Variants": [] },
SCRIPT       : VEHICLE: { "ClassName": "CrSk_BMW_X5M_F95_Comp", "MaxPriceThreshold": 50000, "MinPriceThreshold": 50000, "SellPricePercent": -1, "MaxStockThreshold": 5, "MinStockThreshold": 1, "QuantityConfig": 0, "SpawnAttachments": [], "Variants": [] },
SCRIPT       : VEHICLE: { "ClassName": "CrSk_BMW_X5M_F95_Comp_Black", "MaxPriceThreshold": 50000, "MinPriceThreshold": 50000, "SellPricePercent": -1, "MaxStockThreshold": 5, "MinStockThreshold": 1, "QuantityConfig": 0, "SpawnAttachments": [], "Variants": 
SCRIPT       : VEHICLE: { "ClassName": "CrSk_BMW_X5M_F95_Comp_Grey", "MaxPriceThreshold": 50000, "MinPriceThreshold": 50000, "SellPricePercent": -1, "MaxStockThreshold": 5, "MinStockThreshold": 1, "QuantityConfig": 0, "SpawnAttachments": [], "Variants": [
SCRIPT       : VEHICLE: { "ClassName": "CrSk_BMW_X5M_F95_Comp_Blue", "MaxPriceThreshold": 50000, "MinPriceThreshold": 50000, "SellPricePercent": -1, "MaxStockThreshold": 5, "MinStockThreshold": 1, "QuantityConfig": 0, "SpawnAttachments": [], "Variants": [
SCRIPT       : VEHICLE: { "ClassName": "CrSk_BTR_82A", "MaxPriceThreshold": 50000, "MinPriceThreshold": 50000, "SellPricePercent": -1, "MaxStockThreshold": 5, "MinStockThreshold": 1, "QuantityConfig": 0, "SpawnAttachments": [], "Variants": [] },
SCRIPT       : VEHICLE: { "ClassName": "CrSk_BTR_82A_Camo", "MaxPriceThreshold": 50000, "MinPriceThreshold": 50000, "SellPricePercent": -1, "MaxStockThreshold": 5, "MinStockThreshold": 1, "QuantityConfig": 0, "SpawnAttachments": [], "Variants": [] },
SCRIPT       : VEHICLE: { "ClassName": "CrSk_BTR_82A_Desert", "MaxPriceThreshold": 50000, "MinPriceThreshold": 50000, "SellPricePercent": -1, "MaxStockThreshold": 5, "MinStockThreshold": 1, "QuantityConfig": 0, "SpawnAttachments": [], "Variants": [] },
SCRIPT       : VEHICLE: { "ClassName": "CrSk_BTR_82A_Winter", "MaxPriceThreshold": 50000, "MinPriceThreshold": 50000, "SellPricePercent": -1, "MaxStockThreshold": 5, "MinStockThreshold": 1, "QuantityConfig": 0, "SpawnAttachments": [], "Variants": [] },
SCRIPT       : VEHICLE: { "ClassName": "CrSk_BTR_82A_Black", "MaxPriceThreshold": 50000, "MinPriceThreshold": 50000, "SellPricePercent": -1, "MaxStockThreshold": 5, "MinStockThreshold": 1, "QuantityConfig": 0, "SpawnAttachments": [], "Variants": [] },
SCRIPT       : VEHICLE: { "ClassName": "CrSk_GAZ_Tigr_M", "MaxPriceThreshold": 50000, "MinPriceThreshold": 50000, "SellPricePercent": -1, "MaxStockThreshold": 5, "MinStockThreshold": 1, "QuantityConfig": 0, "SpawnAttachments": [], "Variants": [] },
SCRIPT       : VEHICLE: { "ClassName": "CrSk_GAZ_Tigr_M_Black", "MaxPriceThreshold": 50000, "MinPriceThreshold": 50000, "SellPricePercent": -1, "MaxStockThreshold": 5, "MinStockThreshold": 1, "QuantityConfig": 0, "SpawnAttachments": [], "Variants": [] },
SCRIPT       : VEHICLE: { "ClassName": "CrSk_GAZ_Tigr_M_Camo", "MaxPriceThreshold": 50000, "MinPriceThreshold": 50000, "SellPricePercent": -1, "MaxStockThreshold": 5, "MinStockThreshold": 1, "QuantityConfig": 0, "SpawnAttachments": [], "Variants": [] },
SCRIPT       : VEHICLE: { "ClassName": "CrSk_GAZ_Tigr_M_CamoBlack", "MaxPriceThreshold": 50000, "MinPriceThreshold": 50000, "SellPricePercent": -1, "MaxStockThreshold": 5, "MinStockThreshold": 1, "QuantityConfig": 0, "SpawnAttachments": [], "Variants": []
SCRIPT       : VEHICLE: { "ClassName": "CrSk_GAZ_Tigr_M_Winter", "MaxPriceThreshold": 50000, "MinPriceThreshold": 50000, "SellPricePercent": -1, "MaxStockThreshold": 5, "MinStockThreshold": 1, "QuantityConfig": 0, "SpawnAttachments": [], "Variants": [] },
SCRIPT       : VEHICLE: { "ClassName": "CrSk_GAZ_Tigr_M_Tan", "MaxPriceThreshold": 50000, "MinPriceThreshold": 50000, "SellPricePercent": -1, "MaxStockThreshold": 5, "MinStockThreshold": 1, "QuantityConfig": 0, "SpawnAttachments": [], "Variants": [] },
SCRIPT       : VEHICLE: { "ClassName": "CrSk_GAZ_Tigr_M_Skull", "MaxPriceThreshold": 50000, "MinPriceThreshold": 50000, "SellPricePercent": -1, "MaxStockThreshold": 5, "MinStockThreshold": 1, "QuantityConfig": 0, "SpawnAttachments": [], "Variants": [] },
SCRIPT       : VEHICLE: { "ClassName": "CrSk_GAZ_Tigr_M_Rofl", "MaxPriceThreshold": 50000, "MinPriceThreshold": 50000, "SellPricePercent": -1, "MaxStockThreshold": 5, "MinStockThreshold": 1, "QuantityConfig": 0, "SpawnAttachments": [], "Variants": [] },
SCRIPT       : VEHICLE: { "ClassName": "CrSk_HMMWV_M1151A1", "MaxPriceThreshold": 50000, "MinPriceThreshold": 50000, "SellPricePercent": -1, "MaxStockThreshold": 5, "MinStockThreshold": 1, "QuantityConfig": 0, "SpawnAttachments": [], "Variants": [] },
SCRIPT       : VEHICLE: { "ClassName": "CrSk_HMMWV_M1151A1_Camo", "MaxPriceThreshold": 50000, "MinPriceThreshold": 50000, "SellPricePercent": -1, "MaxStockThreshold": 5, "MinStockThreshold": 1, "QuantityConfig": 0, "SpawnAttachments": [], "Variants": [] }
SCRIPT       : VEHICLE: { "ClassName": "CrSk_HMMWV_M1151A1_Desert", "MaxPriceThreshold": 50000, "MinPriceThreshold": 50000, "SellPricePercent": -1, "MaxStockThreshold": 5, "MinStockThreshold": 1, "QuantityConfig": 0, "SpawnAttachments": [], "Variants": []
SCRIPT       : VEHICLE: { "ClassName": "CrSk_Insurgent_SUV", "MaxPriceThreshold": 50000, "MinPriceThreshold": 50000, "SellPricePercent": -1, "MaxStockThreshold": 5, "MinStockThreshold": 1, "QuantityConfig": 0, "SpawnAttachments": [], "Variants": [] },
SCRIPT       : VEHICLE: { "ClassName": "CrSk_Insurgent_SUV_Black", "MaxPriceThreshold": 50000, "MinPriceThreshold": 50000, "SellPricePercent": -1, "MaxStockThreshold": 5, "MinStockThreshold": 1, "QuantityConfig": 0, "SpawnAttachments": [], "Variants": [] 
SCRIPT       : VEHICLE: { "ClassName": "CrSk_Insurgent_SUV_Winter", "MaxPriceThreshold": 50000, "MinPriceThreshold": 50000, "SellPricePercent": -1, "MaxStockThreshold": 5, "MinStockThreshold": 1, "QuantityConfig": 0, "SpawnAttachments": [], "Variants": []
SCRIPT       : VEHICLE: { "ClassName": "CrSk_Insurgent_SUV_Tan", "MaxPriceThreshold": 50000, "MinPriceThreshold": 50000, "SellPricePercent": -1, "MaxStockThreshold": 5, "MinStockThreshold": 1, "QuantityConfig": 0, "SpawnAttachments": [], "Variants": [] },
SCRIPT       : VEHICLE: { "ClassName": "CrSk_Kawasaki_Mule_SX_4x4", "MaxPriceThreshold": 50000, "MinPriceThreshold": 50000, "SellPricePercent": -1, "MaxStockThreshold": 5, "MinStockThreshold": 1, "QuantityConfig": 0, "SpawnAttachments": [], "Variants": []
SCRIPT       : VEHICLE: { "ClassName": "CrSk_Kawasaki_Mule_SX_4x4_Camo2", "MaxPriceThreshold": 50000, "MinPriceThreshold": 50000, "SellPricePercent": -1, "MaxStockThreshold": 5, "MinStockThreshold": 1, "QuantityConfig": 0, "SpawnAttachments": [], "Variant
SCRIPT       : VEHICLE: { "ClassName": "CrSk_Kawasaki_Mule_SX_4x4_Camo3", "MaxPriceThreshold": 50000, "MinPriceThreshold": 50000, "SellPricePercent": -1, "MaxStockThreshold": 5, "MinStockThreshold": 1, "QuantityConfig": 0, "SpawnAttachments": [], "Variant
SCRIPT       : VEHICLE: { "ClassName": "CrSk_Land_Rover_RR_Sport_12", "MaxPriceThreshold": 50000, "MinPriceThreshold": 50000, "SellPricePercent": -1, "MaxStockThreshold": 5, "MinStockThreshold": 1, "QuantityConfig": 0, "SpawnAttachments": [], "Variants": 
SCRIPT       : VEHICLE: { "ClassName": "CrSk_Land_Rover_RR_Sport_12_Black", "MaxPriceThreshold": 50000, "MinPriceThreshold": 50000, "SellPricePercent": -1, "MaxStockThreshold": 5, "MinStockThreshold": 1, "QuantityConfig": 0, "SpawnAttachments": [], "Varia
SCRIPT       : VEHICLE: { "ClassName": "CrSk_Mercedes_AMG_GT63S", "MaxPriceThreshold": 50000, "MinPriceThreshold": 50000, "SellPricePercent": -1, "MaxStockThreshold": 5, "MinStockThreshold": 1, "QuantityConfig": 0, "SpawnAttachments": [], "Variants": [] }
SCRIPT       : VEHICLE: { "ClassName": "CrSk_Mercedes_AMG_GT63S_Black", "MaxPriceThreshold": 50000, "MinPriceThreshold": 50000, "SellPricePercent": -1, "MaxStockThreshold": 5, "MinStockThreshold": 1, "QuantityConfig": 0, "SpawnAttachments": [], "Variants"
SCRIPT       : VEHICLE: { "ClassName": "CrSk_Mercedes_AMG_GT63S_Blue", "MaxPriceThreshold": 50000, "MinPriceThreshold": 50000, "SellPricePercent": -1, "MaxStockThreshold": 5, "MinStockThreshold": 1, "QuantityConfig": 0, "SpawnAttachments": [], "Variants":
SCRIPT       : VEHICLE: { "ClassName": "CrSk_Mercedes_G63_AMG_19", "MaxPriceThreshold": 50000, "MinPriceThreshold": 50000, "SellPricePercent": -1, "MaxStockThreshold": 5, "MinStockThreshold": 1, "QuantityConfig": 0, "SpawnAttachments": [], "Variants": [] 
SCRIPT       : VEHICLE: { "ClassName": "CrSk_Mercedes_G63_AMG_19_White", "MaxPriceThreshold": 50000, "MinPriceThreshold": 50000, "SellPricePercent": -1, "MaxStockThreshold": 5, "MinStockThreshold": 1, "QuantityConfig": 0, "SpawnAttachments": [], "Variants
SCRIPT       : VEHICLE: { "ClassName": "CrSk_Mercedes_G63_AMG_19_Grey", "MaxPriceThreshold": 50000, "MinPriceThreshold": 50000, "SellPricePercent": -1, "MaxStockThreshold": 5, "MinStockThreshold": 1, "QuantityConfig": 0, "SpawnAttachments": [], "Variants"
SCRIPT       : VEHICLE: { "ClassName": "CrSk_Mercedes_G63_AMG_19_Camo", "MaxPriceThreshold": 50000, "MinPriceThreshold": 50000, "SellPricePercent": -1, "MaxStockThreshold": 5, "MinStockThreshold": 1, "QuantityConfig": 0, "SpawnAttachments": [], "Variants"
SCRIPT       : VEHICLE: { "ClassName": "CrSk_Mercedes_G63_AMG_19_50x50", "MaxPriceThreshold": 50000, "MinPriceThreshold": 50000, "SellPricePercent": -1, "MaxStockThreshold": 5, "MinStockThreshold": 1, "QuantityConfig": 0, "SpawnAttachments": [], "Variants
SCRIPT       : VEHICLE: { "ClassName": "CrSk_Mercedes_G63_AMG_19_Akame", "MaxPriceThreshold": 50000, "MinPriceThreshold": 50000, "SellPricePercent": -1, "MaxStockThreshold": 5, "MinStockThreshold": 1, "QuantityConfig": 0, "SpawnAttachments": [], "Variants
SCRIPT       : VEHICLE: { "ClassName": "CrSk_Mercedes_G63_AMG_19_Franxx", "MaxPriceThreshold": 50000, "MinPriceThreshold": 50000, "SellPricePercent": -1, "MaxStockThreshold": 5, "MinStockThreshold": 1, "QuantityConfig": 0, "SpawnAttachments": [], "Variant
SCRIPT       : VEHICLE: { "ClassName": "CrSk_Mercedes_G63_AMG_19_Line1", "MaxPriceThreshold": 50000, "MinPriceThreshold": 50000, "SellPricePercent": -1, "MaxStockThreshold": 5, "MinStockThreshold": 1, "QuantityConfig": 0, "SpawnAttachments": [], "Variants
SCRIPT       : VEHICLE: { "ClassName": "CrSk_Mercedes_G63_AMG_19_Zombie_B", "MaxPriceThreshold": 50000, "MinPriceThreshold": 50000, "SellPricePercent": -1, "MaxStockThreshold": 5, "MinStockThreshold": 1, "QuantityConfig": 0, "SpawnAttachments": [], "Varia
SCRIPT       : VEHICLE: { "ClassName": "CrSk_Mercedes_G63_AMG_19_Zombie_P", "MaxPriceThreshold": 50000, "MinPriceThreshold": 50000, "SellPricePercent": -1, "MaxStockThreshold": 5, "MinStockThreshold": 1, "QuantityConfig": 0, "SpawnAttachments": [], "Varia
SCRIPT       : VEHICLE: { "ClassName": "CrSk_Mercedes_G63_AMG_19_Zombie_W", "MaxPriceThreshold": 50000, "MinPriceThreshold": 50000, "SellPricePercent": -1, "MaxStockThreshold": 5, "MinStockThreshold": 1, "QuantityConfig": 0, "SpawnAttachments": [], "Varia
SCRIPT       : VEHICLE: { "ClassName": "CrSk_Mercedes_G63_AMG_4x4_19", "MaxPriceThreshold": 50000, "MinPriceThreshold": 50000, "SellPricePercent": -1, "MaxStockThreshold": 5, "MinStockThreshold": 1, "QuantityConfig": 0, "SpawnAttachments": [], "Variants":
SCRIPT       : VEHICLE: { "ClassName": "CrSk_Mercedes_G63_AMG_4x4_19_White", "MaxPriceThreshold": 50000, "MinPriceThreshold": 50000, "SellPricePercent": -1, "MaxStockThreshold": 5, "MinStockThreshold": 1, "QuantityConfig": 0, "SpawnAttachments": [], "Vari
SCRIPT       : VEHICLE: { "ClassName": "CrSk_Mercedes_G63_AMG_4x4_19_Grey", "MaxPriceThreshold": 50000, "MinPriceThreshold": 50000, "SellPricePercent": -1, "MaxStockThreshold": 5, "MinStockThreshold": 1, "QuantityConfig": 0, "SpawnAttachments": [], "Varia
SCRIPT       : VEHICLE: { "ClassName": "CrSk_Mercedes_G63_AMG_4x4_19_Black2", "MaxPriceThreshold": 50000, "MinPriceThreshold": 50000, "SellPricePercent": -1, "MaxStockThreshold": 5, "MinStockThreshold": 1, "QuantityConfig": 0, "SpawnAttachments": [], "Var
SCRIPT       : VEHICLE: { "ClassName": "CrSk_Mercedes_G63_AMG_4x4_19_White2", "MaxPriceThreshold": 50000, "MinPriceThreshold": 50000, "SellPricePercent": -1, "MaxStockThreshold": 5, "MinStockThreshold": 1, "QuantityConfig": 0, "SpawnAttachments": [], "Var
SCRIPT       : VEHICLE: { "ClassName": "CrSk_Mercedes_G63_AMG_4x4_19_Grey2", "MaxPriceThreshold": 50000, "MinPriceThreshold": 50000, "SellPricePercent": -1, "MaxStockThreshold": 5, "MinStockThreshold": 1, "QuantityConfig": 0, "SpawnAttachments": [], "Vari
SCRIPT       : VEHICLE: { "ClassName": "CrSk_Mercedes_G63_AMG_4x4_19_DRUGAYA", "MaxPriceThreshold": 50000, "MinPriceThreshold": 50000, "SellPricePercent": -1, "MaxStockThreshold": 5, "MinStockThreshold": 1, "QuantityConfig": 0, "SpawnAttachments": [], "Va
SCRIPT       : VEHICLE: { "ClassName": "CrSk_Mercedes_G63_AMG_4x4_19_50x50", "MaxPriceThreshold": 50000, "MinPriceThreshold": 50000, "SellPricePercent": -1, "MaxStockThreshold": 5, "MinStockThreshold": 1, "QuantityConfig": 0, "SpawnAttachments": [], "Vari
SCRIPT       : VEHICLE: { "ClassName": "CrSk_Mercedes_G63_AMG_4x4_19_Akame", "MaxPriceThreshold": 50000, "MinPriceThreshold": 50000, "SellPricePercent": -1, "MaxStockThreshold": 5, "MinStockThreshold": 1, "QuantityConfig": 0, "SpawnAttachments": [], "Vari
SCRIPT       : VEHICLE: { "ClassName": "CrSk_Mercedes_G63_AMG_4x4_19_Franxx", "MaxPriceThreshold": 50000, "MinPriceThreshold": 50000, "SellPricePercent": -1, "MaxStockThreshold": 5, "MinStockThreshold": 1, "QuantityConfig": 0, "SpawnAttachments": [], "Var
SCRIPT       : VEHICLE: { "ClassName": "CrSk_Mercedes_G63_AMG_4x4_19_Line1", "MaxPriceThreshold": 50000, "MinPriceThreshold": 50000, "SellPricePercent": -1, "MaxStockThreshold": 5, "MinStockThreshold": 1, "QuantityConfig": 0, "SpawnAttachments": [], "Vari
SCRIPT       : VEHICLE: { "ClassName": "CrSk_Mercedes_G63_AMG_4x4_19_Zombie_B", "MaxPriceThreshold": 50000, "MinPriceThreshold": 50000, "SellPricePercent": -1, "MaxStockThreshold": 5, "MinStockThreshold": 1, "QuantityConfig": 0, "SpawnAttachments": [], "V
SCRIPT       : VEHICLE: { "ClassName": "CrSk_Mercedes_G63_AMG_4x4_19_Zombie_P", "MaxPriceThreshold": 50000, "MinPriceThreshold": 50000, "SellPricePercent": -1, "MaxStockThreshold": 5, "MinStockThreshold": 1, "QuantityConfig": 0, "SpawnAttachments": [], "V
SCRIPT       : VEHICLE: { "ClassName": "CrSk_Mercedes_G63_AMG_4x4_19_Zombie_W", "MaxPriceThreshold": 50000, "MinPriceThreshold": 50000, "SellPricePercent": -1, "MaxStockThreshold": 5, "MinStockThreshold": 1, "QuantityConfig": 0, "SpawnAttachments": [], "V
SCRIPT       : VEHICLE: { "ClassName": "CrSk_Mercedes_G63_AMG_6x6_17", "MaxPriceThreshold": 50000, "MinPriceThreshold": 50000, "SellPricePercent": -1, "MaxStockThreshold": 5, "MinStockThreshold": 1, "QuantityConfig": 0, "SpawnAttachments": [], "Variants":
SCRIPT       : VEHICLE: { "ClassName": "CrSk_Mercedes_G63_AMG_6x6_17_Black", "MaxPriceThreshold": 50000, "MinPriceThreshold": 50000, "SellPricePercent": -1, "MaxStockThreshold": 5, "MinStockThreshold": 1, "QuantityConfig": 0, "SpawnAttachments": [], "Vari
SCRIPT       : VEHICLE: { "ClassName": "CrSk_Mercedes_G63_AMG_6x6_17_Camo2", "MaxPriceThreshold": 50000, "MinPriceThreshold": 50000, "SellPricePercent": -1, "MaxStockThreshold": 5, "MinStockThreshold": 1, "QuantityConfig": 0, "SpawnAttachments": [], "Vari
SCRIPT       : VEHICLE: { "ClassName": "CrSk_Mercedes_G63_AMG_6x6_17_Camo", "MaxPriceThreshold": 50000, "MinPriceThreshold": 50000, "SellPricePercent": -1, "MaxStockThreshold": 5, "MinStockThreshold": 1, "QuantityConfig": 0, "SpawnAttachments": [], "Varia
SCRIPT       : VEHICLE: { "ClassName": "CrSk_Mercedes_G63_AMG_6x6_17_Camo_KPA", "MaxPriceThreshold": 50000, "MinPriceThreshold": 50000, "SellPricePercent": -1, "MaxStockThreshold": 5, "MinStockThreshold": 1, "QuantityConfig": 0, "SpawnAttachments": [], "V
SCRIPT       : VEHICLE: { "ClassName": "CrSk_Mercedes_V250d_19", "MaxPriceThreshold": 50000, "MinPriceThreshold": 50000, "SellPricePercent": -1, "MaxStockThreshold": 5, "MinStockThreshold": 1, "QuantityConfig": 0, "SpawnAttachments": [], "Variants": [] },
SCRIPT       : VEHICLE: { "ClassName": "CrSk_Mercedes_V250d_19_Black", "MaxPriceThreshold": 50000, "MinPriceThreshold": 50000, "SellPricePercent": -1, "MaxStockThreshold": 5, "MinStockThreshold": 1, "QuantityConfig": 0, "SpawnAttachments": [], "Variants":
SCRIPT       : VEHICLE: { "ClassName": "CrSk_Mercedes_V250d_19_Grey", "MaxPriceThreshold": 50000, "MinPriceThreshold": 50000, "SellPricePercent": -1, "MaxStockThreshold": 5, "MinStockThreshold": 1, "QuantityConfig": 0, "SpawnAttachments": [], "Variants": 
SCRIPT       : VEHICLE: { "ClassName": "CrSk_Mercedes_V250d_19_White2", "MaxPriceThreshold": 50000, "MinPriceThreshold": 50000, "SellPricePercent": -1, "MaxStockThreshold": 5, "MinStockThreshold": 1, "QuantityConfig": 0, "SpawnAttachments": [], "Variants"
SCRIPT       : VEHICLE: { "ClassName": "CrSk_Mercedes_V250d_19_Black2", "MaxPriceThreshold": 50000, "MinPriceThreshold": 50000, "SellPricePercent": -1, "MaxStockThreshold": 5, "MinStockThreshold": 1, "QuantityConfig": 0, "SpawnAttachments": [], "Variants"
SCRIPT       : VEHICLE: { "ClassName": "CrSk_Pitbull_VX", "MaxPriceThreshold": 50000, "MinPriceThreshold": 50000, "SellPricePercent": -1, "MaxStockThreshold": 5, "MinStockThreshold": 1, "QuantityConfig": 0, "SpawnAttachments": [], "Variants": [] },
SCRIPT       : VEHICLE: { "ClassName": "CrSk_Pitbull_VX_Khaki", "MaxPriceThreshold": 50000, "MinPriceThreshold": 50000, "SellPricePercent": -1, "MaxStockThreshold": 5, "MinStockThreshold": 1, "QuantityConfig": 0, "SpawnAttachments": [], "Variants": [] },
SCRIPT       : VEHICLE: { "ClassName": "CrSk_Pitbull_VX_Tan", "MaxPriceThreshold": 50000, "MinPriceThreshold": 50000, "SellPricePercent": -1, "MaxStockThreshold": 5, "MinStockThreshold": 1, "QuantityConfig": 0, "SpawnAttachments": [], "Variants": [] },
SCRIPT       : VEHICLE: { "ClassName": "CrSk_Pitbull_VX_Grey", "MaxPriceThreshold": 50000, "MinPriceThreshold": 50000, "SellPricePercent": -1, "MaxStockThreshold": 5, "MinStockThreshold": 1, "QuantityConfig": 0, "SpawnAttachments": [], "Variants": [] },
SCRIPT       : VEHICLE: { "ClassName": "CrSk_Pitbull_VX_Atakama", "MaxPriceThreshold": 50000, "MinPriceThreshold": 50000, "SellPricePercent": -1, "MaxStockThreshold": 5, "MinStockThreshold": 1, "QuantityConfig": 0, "SpawnAttachments": [], "Variants": [] }
SCRIPT       : VEHICLE: { "ClassName": "CrSk_Pitbull_VX_Meow", "MaxPriceThreshold": 50000, "MinPriceThreshold": 50000, "SellPricePercent": -1, "MaxStockThreshold": 5, "MinStockThreshold": 1, "QuantityConfig": 0, "SpawnAttachments": [], "Variants": [] },
SCRIPT       : VEHICLE: { "ClassName": "CrSk_Rolls_Royce_Cullinan", "MaxPriceThreshold": 50000, "MinPriceThreshold": 50000, "SellPricePercent": -1, "MaxStockThreshold": 5, "MinStockThreshold": 1, "QuantityConfig": 0, "SpawnAttachments": [], "Variants": []
SCRIPT       : VEHICLE: { "ClassName": "CrSk_Rolls_Royce_Cullinan_Black", "MaxPriceThreshold": 50000, "MinPriceThreshold": 50000, "SellPricePercent": -1, "MaxStockThreshold": 5, "MinStockThreshold": 1, "QuantityConfig": 0, "SpawnAttachments": [], "Variant
SCRIPT       : VEHICLE: { "ClassName": "CrSk_Rolls_Royce_Cullinan_BlackBadge", "MaxPriceThreshold": 50000, "MinPriceThreshold": 50000, "SellPricePercent": -1, "MaxStockThreshold": 5, "MinStockThreshold": 1, "QuantityConfig": 0, "SpawnAttachments": [], "Va
SCRIPT       : VEHICLE: { "ClassName": "CrSk_Rolls_Royce_Cullinan_BlackBadge_White", "MaxPriceThreshold": 50000, "MinPriceThreshold": 50000, "SellPricePercent": -1, "MaxStockThreshold": 5, "MinStockThreshold": 1, "QuantityConfig": 0, "SpawnAttachments": [
SCRIPT       : VEHICLE: { "ClassName": "CrSk_Toyota_Land_Cruiser_200_16", "MaxPriceThreshold": 50000, "MinPriceThreshold": 50000, "SellPricePercent": -1, "MaxStockThreshold": 5, "MinStockThreshold": 1, "QuantityConfig": 0, "SpawnAttachments": [], "Variant
SCRIPT       : VEHICLE: { "ClassName": "CrSk_Toyota_Land_Cruiser_200_16_White", "MaxPriceThreshold": 50000, "MinPriceThreshold": 50000, "SellPricePercent": -1, "MaxStockThreshold": 5, "MinStockThreshold": 1, "QuantityConfig": 0, "SpawnAttachments": [], "V
SCRIPT       : VEHICLE: { "ClassName": "CrSk_Toyota_Land_Cruiser_200_16_Khann", "MaxPriceThreshold": 50000, "MinPriceThreshold": 50000, "SellPricePercent": -1, "MaxStockThreshold": 5, "MinStockThreshold": 1, "QuantityConfig": 0, "SpawnAttachments": [], "V
SCRIPT       : VEHICLE: { "ClassName": "CrSk_Toyota_Land_Cruiser_200_16_Khann_White", "MaxPriceThreshold": 50000, "MinPriceThreshold": 50000, "SellPricePercent": -1, "MaxStockThreshold": 5, "MinStockThreshold": 1, "QuantityConfig": 0, "SpawnAttachments": 
SCRIPT       : VEHICLE: { "ClassName": "CrSk_Toyota_Land_Cruiser_200_16_MTR", "MaxPriceThreshold": 50000, "MinPriceThreshold": 50000, "SellPricePercent": -1, "MaxStockThreshold": 5, "MinStockThreshold": 1, "QuantityConfig": 0, "SpawnAttachments": [], "Var
SCRIPT       : VEHICLE: { "ClassName": "CrSk_Toyota_Land_Cruiser_200_16_MTR_White", "MaxPriceThreshold": 50000, "MinPriceThreshold": 50000, "SellPricePercent": -1, "MaxStockThreshold": 5, "MinStockThreshold": 1, "QuantityConfig": 0, "SpawnAttachments": []
SCRIPT       : VEHICLE: { "ClassName": "CrSk_Typhoon_K_53949", "MaxPriceThreshold": 50000, "MinPriceThreshold": 50000, "SellPricePercent": -1, "MaxStockThreshold": 5, "MinStockThreshold": 1, "QuantityConfig": 0, "SpawnAttachments": [], "Variants": [] },
SCRIPT       : VEHICLE: { "ClassName": "CrSk_Typhoon_K_53949_khaki", "MaxPriceThreshold": 50000, "MinPriceThreshold": 50000, "SellPricePercent": -1, "MaxStockThreshold": 5, "MinStockThreshold": 1, "QuantityConfig": 0, "SpawnAttachments": [], "Variants": [
SCRIPT       : VEHICLE: { "ClassName": "CrSk_Typhoon_K_53949_Tan", "MaxPriceThreshold": 50000, "MinPriceThreshold": 50000, "SellPricePercent": -1, "MaxStockThreshold": 5, "MinStockThreshold": 1, "QuantityConfig": 0, "SpawnAttachments": [], "Variants": [] 
SCRIPT       : VEHICLE: { "ClassName": "CrSk_Typhoon_K_53949_Grey", "MaxPriceThreshold": 50000, "MinPriceThreshold": 50000, "SellPricePercent": -1, "MaxStockThreshold": 5, "MinStockThreshold": 1, "QuantityConfig": 0, "SpawnAttachments": [], "Variants": []
SCRIPT       : VEHICLE: { "ClassName": "ExpansionGyrocopter", "MaxPriceThreshold": 50000, "MinPriceThreshold": 50000, "SellPricePercent": -1, "MaxStockThreshold": 5, "MinStockThreshold": 1, "QuantityConfig": 0, "SpawnAttachments": [], "Variants": [] },
SCRIPT       : VEHICLE: { "ClassName": "ExpansionBigGyrocopter", "MaxPriceThreshold": 50000, "MinPriceThreshold": 50000, "SellPricePercent": -1, "MaxStockThreshold": 5, "MinStockThreshold": 1, "QuantityConfig": 0, "SpawnAttachments": [], "Variants": [] },
SCRIPT       : VEHICLE: { "ClassName": "ExpansionHatchBird", "MaxPriceThreshold": 50000, "MinPriceThreshold": 50000, "SellPricePercent": -1, "MaxStockThreshold": 5, "MinStockThreshold": 1, "QuantityConfig": 0, "SpawnAttachments": [], "Variants": [] },
SCRIPT       : VEHICLE: { "ClassName": "ExpansionMerlin", "MaxPriceThreshold": 50000, "MinPriceThreshold": 50000, "SellPricePercent": -1, "MaxStockThreshold": 5, "MinStockThreshold": 1, "QuantityConfig": 0, "SpawnAttachments": [], "Variants": [] },
SCRIPT       : VEHICLE: { "ClassName": "ExpansionMerlin_Green", "MaxPriceThreshold": 50000, "MinPriceThreshold": 50000, "SellPricePercent": -1, "MaxStockThreshold": 5, "MinStockThreshold": 1, "QuantityConfig": 0, "SpawnAttachments": [], "Variants": [] },
SCRIPT       : VEHICLE: { "ClassName": "ExpansionMerlin_Dahoman", "MaxPriceThreshold": 50000, "MinPriceThreshold": 50000, "SellPricePercent": -1, "MaxStockThreshold": 5, "MinStockThreshold": 1, "QuantityConfig": 0, "SpawnAttachments": [], "Variants": [] }
SCRIPT       : VEHICLE: { "ClassName": "ExpansionMerlin_Ion", "MaxPriceThreshold": 50000, "MinPriceThreshold": 50000, "SellPricePercent": -1, "MaxStockThreshold": 5, "MinStockThreshold": 1, "QuantityConfig": 0, "SpawnAttachments": [], "Variants": [] },
SCRIPT       : VEHICLE: { "ClassName": "ExpansionMerlin_President", "MaxPriceThreshold": 50000, "MinPriceThreshold": 50000, "SellPricePercent": -1, "MaxStockThreshold": 5, "MinStockThreshold": 1, "QuantityConfig": 0, "SpawnAttachments": [], "Variants": []
SCRIPT       : VEHICLE: { "ClassName": "ExpansionMerlin_Vrana", "MaxPriceThreshold": 50000, "MinPriceThreshold": 50000, "SellPricePercent": -1, "MaxStockThreshold": 5, "MinStockThreshold": 1, "QuantityConfig": 0, "SpawnAttachments": [], "Variants": [] },
SCRIPT       : VEHICLE: { "ClassName": "ExpansionMerlin_Wave", "MaxPriceThreshold": 50000, "MinPriceThreshold": 50000, "SellPricePercent": -1, "MaxStockThreshold": 5, "MinStockThreshold": 1, "QuantityConfig": 0, "SpawnAttachments": [], "Variants": [] },
SCRIPT       : PART: { "ClassName": "Expansion_Mh6_Door_1_1", "MaxPriceThreshold": 1000, "MinPriceThreshold": 1000, "SellPricePercent": 20, "MaxStockThreshold": 10, "MinStockThreshold": 1, "QuantityConfig": 0, "SpawnAttachments": [], "Variants": [] },
SCRIPT       : PART: { "ClassName": "Expansion_Mh6_Door_1_2", "MaxPriceThreshold": 1000, "MinPriceThreshold": 1000, "SellPricePercent": 20, "MaxStockThreshold": 10, "MinStockThreshold": 1, "QuantityConfig": 0, "SpawnAttachments": [], "Variants": [] },
SCRIPT       : PART: { "ClassName": "Expansion_Mh6_Door_2_1", "MaxPriceThreshold": 1000, "MinPriceThreshold": 1000, "SellPricePercent": 20, "MaxStockThreshold": 10, "MinStockThreshold": 1, "QuantityConfig": 0, "SpawnAttachments": [], "Variants": [] },
SCRIPT       : PART: { "ClassName": "Expansion_Mh6_Door_2_2", "MaxPriceThreshold": 1000, "MinPriceThreshold": 1000, "SellPricePercent": 20, "MaxStockThreshold": 10, "MinStockThreshold": 1, "QuantityConfig": 0, "SpawnAttachments": [], "Variants": [] },
SCRIPT       : VEHICLE: { "ClassName": "ExpansionMh6", "MaxPriceThreshold": 50000, "MinPriceThreshold": 50000, "SellPricePercent": -1, "MaxStockThreshold": 5, "MinStockThreshold": 1, "QuantityConfig": 0, "SpawnAttachments": [], "Variants": [] },
SCRIPT       : VEHICLE: { "ClassName": "ExpansionMh6_Green", "MaxPriceThreshold": 50000, "MinPriceThreshold": 50000, "SellPricePercent": -1, "MaxStockThreshold": 5, "MinStockThreshold": 1, "QuantityConfig": 0, "SpawnAttachments": [], "Variants": [] },
SCRIPT       : PART: { "ClassName": "Expansion_Mh6_Door_1_1_Green", "MaxPriceThreshold": 1000, "MinPriceThreshold": 1000, "SellPricePercent": 20, "MaxStockThreshold": 10, "MinStockThreshold": 1, "QuantityConfig": 0, "SpawnAttachments": [], "Variants": [] 
SCRIPT       : PART: { "ClassName": "Expansion_Mh6_Door_1_2_Green", "MaxPriceThreshold": 1000, "MinPriceThreshold": 1000, "SellPricePercent": 20, "MaxStockThreshold": 10, "MinStockThreshold": 1, "QuantityConfig": 0, "SpawnAttachments": [], "Variants": [] 
SCRIPT       : PART: { "ClassName": "Expansion_Mh6_Door_2_1_Green", "MaxPriceThreshold": 1000, "MinPriceThreshold": 1000, "SellPricePercent": 20, "MaxStockThreshold": 10, "MinStockThreshold": 1, "QuantityConfig": 0, "SpawnAttachments": [], "Variants": [] 
SCRIPT       : PART: { "ClassName": "Expansion_Mh6_Door_2_2_Green", "MaxPriceThreshold": 1000, "MinPriceThreshold": 1000, "SellPricePercent": 20, "MaxStockThreshold": 10, "MinStockThreshold": 1, "QuantityConfig": 0, "SpawnAttachments": [], "Variants": [] 
SCRIPT       : VEHICLE: { "ClassName": "ExpansionMh6_Blueline", "MaxPriceThreshold": 50000, "MinPriceThreshold": 50000, "SellPricePercent": -1, "MaxStockThreshold": 5, "MinStockThreshold": 1, "QuantityConfig": 0, "SpawnAttachments": [], "Variants": [] },
SCRIPT       : PART: { "ClassName": "Expansion_Mh6_Door_1_1_Blueline", "MaxPriceThreshold": 1000, "MinPriceThreshold": 1000, "SellPricePercent": 20, "MaxStockThreshold": 10, "MinStockThreshold": 1, "QuantityConfig": 0, "SpawnAttachments": [], "Variants": 
SCRIPT       : PART: { "ClassName": "Expansion_Mh6_Door_1_2_Blueline", "MaxPriceThreshold": 1000, "MinPriceThreshold": 1000, "SellPricePercent": 20, "MaxStockThreshold": 10, "MinStockThreshold": 1, "QuantityConfig": 0, "SpawnAttachments": [], "Variants": 
SCRIPT       : PART: { "ClassName": "Expansion_Mh6_Door_2_1_Blueline", "MaxPriceThreshold": 1000, "MinPriceThreshold": 1000, "SellPricePercent": 20, "MaxStockThreshold": 10, "MinStockThreshold": 1, "QuantityConfig": 0, "SpawnAttachments": [], "Variants": 
SCRIPT       : PART: { "ClassName": "Expansion_Mh6_Door_2_2_Blueline", "MaxPriceThreshold": 1000, "MinPriceThreshold": 1000, "SellPricePercent": 20, "MaxStockThreshold": 10, "MinStockThreshold": 1, "QuantityConfig": 0, "SpawnAttachments": [], "Variants": 
SCRIPT       : VEHICLE: { "ClassName": "ExpansionMh6_Digital", "MaxPriceThreshold": 50000, "MinPriceThreshold": 50000, "SellPricePercent": -1, "MaxStockThreshold": 5, "MinStockThreshold": 1, "QuantityConfig": 0, "SpawnAttachments": [], "Variants": [] },
SCRIPT       : PART: { "ClassName": "Expansion_Mh6_Door_1_1_Digital", "MaxPriceThreshold": 1000, "MinPriceThreshold": 1000, "SellPricePercent": 20, "MaxStockThreshold": 10, "MinStockThreshold": 1, "QuantityConfig": 0, "SpawnAttachments": [], "Variants": [
SCRIPT       : PART: { "ClassName": "Expansion_Mh6_Door_1_2_Digital", "MaxPriceThreshold": 1000, "MinPriceThreshold": 1000, "SellPricePercent": 20, "MaxStockThreshold": 10, "MinStockThreshold": 1, "QuantityConfig": 0, "SpawnAttachments": [], "Variants": [
SCRIPT       : PART: { "ClassName": "Expansion_Mh6_Door_2_1_Digital", "MaxPriceThreshold": 1000, "MinPriceThreshold": 1000, "SellPricePercent": 20, "MaxStockThreshold": 10, "MinStockThreshold": 1, "QuantityConfig": 0, "SpawnAttachments": [], "Variants": [
SCRIPT       : PART: { "ClassName": "Expansion_Mh6_Door_2_2_Digital", "MaxPriceThreshold": 1000, "MinPriceThreshold": 1000, "SellPricePercent": 20, "MaxStockThreshold": 10, "MinStockThreshold": 1, "QuantityConfig": 0, "SpawnAttachments": [], "Variants": [
SCRIPT       : VEHICLE: { "ClassName": "ExpansionMh6_Elliptical", "MaxPriceThreshold": 50000, "MinPriceThreshold": 50000, "SellPricePercent": -1, "MaxStockThreshold": 5, "MinStockThreshold": 1, "QuantityConfig": 0, "SpawnAttachments": [], "Variants": [] }
SCRIPT       : PART: { "ClassName": "Expansion_Mh6_Door_1_1_Elliptical", "MaxPriceThreshold": 1000, "MinPriceThreshold": 1000, "SellPricePercent": 20, "MaxStockThreshold": 10, "MinStockThreshold": 1, "QuantityConfig": 0, "SpawnAttachments": [], "Variants"
SCRIPT       : PART: { "ClassName": "Expansion_Mh6_Door_1_2_Elliptical", "MaxPriceThreshold": 1000, "MinPriceThreshold": 1000, "SellPricePercent": 20, "MaxStockThreshold": 10, "MinStockThreshold": 1, "QuantityConfig": 0, "SpawnAttachments": [], "Variants"
SCRIPT       : PART: { "ClassName": "Expansion_Mh6_Door_2_1_Elliptical", "MaxPriceThreshold": 1000, "MinPriceThreshold": 1000, "SellPricePercent": 20, "MaxStockThreshold": 10, "MinStockThreshold": 1, "QuantityConfig": 0, "SpawnAttachments": [], "Variants"
SCRIPT       : PART: { "ClassName": "Expansion_Mh6_Door_2_2_Elliptical", "MaxPriceThreshold": 1000, "MinPriceThreshold": 1000, "SellPricePercent": 20, "MaxStockThreshold": 10, "MinStockThreshold": 1, "QuantityConfig": 0, "SpawnAttachments": [], "Variants"
SCRIPT       : VEHICLE: { "ClassName": "ExpansionMh6_Furious", "MaxPriceThreshold": 50000, "MinPriceThreshold": 50000, "SellPricePercent": -1, "MaxStockThreshold": 5, "MinStockThreshold": 1, "QuantityConfig": 0, "SpawnAttachments": [], "Variants": [] },
SCRIPT       : PART: { "ClassName": "Expansion_Mh6_Door_1_1_Furious", "MaxPriceThreshold": 1000, "MinPriceThreshold": 1000, "SellPricePercent": 20, "MaxStockThreshold": 10, "MinStockThreshold": 1, "QuantityConfig": 0, "SpawnAttachments": [], "Variants": [
SCRIPT       : PART: { "ClassName": "Expansion_Mh6_Door_1_2_Furious", "MaxPriceThreshold": 1000, "MinPriceThreshold": 1000, "SellPricePercent": 20, "MaxStockThreshold": 10, "MinStockThreshold": 1, "QuantityConfig": 0, "SpawnAttachments": [], "Variants": [
SCRIPT       : PART: { "ClassName": "Expansion_Mh6_Door_2_1_Furious", "MaxPriceThreshold": 1000, "MinPriceThreshold": 1000, "SellPricePercent": 20, "MaxStockThreshold": 10, "MinStockThreshold": 1, "QuantityConfig": 0, "SpawnAttachments": [], "Variants": [
SCRIPT       : PART: { "ClassName": "Expansion_Mh6_Door_2_2_Furious", "MaxPriceThreshold": 1000, "MinPriceThreshold": 1000, "SellPricePercent": 20, "MaxStockThreshold": 10, "MinStockThreshold": 1, "QuantityConfig": 0, "SpawnAttachments": [], "Variants": [
SCRIPT       : VEHICLE: { "ClassName": "ExpansionMh6_GrayWatcher", "MaxPriceThreshold": 50000, "MinPriceThreshold": 50000, "SellPricePercent": -1, "MaxStockThreshold": 5, "MinStockThreshold": 1, "QuantityConfig": 0, "SpawnAttachments": [], "Variants": [] 
SCRIPT       : PART: { "ClassName": "Expansion_Mh6_Door_1_1_GrayWatcher", "MaxPriceThreshold": 1000, "MinPriceThreshold": 1000, "SellPricePercent": 20, "MaxStockThreshold": 10, "MinStockThreshold": 1, "QuantityConfig": 0, "SpawnAttachments": [], "Variants
SCRIPT       : PART: { "ClassName": "Expansion_Mh6_Door_1_2_GrayWatcher", "MaxPriceThreshold": 1000, "MinPriceThreshold": 1000, "SellPricePercent": 20, "MaxStockThreshold": 10, "MinStockThreshold": 1, "QuantityConfig": 0, "SpawnAttachments": [], "Variants
SCRIPT       : PART: { "ClassName": "Expansion_Mh6_Door_2_1_GrayWatcher", "MaxPriceThreshold": 1000, "MinPriceThreshold": 1000, "SellPricePercent": 20, "MaxStockThreshold": 10, "MinStockThreshold": 1, "QuantityConfig": 0, "SpawnAttachments": [], "Variants
SCRIPT       : PART: { "ClassName": "Expansion_Mh6_Door_2_2_GrayWatcher", "MaxPriceThreshold": 1000, "MinPriceThreshold": 1000, "SellPricePercent": 20, "MaxStockThreshold": 10, "MinStockThreshold": 1, "QuantityConfig": 0, "SpawnAttachments": [], "Variants
SCRIPT       : VEHICLE: { "ClassName": "ExpansionMh6_Jeans", "MaxPriceThreshold": 50000, "MinPriceThreshold": 50000, "SellPricePercent": -1, "MaxStockThreshold": 5, "MinStockThreshold": 1, "QuantityConfig": 0, "SpawnAttachments": [], "Variants": [] },
SCRIPT       : PART: { "ClassName": "Expansion_Mh6_Door_1_1_Jeans", "MaxPriceThreshold": 1000, "MinPriceThreshold": 1000, "SellPricePercent": 20, "MaxStockThreshold": 10, "MinStockThreshold": 1, "QuantityConfig": 0, "SpawnAttachments": [], "Variants": [] 
SCRIPT       : PART: { "ClassName": "Expansion_Mh6_Door_1_2_Jeans", "MaxPriceThreshold": 1000, "MinPriceThreshold": 1000, "SellPricePercent": 20, "MaxStockThreshold": 10, "MinStockThreshold": 1, "QuantityConfig": 0, "SpawnAttachments": [], "Variants": [] 
SCRIPT       : PART: { "ClassName": "Expansion_Mh6_Door_2_1_Jeans", "MaxPriceThreshold": 1000, "MinPriceThreshold": 1000, "SellPricePercent": 20, "MaxStockThreshold": 10, "MinStockThreshold": 1, "QuantityConfig": 0, "SpawnAttachments": [], "Variants": [] 
SCRIPT       : PART: { "ClassName": "Expansion_Mh6_Door_2_2_Jeans", "MaxPriceThreshold": 1000, "MinPriceThreshold": 1000, "SellPricePercent": 20, "MaxStockThreshold": 10, "MinStockThreshold": 1, "QuantityConfig": 0, "SpawnAttachments": [], "Variants": [] 
SCRIPT       : VEHICLE: { "ClassName": "ExpansionMh6_Resistance", "MaxPriceThreshold": 50000, "MinPriceThreshold": 50000, "SellPricePercent": -1, "MaxStockThreshold": 5, "MinStockThreshold": 1, "QuantityConfig": 0, "SpawnAttachments": [], "Variants": [] }
SCRIPT       : PART: { "ClassName": "Expansion_Mh6_Door_1_1_Resistance", "MaxPriceThreshold": 1000, "MinPriceThreshold": 1000, "SellPricePercent": 20, "MaxStockThreshold": 10, "MinStockThreshold": 1, "QuantityConfig": 0, "SpawnAttachments": [], "Variants"
SCRIPT       : PART: { "ClassName": "Expansion_Mh6_Door_1_2_Resistance", "MaxPriceThreshold": 1000, "MinPriceThreshold": 1000, "SellPricePercent": 20, "MaxStockThreshold": 10, "MinStockThreshold": 1, "QuantityConfig": 0, "SpawnAttachments": [], "Variants"
SCRIPT       : PART: { "ClassName": "Expansion_Mh6_Door_2_1_Resistance", "MaxPriceThreshold": 1000, "MinPriceThreshold": 1000, "SellPricePercent": 20, "MaxStockThreshold": 10, "MinStockThreshold": 1, "QuantityConfig": 0, "SpawnAttachments": [], "Variants"
SCRIPT       : PART: { "ClassName": "Expansion_Mh6_Door_2_2_Resistance", "MaxPriceThreshold": 1000, "MinPriceThreshold": 1000, "SellPricePercent": 20, "MaxStockThreshold": 10, "MinStockThreshold": 1, "QuantityConfig": 0, "SpawnAttachments": [], "Variants"
SCRIPT       : VEHICLE: { "ClassName": "ExpansionMh6_Shadow", "MaxPriceThreshold": 50000, "MinPriceThreshold": 50000, "SellPricePercent": -1, "MaxStockThreshold": 5, "MinStockThreshold": 1, "QuantityConfig": 0, "SpawnAttachments": [], "Variants": [] },
SCRIPT       : PART: { "ClassName": "Expansion_Mh6_Door_1_1_Shadow", "MaxPriceThreshold": 1000, "MinPriceThreshold": 1000, "SellPricePercent": 20, "MaxStockThreshold": 10, "MinStockThreshold": 1, "QuantityConfig": 0, "SpawnAttachments": [], "Variants": []
SCRIPT       : PART: { "ClassName": "Expansion_Mh6_Door_1_2_Shadow", "MaxPriceThreshold": 1000, "MinPriceThreshold": 1000, "SellPricePercent": 20, "MaxStockThreshold": 10, "MinStockThreshold": 1, "QuantityConfig": 0, "SpawnAttachments": [], "Variants": []
SCRIPT       : PART: { "ClassName": "Expansion_Mh6_Door_2_1_Shadow", "MaxPriceThreshold": 1000, "MinPriceThreshold": 1000, "SellPricePercent": 20, "MaxStockThreshold": 10, "MinStockThreshold": 1, "QuantityConfig": 0, "SpawnAttachments": [], "Variants": []
SCRIPT       : PART: { "ClassName": "Expansion_Mh6_Door_2_2_Shadow", "MaxPriceThreshold": 1000, "MinPriceThreshold": 1000, "SellPricePercent": 20, "MaxStockThreshold": 10, "MinStockThreshold": 1, "QuantityConfig": 0, "SpawnAttachments": [], "Variants": []
SCRIPT       : VEHICLE: { "ClassName": "ExpansionMh6_Sheriff", "MaxPriceThreshold": 50000, "MinPriceThreshold": 50000, "SellPricePercent": -1, "MaxStockThreshold": 5, "MinStockThreshold": 1, "QuantityConfig": 0, "SpawnAttachments": [], "Variants": [] },
SCRIPT       : PART: { "ClassName": "Expansion_Mh6_Door_1_1_Sheriff", "MaxPriceThreshold": 1000, "MinPriceThreshold": 1000, "SellPricePercent": 20, "MaxStockThreshold": 10, "MinStockThreshold": 1, "QuantityConfig": 0, "SpawnAttachments": [], "Variants": [
SCRIPT       : PART: { "ClassName": "Expansion_Mh6_Door_1_2_Sheriff", "MaxPriceThreshold": 1000, "MinPriceThreshold": 1000, "SellPricePercent": 20, "MaxStockThreshold": 10, "MinStockThreshold": 1, "QuantityConfig": 0, "SpawnAttachments": [], "Variants": [
SCRIPT       : PART: { "ClassName": "Expansion_Mh6_Door_2_1_Sheriff", "MaxPriceThreshold": 1000, "MinPriceThreshold": 1000, "SellPricePercent": 20, "MaxStockThreshold": 10, "MinStockThreshold": 1, "QuantityConfig": 0, "SpawnAttachments": [], "Variants": [
SCRIPT       : PART: { "ClassName": "Expansion_Mh6_Door_2_2_Sheriff", "MaxPriceThreshold": 1000, "MinPriceThreshold": 1000, "SellPricePercent": 20, "MaxStockThreshold": 10, "MinStockThreshold": 1, "QuantityConfig": 0, "SpawnAttachments": [], "Variants": [
SCRIPT       : VEHICLE: { "ClassName": "ExpansionMh6_Speedy", "MaxPriceThreshold": 50000, "MinPriceThreshold": 50000, "SellPricePercent": -1, "MaxStockThreshold": 5, "MinStockThreshold": 1, "QuantityConfig": 0, "SpawnAttachments": [], "Variants": [] },
SCRIPT       : PART: { "ClassName": "Expansion_Mh6_Door_1_1_Speedy", "MaxPriceThreshold": 1000, "MinPriceThreshold": 1000, "SellPricePercent": 20, "MaxStockThreshold": 10, "MinStockThreshold": 1, "QuantityConfig": 0, "SpawnAttachments": [], "Variants": []
SCRIPT       : PART: { "ClassName": "Expansion_Mh6_Door_1_2_Speedy", "MaxPriceThreshold": 1000, "MinPriceThreshold": 1000, "SellPricePercent": 20, "MaxStockThreshold": 10, "MinStockThreshold": 1, "QuantityConfig": 0, "SpawnAttachments": [], "Variants": []
SCRIPT       : PART: { "ClassName": "Expansion_Mh6_Door_2_1_Speedy", "MaxPriceThreshold": 1000, "MinPriceThreshold": 1000, "SellPricePercent": 20, "MaxStockThreshold": 10, "MinStockThreshold": 1, "QuantityConfig": 0, "SpawnAttachments": [], "Variants": []
SCRIPT       : PART: { "ClassName": "Expansion_Mh6_Door_2_2_Speedy", "MaxPriceThreshold": 1000, "MinPriceThreshold": 1000, "SellPricePercent": 20, "MaxStockThreshold": 10, "MinStockThreshold": 1, "QuantityConfig": 0, "SpawnAttachments": [], "Variants": []
SCRIPT       : VEHICLE: { "ClassName": "ExpansionMh6_Sunset", "MaxPriceThreshold": 50000, "MinPriceThreshold": 50000, "SellPricePercent": -1, "MaxStockThreshold": 5, "MinStockThreshold": 1, "QuantityConfig": 0, "SpawnAttachments": [], "Variants": [] },
SCRIPT       : PART: { "ClassName": "Expansion_Mh6_Door_1_1_Sunset", "MaxPriceThreshold": 1000, "MinPriceThreshold": 1000, "SellPricePercent": 20, "MaxStockThreshold": 10, "MinStockThreshold": 1, "QuantityConfig": 0, "SpawnAttachments": [], "Variants": []
SCRIPT       : PART: { "ClassName": "Expansion_Mh6_Door_1_2_Sunset", "MaxPriceThreshold": 1000, "MinPriceThreshold": 1000, "SellPricePercent": 20, "MaxStockThreshold": 10, "MinStockThreshold": 1, "QuantityConfig": 0, "SpawnAttachments": [], "Variants": []
SCRIPT       : PART: { "ClassName": "Expansion_Mh6_Door_2_1_Sunset", "MaxPriceThreshold": 1000, "MinPriceThreshold": 1000, "SellPricePercent": 20, "MaxStockThreshold": 10, "MinStockThreshold": 1, "QuantityConfig": 0, "SpawnAttachments": [], "Variants": []
SCRIPT       : PART: { "ClassName": "Expansion_Mh6_Door_2_2_Sunset", "MaxPriceThreshold": 1000, "MinPriceThreshold": 1000, "SellPricePercent": 20, "MaxStockThreshold": 10, "MinStockThreshold": 1, "QuantityConfig": 0, "SpawnAttachments": [], "Variants": []
SCRIPT       : VEHICLE: { "ClassName": "ExpansionMh6_Vrana", "MaxPriceThreshold": 50000, "MinPriceThreshold": 50000, "SellPricePercent": -1, "MaxStockThreshold": 5, "MinStockThreshold": 1, "QuantityConfig": 0, "SpawnAttachments": [], "Variants": [] },
SCRIPT       : PART: { "ClassName": "Expansion_Mh6_Door_1_1_Vrana", "MaxPriceThreshold": 1000, "MinPriceThreshold": 1000, "SellPricePercent": 20, "MaxStockThreshold": 10, "MinStockThreshold": 1, "QuantityConfig": 0, "SpawnAttachments": [], "Variants": [] 
SCRIPT       : PART: { "ClassName": "Expansion_Mh6_Door_1_2_Vrana", "MaxPriceThreshold": 1000, "MinPriceThreshold": 1000, "SellPricePercent": 20, "MaxStockThreshold": 10, "MinStockThreshold": 1, "QuantityConfig": 0, "SpawnAttachments": [], "Variants": [] 
SCRIPT       : PART: { "ClassName": "Expansion_Mh6_Door_2_1_Vrana", "MaxPriceThreshold": 1000, "MinPriceThreshold": 1000, "SellPricePercent": 20, "MaxStockThreshold": 10, "MinStockThreshold": 1, "QuantityConfig": 0, "SpawnAttachments": [], "Variants": [] 
SCRIPT       : PART: { "ClassName": "Expansion_Mh6_Door_2_2_Vrana", "MaxPriceThreshold": 1000, "MinPriceThreshold": 1000, "SellPricePercent": 20, "MaxStockThreshold": 10, "MinStockThreshold": 1, "QuantityConfig": 0, "SpawnAttachments": [], "Variants": [] 
SCRIPT       : VEHICLE: { "ClassName": "ExpansionMh6_Wasp", "MaxPriceThreshold": 50000, "MinPriceThreshold": 50000, "SellPricePercent": -1, "MaxStockThreshold": 5, "MinStockThreshold": 1, "QuantityConfig": 0, "SpawnAttachments": [], "Variants": [] },
SCRIPT       : PART: { "ClassName": "Expansion_Mh6_Door_1_1_Wasp", "MaxPriceThreshold": 1000, "MinPriceThreshold": 1000, "SellPricePercent": 20, "MaxStockThreshold": 10, "MinStockThreshold": 1, "QuantityConfig": 0, "SpawnAttachments": [], "Variants": [] }
SCRIPT       : PART: { "ClassName": "Expansion_Mh6_Door_1_2_Wasp", "MaxPriceThreshold": 1000, "MinPriceThreshold": 1000, "SellPricePercent": 20, "MaxStockThreshold": 10, "MinStockThreshold": 1, "QuantityConfig": 0, "SpawnAttachments": [], "Variants": [] }
SCRIPT       : PART: { "ClassName": "Expansion_Mh6_Door_2_1_Wasp", "MaxPriceThreshold": 1000, "MinPriceThreshold": 1000, "SellPricePercent": 20, "MaxStockThreshold": 10, "MinStockThreshold": 1, "QuantityConfig": 0, "SpawnAttachments": [], "Variants": [] }
SCRIPT       : PART: { "ClassName": "Expansion_Mh6_Door_2_2_Wasp", "MaxPriceThreshold": 1000, "MinPriceThreshold": 1000, "SellPricePercent": 20, "MaxStockThreshold": 10, "MinStockThreshold": 1, "QuantityConfig": 0, "SpawnAttachments": [], "Variants": [] }
SCRIPT       : VEHICLE: { "ClassName": "ExpansionMh6_Wave", "MaxPriceThreshold": 50000, "MinPriceThreshold": 50000, "SellPricePercent": -1, "MaxStockThreshold": 5, "MinStockThreshold": 1, "QuantityConfig": 0, "SpawnAttachments": [], "Variants": [] },
SCRIPT       : PART: { "ClassName": "Expansion_Mh6_Door_1_1_Wave", "MaxPriceThreshold": 1000, "MinPriceThreshold": 1000, "SellPricePercent": 20, "MaxStockThreshold": 10, "MinStockThreshold": 1, "QuantityConfig": 0, "SpawnAttachments": [], "Variants": [] }
SCRIPT       : PART: { "ClassName": "Expansion_Mh6_Door_1_2_Wave", "MaxPriceThreshold": 1000, "MinPriceThreshold": 1000, "SellPricePercent": 20, "MaxStockThreshold": 10, "MinStockThreshold": 1, "QuantityConfig": 0, "SpawnAttachments": [], "Variants": [] }
SCRIPT       : PART: { "ClassName": "Expansion_Mh6_Door_2_1_Wave", "MaxPriceThreshold": 1000, "MinPriceThreshold": 1000, "SellPricePercent": 20, "MaxStockThreshold": 10, "MinStockThreshold": 1, "QuantityConfig": 0, "SpawnAttachments": [], "Variants": [] }
SCRIPT       : PART: { "ClassName": "Expansion_Mh6_Door_2_2_Wave", "MaxPriceThreshold": 1000, "MinPriceThreshold": 1000, "SellPricePercent": 20, "MaxStockThreshold": 10, "MinStockThreshold": 1, "QuantityConfig": 0, "SpawnAttachments": [], "Variants": [] }
SCRIPT       : VEHICLE: { "ClassName": "ExpansionMh6_Black", "MaxPriceThreshold": 50000, "MinPriceThreshold": 50000, "SellPricePercent": -1, "MaxStockThreshold": 5, "MinStockThreshold": 1, "QuantityConfig": 0, "SpawnAttachments": [], "Variants": [] },
SCRIPT       : PART: { "ClassName": "Expansion_Mh6_Door_1_1_Black", "MaxPriceThreshold": 1000, "MinPriceThreshold": 1000, "SellPricePercent": 20, "MaxStockThreshold": 10, "MinStockThreshold": 1, "QuantityConfig": 0, "SpawnAttachments": [], "Variants": [] 
SCRIPT       : PART: { "ClassName": "Expansion_Mh6_Door_1_2_Black", "MaxPriceThreshold": 1000, "MinPriceThreshold": 1000, "SellPricePercent": 20, "MaxStockThreshold": 10, "MinStockThreshold": 1, "QuantityConfig": 0, "SpawnAttachments": [], "Variants": [] 
SCRIPT       : PART: { "ClassName": "Expansion_Mh6_Door_2_1_Black", "MaxPriceThreshold": 1000, "MinPriceThreshold": 1000, "SellPricePercent": 20, "MaxStockThreshold": 10, "MinStockThreshold": 1, "QuantityConfig": 0, "SpawnAttachments": [], "Variants": [] 
SCRIPT       : PART: { "ClassName": "Expansion_Mh6_Door_2_2_Black", "MaxPriceThreshold": 1000, "MinPriceThreshold": 1000, "SellPricePercent": 20, "MaxStockThreshold": 10, "MinStockThreshold": 1, "QuantityConfig": 0, "SpawnAttachments": [], "Variants": [] 
SCRIPT       : VEHICLE: { "ClassName": "ExpansionUh1h", "MaxPriceThreshold": 50000, "MinPriceThreshold": 50000, "SellPricePercent": -1, "MaxStockThreshold": 5, "MinStockThreshold": 1, "QuantityConfig": 0, "SpawnAttachments": [], "Variants": [] },
SCRIPT       : VEHICLE: { "ClassName": "ExpansionUh1h_Green", "MaxPriceThreshold": 50000, "MinPriceThreshold": 50000, "SellPricePercent": -1, "MaxStockThreshold": 5, "MinStockThreshold": 1, "QuantityConfig": 0, "SpawnAttachments": [], "Variants": [] },
SCRIPT       : VEHICLE: { "ClassName": "ExpansionUh1h_Civilian", "MaxPriceThreshold": 50000, "MinPriceThreshold": 50000, "SellPricePercent": -1, "MaxStockThreshold": 5, "MinStockThreshold": 1, "QuantityConfig": 0, "SpawnAttachments": [], "Variants": [] },
SCRIPT       : VEHICLE: { "ClassName": "ExpansionUh1h_Medical", "MaxPriceThreshold": 50000, "MinPriceThreshold": 50000, "SellPricePercent": -1, "MaxStockThreshold": 5, "MinStockThreshold": 1, "QuantityConfig": 0, "SpawnAttachments": [], "Variants": [] },
SCRIPT       : VEHICLE: { "ClassName": "ExpansionUh1h_Uber", "MaxPriceThreshold": 50000, "MinPriceThreshold": 50000, "SellPricePercent": -1, "MaxStockThreshold": 5, "MinStockThreshold": 1, "QuantityConfig": 0, "SpawnAttachments": [], "Variants": [] },
SCRIPT       : VEHICLE: { "ClassName": "ExpansionUh1h_Resistance", "MaxPriceThreshold": 50000, "MinPriceThreshold": 50000, "SellPricePercent": -1, "MaxStockThreshold": 5, "MinStockThreshold": 1, "QuantityConfig": 0, "SpawnAttachments": [], "Variants": [] 
SCRIPT       : PART: { "ClassName": "FC_Vehicle_Roof_Trunk_Green", "MaxPriceThreshold": 1000, "MinPriceThreshold": 1000, "SellPricePercent": 20, "MaxStockThreshold": 10, "MinStockThreshold": 1, "QuantityConfig": 0, "SpawnAttachments": [], "Variants": [] }
SCRIPT       : PART: { "ClassName": "FC_Vehicle_Roof_Trunk_Yellow", "MaxPriceThreshold": 1000, "MinPriceThreshold": 1000, "SellPricePercent": 20, "MaxStockThreshold": 10, "MinStockThreshold": 1, "QuantityConfig": 0, "SpawnAttachments": [], "Variants": [] 
SCRIPT       : PART: { "ClassName": "FC_Vehicle_Roof_Trunk_Red", "MaxPriceThreshold": 1000, "MinPriceThreshold": 1000, "SellPricePercent": 20, "MaxStockThreshold": 10, "MinStockThreshold": 1, "QuantityConfig": 0, "SpawnAttachments": [], "Variants": [] },
SCRIPT       : PART: { "ClassName": "FC_Vehicle_Roof_Trunk_Blue", "MaxPriceThreshold": 1000, "MinPriceThreshold": 1000, "SellPricePercent": 20, "MaxStockThreshold": 10, "MinStockThreshold": 1, "QuantityConfig": 0, "SpawnAttachments": [], "Variants": [] },
SCRIPT       : PART: { "ClassName": "FC_Vehicle_Roof_Trunk_Grey", "MaxPriceThreshold": 1000, "MinPriceThreshold": 1000, "SellPricePercent": 20, "MaxStockThreshold": 10, "MinStockThreshold": 1, "QuantityConfig": 0, "SpawnAttachments": [], "Variants": [] },
SCRIPT       : PART: { "ClassName": "FC_Vehicle_Roof_Trunk_Black", "MaxPriceThreshold": 1000, "MinPriceThreshold": 1000, "SellPricePercent": 20, "MaxStockThreshold": 10, "MinStockThreshold": 1, "QuantityConfig": 0, "SpawnAttachments": [], "Variants": [] }
SCRIPT       : PART: { "ClassName": "FC_Vehicle_Roof_Trunk_White", "MaxPriceThreshold": 1000, "MinPriceThreshold": 1000, "SellPricePercent": 20, "MaxStockThreshold": 10, "MinStockThreshold": 1, "QuantityConfig": 0, "SpawnAttachments": [], "Variants": [] }
SCRIPT       : PART: { "ClassName": "FC_Vehicle_Roof_Trunk_Sand", "MaxPriceThreshold": 1000, "MinPriceThreshold": 1000, "SellPricePercent": 20, "MaxStockThreshold": 10, "MinStockThreshold": 1, "QuantityConfig": 0, "SpawnAttachments": [], "Variants": [] },
SCRIPT       : PART: { "ClassName": "FC_Vehicle_Roof_Trunk_Pink", "MaxPriceThreshold": 1000, "MinPriceThreshold": 1000, "SellPricePercent": 20, "MaxStockThreshold": 10, "MinStockThreshold": 1, "QuantityConfig": 0, "SpawnAttachments": [], "Variants": [] },
SCRIPT       : PART: { "ClassName": "FC_Defender_Wheel_Yellow", "MaxPriceThreshold": 1000, "MinPriceThreshold": 1000, "SellPricePercent": 20, "MaxStockThreshold": 10, "MinStockThreshold": 1, "QuantityConfig": 0, "SpawnAttachments": [], "Variants": [] },
SCRIPT       : PART: { "ClassName": "FC_Defender_Wheel_Ruined_Yellow", "MaxPriceThreshold": 1000, "MinPriceThreshold": 1000, "SellPricePercent": 20, "MaxStockThreshold": 10, "MinStockThreshold": 1, "QuantityConfig": 0, "SpawnAttachments": [], "Variants": 
SCRIPT       : PART: { "ClassName": "FC_Defender_Door_Driver_Yellow", "MaxPriceThreshold": 1000, "MinPriceThreshold": 1000, "SellPricePercent": 20, "MaxStockThreshold": 10, "MinStockThreshold": 1, "QuantityConfig": 0, "SpawnAttachments": [], "Variants": [
SCRIPT       : PART: { "ClassName": "FC_Defender_Door_CoDriver_Yellow", "MaxPriceThreshold": 1000, "MinPriceThreshold": 1000, "SellPricePercent": 20, "MaxStockThreshold": 10, "MinStockThreshold": 1, "QuantityConfig": 0, "SpawnAttachments": [], "Variants":
SCRIPT       : PART: { "ClassName": "FC_Defender_Door_Hood_Yellow", "MaxPriceThreshold": 1000, "MinPriceThreshold": 1000, "SellPricePercent": 20, "MaxStockThreshold": 10, "MinStockThreshold": 1, "QuantityConfig": 0, "SpawnAttachments": [], "Variants": [] 
SCRIPT       : PART: { "ClassName": "FC_Defender_Door_Trunk_Yellow", "MaxPriceThreshold": 1000, "MinPriceThreshold": 1000, "SellPricePercent": 20, "MaxStockThreshold": 10, "MinStockThreshold": 1, "QuantityConfig": 0, "SpawnAttachments": [], "Variants": []
SCRIPT       : VEHICLE: { "ClassName": "FC_Defender_Yellow", "MaxPriceThreshold": 50000, "MinPriceThreshold": 50000, "SellPricePercent": -1, "MaxStockThreshold": 5, "MinStockThreshold": 1, "QuantityConfig": 0, "SpawnAttachments": [], "Variants": [] },
SCRIPT       : PART: { "ClassName": "FC_Defender_Wheel_Blue", "MaxPriceThreshold": 1000, "MinPriceThreshold": 1000, "SellPricePercent": 20, "MaxStockThreshold": 10, "MinStockThreshold": 1, "QuantityConfig": 0, "SpawnAttachments": [], "Variants": [] },
SCRIPT       : PART: { "ClassName": "FC_Defender_Wheel_Ruined_Blue", "MaxPriceThreshold": 1000, "MinPriceThreshold": 1000, "SellPricePercent": 20, "MaxStockThreshold": 10, "MinStockThreshold": 1, "QuantityConfig": 0, "SpawnAttachments": [], "Variants": []
SCRIPT       : PART: { "ClassName": "FC_Defender_Door_Driver_Blue", "MaxPriceThreshold": 1000, "MinPriceThreshold": 1000, "SellPricePercent": 20, "MaxStockThreshold": 10, "MinStockThreshold": 1, "QuantityConfig": 0, "SpawnAttachments": [], "Variants": [] 
SCRIPT       : PART: { "ClassName": "FC_Defender_Door_CoDriver_Blue", "MaxPriceThreshold": 1000, "MinPriceThreshold": 1000, "SellPricePercent": 20, "MaxStockThreshold": 10, "MinStockThreshold": 1, "QuantityConfig": 0, "SpawnAttachments": [], "Variants": [
SCRIPT       : PART: { "ClassName": "FC_Defender_Door_Hood_Blue", "MaxPriceThreshold": 1000, "MinPriceThreshold": 1000, "SellPricePercent": 20, "MaxStockThreshold": 10, "MinStockThreshold": 1, "QuantityConfig": 0, "SpawnAttachments": [], "Variants": [] },
SCRIPT       : PART: { "ClassName": "FC_Defender_Door_Trunk_Blue", "MaxPriceThreshold": 1000, "MinPriceThreshold": 1000, "SellPricePercent": 20, "MaxStockThreshold": 10, "MinStockThreshold": 1, "QuantityConfig": 0, "SpawnAttachments": [], "Variants": [] }
SCRIPT       : VEHICLE: { "ClassName": "FC_Defender_Blue", "MaxPriceThreshold": 50000, "MinPriceThreshold": 50000, "SellPricePercent": -1, "MaxStockThreshold": 5, "MinStockThreshold": 1, "QuantityConfig": 0, "SpawnAttachments": [], "Variants": [] },
SCRIPT       : PART: { "ClassName": "FC_Defender_Wheel_Green", "MaxPriceThreshold": 1000, "MinPriceThreshold": 1000, "SellPricePercent": 20, "MaxStockThreshold": 10, "MinStockThreshold": 1, "QuantityConfig": 0, "SpawnAttachments": [], "Variants": [] },
SCRIPT       : PART: { "ClassName": "FC_Defender_Wheel_Ruined_Green", "MaxPriceThreshold": 1000, "MinPriceThreshold": 1000, "SellPricePercent": 20, "MaxStockThreshold": 10, "MinStockThreshold": 1, "QuantityConfig": 0, "SpawnAttachments": [], "Variants": [
SCRIPT       : PART: { "ClassName": "FC_Defender_Door_Driver_Green", "MaxPriceThreshold": 1000, "MinPriceThreshold": 1000, "SellPricePercent": 20, "MaxStockThreshold": 10, "MinStockThreshold": 1, "QuantityConfig": 0, "SpawnAttachments": [], "Variants": []
SCRIPT       : PART: { "ClassName": "FC_Defender_Door_CoDriver_Green", "MaxPriceThreshold": 1000, "MinPriceThreshold": 1000, "SellPricePercent": 20, "MaxStockThreshold": 10, "MinStockThreshold": 1, "QuantityConfig": 0, "SpawnAttachments": [], "Variants": 
SCRIPT       : PART: { "ClassName": "FC_Defender_Door_Hood_Green", "MaxPriceThreshold": 1000, "MinPriceThreshold": 1000, "SellPricePercent": 20, "MaxStockThreshold": 10, "MinStockThreshold": 1, "QuantityConfig": 0, "SpawnAttachments": [], "Variants": [] }
SCRIPT       : PART: { "ClassName": "FC_Defender_Door_Trunk_Green", "MaxPriceThreshold": 1000, "MinPriceThreshold": 1000, "SellPricePercent": 20, "MaxStockThreshold": 10, "MinStockThreshold": 1, "QuantityConfig": 0, "SpawnAttachments": [], "Variants": [] 
SCRIPT       : VEHICLE: { "ClassName": "FC_Defender_Green", "MaxPriceThreshold": 50000, "MinPriceThreshold": 50000, "SellPricePercent": -1, "MaxStockThreshold": 5, "MinStockThreshold": 1, "QuantityConfig": 0, "SpawnAttachments": [], "Variants": [] },
SCRIPT       : PART: { "ClassName": "FC_Defender_Wheel_Red", "MaxPriceThreshold": 1000, "MinPriceThreshold": 1000, "SellPricePercent": 20, "MaxStockThreshold": 10, "MinStockThreshold": 1, "QuantityConfig": 0, "SpawnAttachments": [], "Variants": [] },
SCRIPT       : PART: { "ClassName": "FC_Defender_Wheel_Ruined_Red", "MaxPriceThreshold": 1000, "MinPriceThreshold": 1000, "SellPricePercent": 20, "MaxStockThreshold": 10, "MinStockThreshold": 1, "QuantityConfig": 0, "SpawnAttachments": [], "Variants": [] 
SCRIPT       : PART: { "ClassName": "FC_Defender_Door_Driver_Red", "MaxPriceThreshold": 1000, "MinPriceThreshold": 1000, "SellPricePercent": 20, "MaxStockThreshold": 10, "MinStockThreshold": 1, "QuantityConfig": 0, "SpawnAttachments": [], "Variants": [] }
SCRIPT       : PART: { "ClassName": "FC_Defender_Door_CoDriver_Red", "MaxPriceThreshold": 1000, "MinPriceThreshold": 1000, "SellPricePercent": 20, "MaxStockThreshold": 10, "MinStockThreshold": 1, "QuantityConfig": 0, "SpawnAttachments": [], "Variants": []
SCRIPT       : PART: { "ClassName": "FC_Defender_Door_Hood_Red", "MaxPriceThreshold": 1000, "MinPriceThreshold": 1000, "SellPricePercent": 20, "MaxStockThreshold": 10, "MinStockThreshold": 1, "QuantityConfig": 0, "SpawnAttachments": [], "Variants": [] },
SCRIPT       : PART: { "ClassName": "FC_Defender_Door_Trunk_Red", "MaxPriceThreshold": 1000, "MinPriceThreshold": 1000, "SellPricePercent": 20, "MaxStockThreshold": 10, "MinStockThreshold": 1, "QuantityConfig": 0, "SpawnAttachments": [], "Variants": [] },
SCRIPT       : VEHICLE: { "ClassName": "FC_Defender_Red", "MaxPriceThreshold": 50000, "MinPriceThreshold": 50000, "SellPricePercent": -1, "MaxStockThreshold": 5, "MinStockThreshold": 1, "QuantityConfig": 0, "SpawnAttachments": [], "Variants": [] },
SCRIPT       : PART: { "ClassName": "FC_Niva_Wheel", "MaxPriceThreshold": 1000, "MinPriceThreshold": 1000, "SellPricePercent": 20, "MaxStockThreshold": 10, "MinStockThreshold": 1, "QuantityConfig": 0, "SpawnAttachments": [], "Variants": [] },
SCRIPT       : PART: { "ClassName": "FC_Niva_Wheel_Ruined", "MaxPriceThreshold": 1000, "MinPriceThreshold": 1000, "SellPricePercent": 20, "MaxStockThreshold": 10, "MinStockThreshold": 1, "QuantityConfig": 0, "SpawnAttachments": [], "Variants": [] },
SCRIPT       : PART: { "ClassName": "FC_Niva_Door_Driver_Black", "MaxPriceThreshold": 1000, "MinPriceThreshold": 1000, "SellPricePercent": 20, "MaxStockThreshold": 10, "MinStockThreshold": 1, "QuantityConfig": 0, "SpawnAttachments": [], "Variants": [] },
SCRIPT       : PART: { "ClassName": "FC_Niva_Door_CoDriver_Black", "MaxPriceThreshold": 1000, "MinPriceThreshold": 1000, "SellPricePercent": 20, "MaxStockThreshold": 10, "MinStockThreshold": 1, "QuantityConfig": 0, "SpawnAttachments": [], "Variants": [] }
SCRIPT       : PART: { "ClassName": "FC_Niva_Door_Hood_Black", "MaxPriceThreshold": 1000, "MinPriceThreshold": 1000, "SellPricePercent": 20, "MaxStockThreshold": 10, "MinStockThreshold": 1, "QuantityConfig": 0, "SpawnAttachments": [], "Variants": [] },
SCRIPT       : PART: { "ClassName": "FC_Niva_Door_Trunk_Black", "MaxPriceThreshold": 1000, "MinPriceThreshold": 1000, "SellPricePercent": 20, "MaxStockThreshold": 10, "MinStockThreshold": 1, "QuantityConfig": 0, "SpawnAttachments": [], "Variants": [] },
SCRIPT       : VEHICLE: { "ClassName": "FC_Niva_Black", "MaxPriceThreshold": 50000, "MinPriceThreshold": 50000, "SellPricePercent": -1, "MaxStockThreshold": 5, "MinStockThreshold": 1, "QuantityConfig": 0, "SpawnAttachments": [], "Variants": [] },
SCRIPT       : PART: { "ClassName": "FC_Niva_Door_Driver_BlackR", "MaxPriceThreshold": 1000, "MinPriceThreshold": 1000, "SellPricePercent": 20, "MaxStockThreshold": 10, "MinStockThreshold": 1, "QuantityConfig": 0, "SpawnAttachments": [], "Variants": [] },
SCRIPT       : PART: { "ClassName": "FC_Niva_Door_CoDriver_BlackR", "MaxPriceThreshold": 1000, "MinPriceThreshold": 1000, "SellPricePercent": 20, "MaxStockThreshold": 10, "MinStockThreshold": 1, "QuantityConfig": 0, "SpawnAttachments": [], "Variants": [] 
SCRIPT       : PART: { "ClassName": "FC_Niva_Door_Hood_BlackR", "MaxPriceThreshold": 1000, "MinPriceThreshold": 1000, "SellPricePercent": 20, "MaxStockThreshold": 10, "MinStockThreshold": 1, "QuantityConfig": 0, "SpawnAttachments": [], "Variants": [] },
SCRIPT       : PART: { "ClassName": "FC_Niva_Door_Trunk_BlackR", "MaxPriceThreshold": 1000, "MinPriceThreshold": 1000, "SellPricePercent": 20, "MaxStockThreshold": 10, "MinStockThreshold": 1, "QuantityConfig": 0, "SpawnAttachments": [], "Variants": [] },
SCRIPT       : VEHICLE: { "ClassName": "FC_Niva_BlackR", "MaxPriceThreshold": 50000, "MinPriceThreshold": 50000, "SellPricePercent": -1, "MaxStockThreshold": 5, "MinStockThreshold": 1, "QuantityConfig": 0, "SpawnAttachments": [], "Variants": [] },
SCRIPT       : PART: { "ClassName": "FC_Niva_Door_Driver_Green", "MaxPriceThreshold": 1000, "MinPriceThreshold": 1000, "SellPricePercent": 20, "MaxStockThreshold": 10, "MinStockThreshold": 1, "QuantityConfig": 0, "SpawnAttachments": [], "Variants": [] },
SCRIPT       : PART: { "ClassName": "FC_Niva_Door_CoDriver_Green", "MaxPriceThreshold": 1000, "MinPriceThreshold": 1000, "SellPricePercent": 20, "MaxStockThreshold": 10, "MinStockThreshold": 1, "QuantityConfig": 0, "SpawnAttachments": [], "Variants": [] }
SCRIPT       : PART: { "ClassName": "FC_Niva_Door_Hood_Green", "MaxPriceThreshold": 1000, "MinPriceThreshold": 1000, "SellPricePercent": 20, "MaxStockThreshold": 10, "MinStockThreshold": 1, "QuantityConfig": 0, "SpawnAttachments": [], "Variants": [] },
SCRIPT       : PART: { "ClassName": "FC_Niva_Door_Trunk_Green", "MaxPriceThreshold": 1000, "MinPriceThreshold": 1000, "SellPricePercent": 20, "MaxStockThreshold": 10, "MinStockThreshold": 1, "QuantityConfig": 0, "SpawnAttachments": [], "Variants": [] },
SCRIPT       : VEHICLE: { "ClassName": "FC_Niva_Green", "MaxPriceThreshold": 50000, "MinPriceThreshold": 50000, "SellPricePercent": -1, "MaxStockThreshold": 5, "MinStockThreshold": 1, "QuantityConfig": 0, "SpawnAttachments": [], "Variants": [] },
SCRIPT       : PART: { "ClassName": "FC_Niva_Door_Driver_GreenR", "MaxPriceThreshold": 1000, "MinPriceThreshold": 1000, "SellPricePercent": 20, "MaxStockThreshold": 10, "MinStockThreshold": 1, "QuantityConfig": 0, "SpawnAttachments": [], "Variants": [] },
SCRIPT       : PART: { "ClassName": "FC_Niva_Door_CoDriver_GreenR", "MaxPriceThreshold": 1000, "MinPriceThreshold": 1000, "SellPricePercent": 20, "MaxStockThreshold": 10, "MinStockThreshold": 1, "QuantityConfig": 0, "SpawnAttachments": [], "Variants": [] 
SCRIPT       : PART: { "ClassName": "FC_Niva_Door_Hood_GreenR", "MaxPriceThreshold": 1000, "MinPriceThreshold": 1000, "SellPricePercent": 20, "MaxStockThreshold": 10, "MinStockThreshold": 1, "QuantityConfig": 0, "SpawnAttachments": [], "Variants": [] },
SCRIPT       : PART: { "ClassName": "FC_Niva_Door_Trunk_GreenR", "MaxPriceThreshold": 1000, "MinPriceThreshold": 1000, "SellPricePercent": 20, "MaxStockThreshold": 10, "MinStockThreshold": 1, "QuantityConfig": 0, "SpawnAttachments": [], "Variants": [] },
SCRIPT       : VEHICLE: { "ClassName": "FC_Niva_GreenR", "MaxPriceThreshold": 50000, "MinPriceThreshold": 50000, "SellPricePercent": -1, "MaxStockThreshold": 5, "MinStockThreshold": 1, "QuantityConfig": 0, "SpawnAttachments": [], "Variants": [] },
SCRIPT       : PART: { "ClassName": "FC_Niva_Door_Driver_Grey", "MaxPriceThreshold": 1000, "MinPriceThreshold": 1000, "SellPricePercent": 20, "MaxStockThreshold": 10, "MinStockThreshold": 1, "QuantityConfig": 0, "SpawnAttachments": [], "Variants": [] },
SCRIPT       : PART: { "ClassName": "FC_Niva_Door_CoDriver_Grey", "MaxPriceThreshold": 1000, "MinPriceThreshold": 1000, "SellPricePercent": 20, "MaxStockThreshold": 10, "MinStockThreshold": 1, "QuantityConfig": 0, "SpawnAttachments": [], "Variants": [] },
SCRIPT       : PART: { "ClassName": "FC_Niva_Door_Hood_Grey", "MaxPriceThreshold": 1000, "MinPriceThreshold": 1000, "SellPricePercent": 20, "MaxStockThreshold": 10, "MinStockThreshold": 1, "QuantityConfig": 0, "SpawnAttachments": [], "Variants": [] },
SCRIPT       : PART: { "ClassName": "FC_Niva_Door_Trunk_Grey", "MaxPriceThreshold": 1000, "MinPriceThreshold": 1000, "SellPricePercent": 20, "MaxStockThreshold": 10, "MinStockThreshold": 1, "QuantityConfig": 0, "SpawnAttachments": [], "Variants": [] },
SCRIPT       : VEHICLE: { "ClassName": "FC_Niva_Grey", "MaxPriceThreshold": 50000, "MinPriceThreshold": 50000, "SellPricePercent": -1, "MaxStockThreshold": 5, "MinStockThreshold": 1, "QuantityConfig": 0, "SpawnAttachments": [], "Variants": [] },
SCRIPT       : PART: { "ClassName": "FC_Niva_Door_Driver_GreyR", "MaxPriceThreshold": 1000, "MinPriceThreshold": 1000, "SellPricePercent": 20, "MaxStockThreshold": 10, "MinStockThreshold": 1, "QuantityConfig": 0, "SpawnAttachments": [], "Variants": [] },
SCRIPT       : PART: { "ClassName": "FC_Niva_Door_CoDriver_GreyR", "MaxPriceThreshold": 1000, "MinPriceThreshold": 1000, "SellPricePercent": 20, "MaxStockThreshold": 10, "MinStockThreshold": 1, "QuantityConfig": 0, "SpawnAttachments": [], "Variants": [] }
SCRIPT       : PART: { "ClassName": "FC_Niva_Door_Hood_GreyR", "MaxPriceThreshold": 1000, "MinPriceThreshold": 1000, "SellPricePercent": 20, "MaxStockThreshold": 10, "MinStockThreshold": 1, "QuantityConfig": 0, "SpawnAttachments": [], "Variants": [] },
SCRIPT       : PART: { "ClassName": "FC_Niva_Door_Trunk_GreyR", "MaxPriceThreshold": 1000, "MinPriceThreshold": 1000, "SellPricePercent": 20, "MaxStockThreshold": 10, "MinStockThreshold": 1, "QuantityConfig": 0, "SpawnAttachments": [], "Variants": [] },
SCRIPT       : VEHICLE: { "ClassName": "FC_Niva_GreyR", "MaxPriceThreshold": 50000, "MinPriceThreshold": 50000, "SellPricePercent": -1, "MaxStockThreshold": 5, "MinStockThreshold": 1, "QuantityConfig": 0, "SpawnAttachments": [], "Variants": [] },
SCRIPT       : PART: { "ClassName": "FC_Niva_Door_Driver_White", "MaxPriceThreshold": 1000, "MinPriceThreshold": 1000, "SellPricePercent": 20, "MaxStockThreshold": 10, "MinStockThreshold": 1, "QuantityConfig": 0, "SpawnAttachments": [], "Variants": [] },
SCRIPT       : PART: { "ClassName": "FC_Niva_Door_CoDriver_White", "MaxPriceThreshold": 1000, "MinPriceThreshold": 1000, "SellPricePercent": 20, "MaxStockThreshold": 10, "MinStockThreshold": 1, "QuantityConfig": 0, "SpawnAttachments": [], "Variants": [] }
SCRIPT       : PART: { "ClassName": "FC_Niva_Door_Hood_White", "MaxPriceThreshold": 1000, "MinPriceThreshold": 1000, "SellPricePercent": 20, "MaxStockThreshold": 10, "MinStockThreshold": 1, "QuantityConfig": 0, "SpawnAttachments": [], "Variants": [] },
SCRIPT       : PART: { "ClassName": "FC_Niva_Door_Trunk_White", "MaxPriceThreshold": 1000, "MinPriceThreshold": 1000, "SellPricePercent": 20, "MaxStockThreshold": 10, "MinStockThreshold": 1, "QuantityConfig": 0, "SpawnAttachments": [], "Variants": [] },
SCRIPT       : VEHICLE: { "ClassName": "FC_Niva_White", "MaxPriceThreshold": 50000, "MinPriceThreshold": 50000, "SellPricePercent": -1, "MaxStockThreshold": 5, "MinStockThreshold": 1, "QuantityConfig": 0, "SpawnAttachments": [], "Variants": [] },
SCRIPT       : PART: { "ClassName": "FC_Niva_Door_Driver_WhiteR", "MaxPriceThreshold": 1000, "MinPriceThreshold": 1000, "SellPricePercent": 20, "MaxStockThreshold": 10, "MinStockThreshold": 1, "QuantityConfig": 0, "SpawnAttachments": [], "Variants": [] },
SCRIPT       : PART: { "ClassName": "FC_Niva_Door_CoDriver_WhiteR", "MaxPriceThreshold": 1000, "MinPriceThreshold": 1000, "SellPricePercent": 20, "MaxStockThreshold": 10, "MinStockThreshold": 1, "QuantityConfig": 0, "SpawnAttachments": [], "Variants": [] 
SCRIPT       : PART: { "ClassName": "FC_Niva_Door_Hood_WhiteR", "MaxPriceThreshold": 1000, "MinPriceThreshold": 1000, "SellPricePercent": 20, "MaxStockThreshold": 10, "MinStockThreshold": 1, "QuantityConfig": 0, "SpawnAttachments": [], "Variants": [] },
SCRIPT       : PART: { "ClassName": "FC_Niva_Door_Trunk_WhiteR", "MaxPriceThreshold": 1000, "MinPriceThreshold": 1000, "SellPricePercent": 20, "MaxStockThreshold": 10, "MinStockThreshold": 1, "QuantityConfig": 0, "SpawnAttachments": [], "Variants": [] },
SCRIPT       : VEHICLE: { "ClassName": "FC_Niva_WhiteR", "MaxPriceThreshold": 50000, "MinPriceThreshold": 50000, "SellPricePercent": -1, "MaxStockThreshold": 5, "MinStockThreshold": 1, "QuantityConfig": 0, "SpawnAttachments": [], "Variants": [] },
SCRIPT       : PART: { "ClassName": "FC_Defender_Wheel_Destroy_Yellow", "MaxPriceThreshold": 1000, "MinPriceThreshold": 1000, "SellPricePercent": 20, "MaxStockThreshold": 10, "MinStockThreshold": 1, "QuantityConfig": 0, "SpawnAttachments": [], "Variants":
SCRIPT       : PART: { "ClassName": "FC_Defender_Wheel_Destroy_Blue", "MaxPriceThreshold": 1000, "MinPriceThreshold": 1000, "SellPricePercent": 20, "MaxStockThreshold": 10, "MinStockThreshold": 1, "QuantityConfig": 0, "SpawnAttachments": [], "Variants": [
SCRIPT       : PART: { "ClassName": "FC_Defender_Wheel_Destroy_Green", "MaxPriceThreshold": 1000, "MinPriceThreshold": 1000, "SellPricePercent": 20, "MaxStockThreshold": 10, "MinStockThreshold": 1, "QuantityConfig": 0, "SpawnAttachments": [], "Variants": 
SCRIPT       : PART: { "ClassName": "FC_Defender_Wheel_Destroy_Red", "MaxPriceThreshold": 1000, "MinPriceThreshold": 1000, "SellPricePercent": 20, "MaxStockThreshold": 10, "MinStockThreshold": 1, "QuantityConfig": 0, "SpawnAttachments": [], "Variants": []
SCRIPT       : PART: { "ClassName": "FC_Niva_Wheel_Destroy", "MaxPriceThreshold": 1000, "MinPriceThreshold": 1000, "SellPricePercent": 20, "MaxStockThreshold": 10, "MinStockThreshold": 1, "QuantityConfig": 0, "SpawnAttachments": [], "Variants": [] },
SCRIPT       : PART: { "ClassName": "FC_Uaz_2206_Wheel", "MaxPriceThreshold": 1000, "MinPriceThreshold": 1000, "SellPricePercent": 20, "MaxStockThreshold": 10, "MinStockThreshold": 1, "QuantityConfig": 0, "SpawnAttachments": [], "Variants": [] },
SCRIPT       : PART: { "ClassName": "FC_Uaz_2206_Wheel_Ruined", "MaxPriceThreshold": 1000, "MinPriceThreshold": 1000, "SellPricePercent": 20, "MaxStockThreshold": 10, "MinStockThreshold": 1, "QuantityConfig": 0, "SpawnAttachments": [], "Variants": [] },
SCRIPT       : PART: { "ClassName": "FC_Uaz_2206_Door_Hood", "MaxPriceThreshold": 1000, "MinPriceThreshold": 1000, "SellPricePercent": 20, "MaxStockThreshold": 10, "MinStockThreshold": 1, "QuantityConfig": 0, "SpawnAttachments": [], "Variants": [] },
SCRIPT       : PART: { "ClassName": "FC_Uaz_2206_Door_Driver_Black", "MaxPriceThreshold": 1000, "MinPriceThreshold": 1000, "SellPricePercent": 20, "MaxStockThreshold": 10, "MinStockThreshold": 1, "QuantityConfig": 0, "SpawnAttachments": [], "Variants": []
SCRIPT       : PART: { "ClassName": "FC_Uaz_2206_Door_CoDriver_Black", "MaxPriceThreshold": 1000, "MinPriceThreshold": 1000, "SellPricePercent": 20, "MaxStockThreshold": 10, "MinStockThreshold": 1, "QuantityConfig": 0, "SpawnAttachments": [], "Variants": 
SCRIPT       : PART: { "ClassName": "FC_Uaz_2206_Door_Cargo1_Black", "MaxPriceThreshold": 1000, "MinPriceThreshold": 1000, "SellPricePercent": 20, "MaxStockThreshold": 10, "MinStockThreshold": 1, "QuantityConfig": 0, "SpawnAttachments": [], "Variants": []
SCRIPT       : PART: { "ClassName": "FC_Uaz_2206_Door_Cargo2_Black", "MaxPriceThreshold": 1000, "MinPriceThreshold": 1000, "SellPricePercent": 20, "MaxStockThreshold": 10, "MinStockThreshold": 1, "QuantityConfig": 0, "SpawnAttachments": [], "Variants": []
SCRIPT       : PART: { "ClassName": "FC_Uaz_2206_Door_Cargo3_Black", "MaxPriceThreshold": 1000, "MinPriceThreshold": 1000, "SellPricePercent": 20, "MaxStockThreshold": 10, "MinStockThreshold": 1, "QuantityConfig": 0, "SpawnAttachments": [], "Variants": []
SCRIPT       : VEHICLE: { "ClassName": "FC_Uaz_2206_Black", "MaxPriceThreshold": 50000, "MinPriceThreshold": 50000, "SellPricePercent": -1, "MaxStockThreshold": 5, "MinStockThreshold": 1, "QuantityConfig": 0, "SpawnAttachments": [], "Variants": [] },
SCRIPT       : PART: { "ClassName": "FC_Uaz_2206_Door_Driver_BlackR", "MaxPriceThreshold": 1000, "MinPriceThreshold": 1000, "SellPricePercent": 20, "MaxStockThreshold": 10, "MinStockThreshold": 1, "QuantityConfig": 0, "SpawnAttachments": [], "Variants": [
SCRIPT       : PART: { "ClassName": "FC_Uaz_2206_Door_CoDriver_BlackR", "MaxPriceThreshold": 1000, "MinPriceThreshold": 1000, "SellPricePercent": 20, "MaxStockThreshold": 10, "MinStockThreshold": 1, "QuantityConfig": 0, "SpawnAttachments": [], "Variants":
SCRIPT       : PART: { "ClassName": "FC_Uaz_2206_Door_Cargo1_BlackR", "MaxPriceThreshold": 1000, "MinPriceThreshold": 1000, "SellPricePercent": 20, "MaxStockThreshold": 10, "MinStockThreshold": 1, "QuantityConfig": 0, "SpawnAttachments": [], "Variants": [
SCRIPT       : PART: { "ClassName": "FC_Uaz_2206_Door_Cargo2_BlackR", "MaxPriceThreshold": 1000, "MinPriceThreshold": 1000, "SellPricePercent": 20, "MaxStockThreshold": 10, "MinStockThreshold": 1, "QuantityConfig": 0, "SpawnAttachments": [], "Variants": [
SCRIPT       : PART: { "ClassName": "FC_Uaz_2206_Door_Cargo3_BlackR", "MaxPriceThreshold": 1000, "MinPriceThreshold": 1000, "SellPricePercent": 20, "MaxStockThreshold": 10, "MinStockThreshold": 1, "QuantityConfig": 0, "SpawnAttachments": [], "Variants": [
SCRIPT       : VEHICLE: { "ClassName": "FC_Uaz_2206_BlackR", "MaxPriceThreshold": 50000, "MinPriceThreshold": 50000, "SellPricePercent": -1, "MaxStockThreshold": 5, "MinStockThreshold": 1, "QuantityConfig": 0, "SpawnAttachments": [], "Variants": [] },
SCRIPT       : PART: { "ClassName": "FC_Uaz_2206_Door_Driver_Green", "MaxPriceThreshold": 1000, "MinPriceThreshold": 1000, "SellPricePercent": 20, "MaxStockThreshold": 10, "MinStockThreshold": 1, "QuantityConfig": 0, "SpawnAttachments": [], "Variants": []
SCRIPT       : PART: { "ClassName": "FC_Uaz_2206_Door_CoDriver_Green", "MaxPriceThreshold": 1000, "MinPriceThreshold": 1000, "SellPricePercent": 20, "MaxStockThreshold": 10, "MinStockThreshold": 1, "QuantityConfig": 0, "SpawnAttachments": [], "Variants": 
SCRIPT       : PART: { "ClassName": "FC_Uaz_2206_Door_Cargo1_Green", "MaxPriceThreshold": 1000, "MinPriceThreshold": 1000, "SellPricePercent": 20, "MaxStockThreshold": 10, "MinStockThreshold": 1, "QuantityConfig": 0, "SpawnAttachments": [], "Variants": []
SCRIPT       : PART: { "ClassName": "FC_Uaz_2206_Door_Cargo2_Green", "MaxPriceThreshold": 1000, "MinPriceThreshold": 1000, "SellPricePercent": 20, "MaxStockThreshold": 10, "MinStockThreshold": 1, "QuantityConfig": 0, "SpawnAttachments": [], "Variants": []
SCRIPT       : PART: { "ClassName": "FC_Uaz_2206_Door_Cargo3_Green", "MaxPriceThreshold": 1000, "MinPriceThreshold": 1000, "SellPricePercent": 20, "MaxStockThreshold": 10, "MinStockThreshold": 1, "QuantityConfig": 0, "SpawnAttachments": [], "Variants": []
SCRIPT       : VEHICLE: { "ClassName": "FC_Uaz_2206_Green", "MaxPriceThreshold": 50000, "MinPriceThreshold": 50000, "SellPricePercent": -1, "MaxStockThreshold": 5, "MinStockThreshold": 1, "QuantityConfig": 0, "SpawnAttachments": [], "Variants": [] },
SCRIPT       : PART: { "ClassName": "FC_Uaz_2206_Door_Driver_GreenR", "MaxPriceThreshold": 1000, "MinPriceThreshold": 1000, "SellPricePercent": 20, "MaxStockThreshold": 10, "MinStockThreshold": 1, "QuantityConfig": 0, "SpawnAttachments": [], "Variants": [
SCRIPT       : PART: { "ClassName": "FC_Uaz_2206_Door_CoDriver_GreenR", "MaxPriceThreshold": 1000, "MinPriceThreshold": 1000, "SellPricePercent": 20, "MaxStockThreshold": 10, "MinStockThreshold": 1, "QuantityConfig": 0, "SpawnAttachments": [], "Variants":
SCRIPT       : PART: { "ClassName": "FC_Uaz_2206_Door_Cargo1_GreenR", "MaxPriceThreshold": 1000, "MinPriceThreshold": 1000, "SellPricePercent": 20, "MaxStockThreshold": 10, "MinStockThreshold": 1, "QuantityConfig": 0, "SpawnAttachments": [], "Variants": [
SCRIPT       : PART: { "ClassName": "FC_Uaz_2206_Door_Cargo2_GreenR", "MaxPriceThreshold": 1000, "MinPriceThreshold": 1000, "SellPricePercent": 20, "MaxStockThreshold": 10, "MinStockThreshold": 1, "QuantityConfig": 0, "SpawnAttachments": [], "Variants": [
SCRIPT       : PART: { "ClassName": "FC_Uaz_2206_Door_Cargo3_GreenR", "MaxPriceThreshold": 1000, "MinPriceThreshold": 1000, "SellPricePercent": 20, "MaxStockThreshold": 10, "MinStockThreshold": 1, "QuantityConfig": 0, "SpawnAttachments": [], "Variants": [
SCRIPT       : VEHICLE: { "ClassName": "FC_Uaz_2206_GreenR", "MaxPriceThreshold": 50000, "MinPriceThreshold": 50000, "SellPricePercent": -1, "MaxStockThreshold": 5, "MinStockThreshold": 1, "QuantityConfig": 0, "SpawnAttachments": [], "Variants": [] },
SCRIPT       : PART: { "ClassName": "FC_Uaz_2206_Door_Driver_Grey", "MaxPriceThreshold": 1000, "MinPriceThreshold": 1000, "SellPricePercent": 20, "MaxStockThreshold": 10, "MinStockThreshold": 1, "QuantityConfig": 0, "SpawnAttachments": [], "Variants": [] 
SCRIPT       : PART: { "ClassName": "FC_Uaz_2206_Door_CoDriver_Grey", "MaxPriceThreshold": 1000, "MinPriceThreshold": 1000, "SellPricePercent": 20, "MaxStockThreshold": 10, "MinStockThreshold": 1, "QuantityConfig": 0, "SpawnAttachments": [], "Variants": [
SCRIPT       : PART: { "ClassName": "FC_Uaz_2206_Door_Cargo1_Grey", "MaxPriceThreshold": 1000, "MinPriceThreshold": 1000, "SellPricePercent": 20, "MaxStockThreshold": 10, "MinStockThreshold": 1, "QuantityConfig": 0, "SpawnAttachments": [], "Variants": [] 
SCRIPT       : PART: { "ClassName": "FC_Uaz_2206_Door_Cargo2_Grey", "MaxPriceThreshold": 1000, "MinPriceThreshold": 1000, "SellPricePercent": 20, "MaxStockThreshold": 10, "MinStockThreshold": 1, "QuantityConfig": 0, "SpawnAttachments": [], "Variants": [] 
SCRIPT       : PART: { "ClassName": "FC_Uaz_2206_Door_Cargo3_Grey", "MaxPriceThreshold": 1000, "MinPriceThreshold": 1000, "SellPricePercent": 20, "MaxStockThreshold": 10, "MinStockThreshold": 1, "QuantityConfig": 0, "SpawnAttachments": [], "Variants": [] 
SCRIPT       : VEHICLE: { "ClassName": "FC_Uaz_2206_Grey", "MaxPriceThreshold": 50000, "MinPriceThreshold": 50000, "SellPricePercent": -1, "MaxStockThreshold": 5, "MinStockThreshold": 1, "QuantityConfig": 0, "SpawnAttachments": [], "Variants": [] },
SCRIPT       : PART: { "ClassName": "FC_Uaz_2206_Door_Driver_GreyR", "MaxPriceThreshold": 1000, "MinPriceThreshold": 1000, "SellPricePercent": 20, "MaxStockThreshold": 10, "MinStockThreshold": 1, "QuantityConfig": 0, "SpawnAttachments": [], "Variants": []
SCRIPT       : PART: { "ClassName": "FC_Uaz_2206_Door_CoDriver_GreyR", "MaxPriceThreshold": 1000, "MinPriceThreshold": 1000, "SellPricePercent": 20, "MaxStockThreshold": 10, "MinStockThreshold": 1, "QuantityConfig": 0, "SpawnAttachments": [], "Variants": 
SCRIPT       : PART: { "ClassName": "FC_Uaz_2206_Door_Cargo1_GreyR", "MaxPriceThreshold": 1000, "MinPriceThreshold": 1000, "SellPricePercent": 20, "MaxStockThreshold": 10, "MinStockThreshold": 1, "QuantityConfig": 0, "SpawnAttachments": [], "Variants": []
SCRIPT       : PART: { "ClassName": "FC_Uaz_2206_Door_Cargo2_GreyR", "MaxPriceThreshold": 1000, "MinPriceThreshold": 1000, "SellPricePercent": 20, "MaxStockThreshold": 10, "MinStockThreshold": 1, "QuantityConfig": 0, "SpawnAttachments": [], "Variants": []
SCRIPT       : PART: { "ClassName": "FC_Uaz_2206_Door_Cargo3_GreyR", "MaxPriceThreshold": 1000, "MinPriceThreshold": 1000, "SellPricePercent": 20, "MaxStockThreshold": 10, "MinStockThreshold": 1, "QuantityConfig": 0, "SpawnAttachments": [], "Variants": []
SCRIPT       : VEHICLE: { "ClassName": "FC_Uaz_2206_GreyR", "MaxPriceThreshold": 50000, "MinPriceThreshold": 50000, "SellPricePercent": -1, "MaxStockThreshold": 5, "MinStockThreshold": 1, "QuantityConfig": 0, "SpawnAttachments": [], "Variants": [] },
SCRIPT       : PART: { "ClassName": "FC_Uaz_2206_Door_Driver_White", "MaxPriceThreshold": 1000, "MinPriceThreshold": 1000, "SellPricePercent": 20, "MaxStockThreshold": 10, "MinStockThreshold": 1, "QuantityConfig": 0, "SpawnAttachments": [], "Variants": []
SCRIPT       : PART: { "ClassName": "FC_Uaz_2206_Door_CoDriver_White", "MaxPriceThreshold": 1000, "MinPriceThreshold": 1000, "SellPricePercent": 20, "MaxStockThreshold": 10, "MinStockThreshold": 1, "QuantityConfig": 0, "SpawnAttachments": [], "Variants": 
SCRIPT       : PART: { "ClassName": "FC_Uaz_2206_Door_Cargo1_White", "MaxPriceThreshold": 1000, "MinPriceThreshold": 1000, "SellPricePercent": 20, "MaxStockThreshold": 10, "MinStockThreshold": 1, "QuantityConfig": 0, "SpawnAttachments": [], "Variants": []
SCRIPT       : PART: { "ClassName": "FC_Uaz_2206_Door_Cargo2_White", "MaxPriceThreshold": 1000, "MinPriceThreshold": 1000, "SellPricePercent": 20, "MaxStockThreshold": 10, "MinStockThreshold": 1, "QuantityConfig": 0, "SpawnAttachments": [], "Variants": []
SCRIPT       : PART: { "ClassName": "FC_Uaz_2206_Door_Cargo3_White", "MaxPriceThreshold": 1000, "MinPriceThreshold": 1000, "SellPricePercent": 20, "MaxStockThreshold": 10, "MinStockThreshold": 1, "QuantityConfig": 0, "SpawnAttachments": [], "Variants": []
SCRIPT       : VEHICLE: { "ClassName": "FC_Uaz_2206_White", "MaxPriceThreshold": 50000, "MinPriceThreshold": 50000, "SellPricePercent": -1, "MaxStockThreshold": 5, "MinStockThreshold": 1, "QuantityConfig": 0, "SpawnAttachments": [], "Variants": [] },
SCRIPT       : PART: { "ClassName": "FC_Uaz_2206_Door_Driver_WhiteR", "MaxPriceThreshold": 1000, "MinPriceThreshold": 1000, "SellPricePercent": 20, "MaxStockThreshold": 10, "MinStockThreshold": 1, "QuantityConfig": 0, "SpawnAttachments": [], "Variants": [
SCRIPT       : PART: { "ClassName": "FC_Uaz_2206_Door_CoDriver_WhiteR", "MaxPriceThreshold": 1000, "MinPriceThreshold": 1000, "SellPricePercent": 20, "MaxStockThreshold": 10, "MinStockThreshold": 1, "QuantityConfig": 0, "SpawnAttachments": [], "Variants":
SCRIPT       : PART: { "ClassName": "FC_Uaz_2206_Door_Cargo1_WhiteR", "MaxPriceThreshold": 1000, "MinPriceThreshold": 1000, "SellPricePercent": 20, "MaxStockThreshold": 10, "MinStockThreshold": 1, "QuantityConfig": 0, "SpawnAttachments": [], "Variants": [
SCRIPT       : PART: { "ClassName": "FC_Uaz_2206_Door_Cargo2_WhiteR", "MaxPriceThreshold": 1000, "MinPriceThreshold": 1000, "SellPricePercent": 20, "MaxStockThreshold": 10, "MinStockThreshold": 1, "QuantityConfig": 0, "SpawnAttachments": [], "Variants": [
SCRIPT       : PART: { "ClassName": "FC_Uaz_2206_Door_Cargo3_WhiteR", "MaxPriceThreshold": 1000, "MinPriceThreshold": 1000, "SellPricePercent": 20, "MaxStockThreshold": 10, "MinStockThreshold": 1, "QuantityConfig": 0, "SpawnAttachments": [], "Variants": [
SCRIPT       : VEHICLE: { "ClassName": "FC_Uaz_2206_WhiteR", "MaxPriceThreshold": 50000, "MinPriceThreshold": 50000, "SellPricePercent": -1, "MaxStockThreshold": 5, "MinStockThreshold": 1, "QuantityConfig": 0, "SpawnAttachments": [], "Variants": [] },
SCRIPT       : PART: { "ClassName": "OH_Invis_Hoodie", "MaxPriceThreshold": 1000, "MinPriceThreshold": 1000, "SellPricePercent": 20, "MaxStockThreshold": 10, "MinStockThreshold": 1, "QuantityConfig": 0, "SpawnAttachments": [], "Variants": [] },
SCRIPT       : VEHICLE: { "ClassName": "savage_gaz2330", "MaxPriceThreshold": 50000, "MinPriceThreshold": 50000, "SellPricePercent": -1, "MaxStockThreshold": 5, "MinStockThreshold": 1, "QuantityConfig": 0, "SpawnAttachments": [], "Variants": [] },
SCRIPT       : VEHICLE: { "ClassName": "savage_gaz2330_black", "MaxPriceThreshold": 50000, "MinPriceThreshold": 50000, "SellPricePercent": -1, "MaxStockThreshold": 5, "MinStockThreshold": 1, "QuantityConfig": 0, "SpawnAttachments": [], "Variants": [] },
SCRIPT       : VEHICLE: { "ClassName": "savage_gaz2330_camo", "MaxPriceThreshold": 50000, "MinPriceThreshold": 50000, "SellPricePercent": -1, "MaxStockThreshold": 5, "MinStockThreshold": 1, "QuantityConfig": 0, "SpawnAttachments": [], "Variants": [] },
SCRIPT       : VEHICLE: { "ClassName": "savage_gaz66", "MaxPriceThreshold": 50000, "MinPriceThreshold": 50000, "SellPricePercent": -1, "MaxStockThreshold": 5, "MinStockThreshold": 1, "QuantityConfig": 0, "SpawnAttachments": [], "Variants": [] },
SCRIPT       : VEHICLE: { "ClassName": "savage_gaz66_gruzovoi", "MaxPriceThreshold": 50000, "MinPriceThreshold": 50000, "SellPricePercent": -1, "MaxStockThreshold": 5, "MinStockThreshold": 1, "QuantityConfig": 0, "SpawnAttachments": [], "Variants": [] },
SCRIPT       : VEHICLE: { "ClassName": "savage_gaz66_white", "MaxPriceThreshold": 50000, "MinPriceThreshold": 50000, "SellPricePercent": -1, "MaxStockThreshold": 5, "MinStockThreshold": 1, "QuantityConfig": 0, "SpawnAttachments": [], "Variants": [] },
SCRIPT       : PART: { "ClassName": "FC_ATV_1_Wheel", "MaxPriceThreshold": 1000, "MinPriceThreshold": 1000, "SellPricePercent": 20, "MaxStockThreshold": 10, "MinStockThreshold": 1, "QuantityConfig": 0, "SpawnAttachments": [], "Variants": [] },
SCRIPT       : PART: { "ClassName": "FC_ATV_1_Wheel_Destroy", "MaxPriceThreshold": 1000, "MinPriceThreshold": 1000, "SellPricePercent": 20, "MaxStockThreshold": 10, "MinStockThreshold": 1, "QuantityConfig": 0, "SpawnAttachments": [], "Variants": [] },
SCRIPT       : PART: { "ClassName": "FC_ATV_1_Door_Driver", "MaxPriceThreshold": 1000, "MinPriceThreshold": 1000, "SellPricePercent": 20, "MaxStockThreshold": 10, "MinStockThreshold": 1, "QuantityConfig": 0, "SpawnAttachments": [], "Variants": [] },
SCRIPT       : VEHICLE: { "ClassName": "FC_ATV_1_Green", "MaxPriceThreshold": 50000, "MinPriceThreshold": 50000, "SellPricePercent": -1, "MaxStockThreshold": 5, "MinStockThreshold": 1, "QuantityConfig": 0, "SpawnAttachments": [], "Variants": [] },
SCRIPT       : VEHICLE: { "ClassName": "FC_ATV_1_Yellow", "MaxPriceThreshold": 50000, "MinPriceThreshold": 50000, "SellPricePercent": -1, "MaxStockThreshold": 5, "MinStockThreshold": 1, "QuantityConfig": 0, "SpawnAttachments": [], "Variants": [] },
SCRIPT       : VEHICLE: { "ClassName": "FC_ATV_1_Red", "MaxPriceThreshold": 50000, "MinPriceThreshold": 50000, "SellPricePercent": -1, "MaxStockThreshold": 5, "MinStockThreshold": 1, "QuantityConfig": 0, "SpawnAttachments": [], "Variants": [] },
SCRIPT       : VEHICLE: { "ClassName": "FC_ATV_1_Blue", "MaxPriceThreshold": 50000, "MinPriceThreshold": 50000, "SellPricePercent": -1, "MaxStockThreshold": 5, "MinStockThreshold": 1, "QuantityConfig": 0, "SpawnAttachments": [], "Variants": [] },
SCRIPT       : VEHICLE: { "ClassName": "FC_ATV_1_Grey", "MaxPriceThreshold": 50000, "MinPriceThreshold": 50000, "SellPricePercent": -1, "MaxStockThreshold": 5, "MinStockThreshold": 1, "QuantityConfig": 0, "SpawnAttachments": [], "Variants": [] },
SCRIPT       : VEHICLE: { "ClassName": "FC_ATV_1_Black", "MaxPriceThreshold": 50000, "MinPriceThreshold": 50000, "SellPricePercent": -1, "MaxStockThreshold": 5, "MinStockThreshold": 1, "QuantityConfig": 0, "SpawnAttachments": [], "Variants": [] },
SCRIPT       : VEHICLE: { "ClassName": "FC_ATV_1_Camo1", "MaxPriceThreshold": 50000, "MinPriceThreshold": 50000, "SellPricePercent": -1, "MaxStockThreshold": 5, "MinStockThreshold": 1, "QuantityConfig": 0, "SpawnAttachments": [], "Variants": [] },
SCRIPT       : VEHICLE: { "ClassName": "FC_ATV_1_Camo2", "MaxPriceThreshold": 50000, "MinPriceThreshold": 50000, "SellPricePercent": -1, "MaxStockThreshold": 5, "MinStockThreshold": 1, "QuantityConfig": 0, "SpawnAttachments": [], "Variants": [] },
SCRIPT       : VEHICLE: { "ClassName": "FC_ATV_1_Camo3", "MaxPriceThreshold": 50000, "MinPriceThreshold": 50000, "SellPricePercent": -1, "MaxStockThreshold": 5, "MinStockThreshold": 1, "QuantityConfig": 0, "SpawnAttachments": [], "Variants": [] },
SCRIPT       : VEHICLE: { "ClassName": "FC_ATV_1_Camo4", "MaxPriceThreshold": 50000, "MinPriceThreshold": 50000, "SellPricePercent": -1, "MaxStockThreshold": 5, "MinStockThreshold": 1, "QuantityConfig": 0, "SpawnAttachments": [], "Variants": [] },
SCRIPT       : VEHICLE: { "ClassName": "FC_ATV_1NoAttach_Green", "MaxPriceThreshold": 50000, "MinPriceThreshold": 50000, "SellPricePercent": -1, "MaxStockThreshold": 5, "MinStockThreshold": 1, "QuantityConfig": 0, "SpawnAttachments": [], "Variants": [] },
SCRIPT       : VEHICLE: { "ClassName": "FC_ATV_1NoAttach_Yellow", "MaxPriceThreshold": 50000, "MinPriceThreshold": 50000, "SellPricePercent": -1, "MaxStockThreshold": 5, "MinStockThreshold": 1, "QuantityConfig": 0, "SpawnAttachments": [], "Variants": [] }
SCRIPT       : VEHICLE: { "ClassName": "FC_ATV_1NoAttach_Red", "MaxPriceThreshold": 50000, "MinPriceThreshold": 50000, "SellPricePercent": -1, "MaxStockThreshold": 5, "MinStockThreshold": 1, "QuantityConfig": 0, "SpawnAttachments": [], "Variants": [] },
SCRIPT       : VEHICLE: { "ClassName": "FC_ATV_1NoAttach_Blue", "MaxPriceThreshold": 50000, "MinPriceThreshold": 50000, "SellPricePercent": -1, "MaxStockThreshold": 5, "MinStockThreshold": 1, "QuantityConfig": 0, "SpawnAttachments": [], "Variants": [] },
SCRIPT       : VEHICLE: { "ClassName": "FC_ATV_1NoAttach_Grey", "MaxPriceThreshold": 50000, "MinPriceThreshold": 50000, "SellPricePercent": -1, "MaxStockThreshold": 5, "MinStockThreshold": 1, "QuantityConfig": 0, "SpawnAttachments": [], "Variants": [] },
SCRIPT       : VEHICLE: { "ClassName": "FC_ATV_1NoAttach_Black", "MaxPriceThreshold": 50000, "MinPriceThreshold": 50000, "SellPricePercent": -1, "MaxStockThreshold": 5, "MinStockThreshold": 1, "QuantityConfig": 0, "SpawnAttachments": [], "Variants": [] },
SCRIPT       : VEHICLE: { "ClassName": "FC_ATV_1NoAttach_Camo1", "MaxPriceThreshold": 50000, "MinPriceThreshold": 50000, "SellPricePercent": -1, "MaxStockThreshold": 5, "MinStockThreshold": 1, "QuantityConfig": 0, "SpawnAttachments": [], "Variants": [] },
SCRIPT       : VEHICLE: { "ClassName": "FC_ATV_1NoAttach_Camo2", "MaxPriceThreshold": 50000, "MinPriceThreshold": 50000, "SellPricePercent": -1, "MaxStockThreshold": 5, "MinStockThreshold": 1, "QuantityConfig": 0, "SpawnAttachments": [], "Variants": [] },
SCRIPT       : VEHICLE: { "ClassName": "FC_ATV_1NoAttach_Camo3", "MaxPriceThreshold": 50000, "MinPriceThreshold": 50000, "SellPricePercent": -1, "MaxStockThreshold": 5, "MinStockThreshold": 1, "QuantityConfig": 0, "SpawnAttachments": [], "Variants": [] },
SCRIPT       : VEHICLE: { "ClassName": "FC_ATV_1NoAttach_Camo4", "MaxPriceThreshold": 50000, "MinPriceThreshold": 50000, "SellPricePercent": -1, "MaxStockThreshold": 5, "MinStockThreshold": 1, "QuantityConfig": 0, "SpawnAttachments": [], "Variants": [] },
SCRIPT       : --- EXPANSION EXPORT END ---