1188664881671581737
823964439559667712
648160617404039189
1005841185648164874
257111922678169600
1069916885723906098
979986964906385419
409775543496736778
992043867396378695
1434901245063335998
386139238246121483
735554050644508743
1026483251889578134
770307387802255371
597401975486676992
283651986753060864
929474086168571936
893738621838966814
444924097215070220
992706895351660594
1006487073252966400
680826891342839870
419489369502515200
1171121998714392586
915285647110045737
439122716562423818
1380821273403326495
151388188668198913
1012994989720096848
1118132538070794240
755095396308615208
538711228147564556
357133916701720587
1342162056069124140
950928018422005840
295467344598138880
794576742281904128
400924132986060820
764609825552203776
749114254543552633
690426269518528534
1240880912112287817
1300159404984897608
731927385024495648
372099986894225408
1029740449059049552
824447333302403154
396554863879913472
1329072482392477762
1102191160216272946
840580863741526057
406872531329351690
786977500361654340
408617068099796997
1331283905889828907
558157018087555097
1003705424970780795
493101372728934442
928401556112556123
593109094663979028
1294302685826383985
927959428089643049
861651488220905522
1261052442439843901
758613146147225610
1267348134510592062
1160543449871810670
718350265446563891
679451978379558934
1196800937822523497
799871510625779722
1166698318370443288
529627157333278751
1399051757887160400
1051153407026659359
1363526159333331185
523134539346739240
1484888828681650217
754033092183982160
1330277449895907338
1066764739646079167
444157715799867405
733704535901601813
1337319977593606196
278940868290019329
1129505134406271036
996685526843265084
852505119693602817
606130564025548801
212594888171061249
1183124210051203163
1106890109267222629
983273520433889280
508709987342876674
295517129682321408
561599217098031104
1306010268320665713
842438041775112243
639715856359751690
1187154403271135312
508371390718803970
1255174382452740096
1268497212481081453
990973452469039134
1415770665407221834
267295540469825536
792963984131227679
464781148925591564
929342305993900103
539810775359815690
965924827984711760
1474141056684654652
465535140647534594
450326756700979211
1030931340880777256
1371821529326817320
407146735627141120
1406610861727944845
723249593269092464
324976704860979201
1175081291184615487
802111802527711262
560812086712729661
389380063323226112
504652898286960640
1121912948655411282
1105035999685390406
528284865570013212
700026351964651652
742117222071402548
1035223886083653683
1358859830286356651
1238121504789626921
1097512818925908029
1275742522467029036
427866247355432975
642426594752987167
470962530676637716
1432390636811583639
447790362606436363
1500592982678573250
775422780651864104
707647951497068594
1495415276072730806
1257024632419254372
214806899915227137
1192751197812174889
1147109449962635334
424210111926501376
277783254239805440
1044276415090143273
954575147195584512
573180742964740106
938585916438626335
1403516488408633485
875684159794839564
240166668574261249
996497325356761110
880067911400710146
1436905755742699531
767706935088250940
797826032517775380
428553576101576705
1191679695809417288
531370084518854677
1204194905153339404
262955347839287296
806146246855229450
1024292593573564488
804329356503154718
1034068067573039104
890963503391850517
669771918790098965
527710816535969803
281819960622317568
1091603589362884610
750175538047614998
844474981248794674
925029217891143710
1185434937579540545
1433135222735765595
1461468426731261994
290488146435506176
558921347921739777
1126534568565014558
1430494749634334736
881757501543051334
688691054056177710
698587063964008468
1413286193767911535
731859385919340657
978773851582390313
873182373586542592
1312102265494179900
623398157912637440
507335289367166986
1278098221255757935
350721852093628417
515968137628483584
895910744376352770
933789483348918282
1026878184806948904
311176583786528768
946419195191656538
543093579388682246
296701236189855754
237497749895905280
445149747700039681
536129072456269834
910579116602966046
705052539581890561
720626217166045236
533922458529431552
1334974103505076316
381512939569545238
263241110078357504
803898811679768619
1034858236353986650
1223130128117268590
1131622152823652413
708239215099379792
1152666660868718742
277041123363389461
510730643710279683
1028076097725808770
641554862437302272
1400817051655868457
651484654104477736
1156208764702171188
1375907444332429312
544062328266817537
893042232184164362
602897536537329668
461890900428193794
284609904889692161
306403701352955904
698060214687105045
1075622486928003082
195482548317454337
1341029159006109767
575317166908375050
823218177562771519
993555266828259408
526022158191951883
483658520693047296
679663616278134787
463709900657131522
369554630620741632
295873328097525761
1333141888714276998
722822574719107075
975399730924388373
702156467838386317
1150058085394694294
735188811654627420
952543026264293386
401411455066570752
1204800082109669449
994293591474180136
1025412636847906856
859818343389593631
354076670887591946
606820243083493403
1013178152731824289
1191007227557974108
1068572684373459004
940692973975371826
1294402476065292298
823493290514710528
364499719046823946
988766979139702834
570333527069949965
531517385346252801
1195746268094406778
1125888648353689670
598194056673361950
1125727877002952724
932169363648282644
432545707476385792
743441212698001409
776902888927526954
214692913550983168
788102897594138705
1123940300172300463
282745167457550336
945667401553436734
939601889463513098
395249534399283200
1203762588933038172
794987201032749097
743526407728136324
222733689656705024
665796614048448515
930591148404273163
774292904247951412
1483799878869192885
861208053679128627
404062512804397068
1398719669292240929
363710520974508032
1345153359837007994
506706764134088715
847076791185047582
446394402315698186
326475252253327360
452172719249817640
906492288878911499
911887928672808971
726130552968839210
426664206033616899
560521217413611540
347277663649398787
1383160822137749647
660732393551822849
414074699388289025
967383578801471501
236751619520200714
752779396091215983
483766631881900074
955371244914610216
717769065674047630
822766380499075092
353129447995736074
1468207396726767720
1099729932587892808
984880122622525460
939474255744237649
860229671601307678
629019088693493801
886509208755908628
1085524611569037353
195934137759170560
990973353034661898
1424819968935198841
1073198128238444554
364693667639721986
678201170363416577
973536381370507304
975079218553692190
487617453950631936
912539038626496562
773968024553259029
1187680615047372851
1059445609347690557
883665194474160200
881244080766611476
610415867183759361
353917323981225994
1138798770339979275
994117611367440396
701531532376014929
345629408368918538
714949454624587848
640087252919255052
508406632200273953
523108537946341378
412217162678140940
801792021269577739
1052520917915414600
1370577715966509126
751511342166310942
683166458490126336
465168770948923392
1280884827142492228
414100446223794186
848175462752845835
1251771626618359889
427181963384717323
1036256474478936196
1082342764773126235
809846284684492810
1174873454894403727
928393141571186708
701803795385942106
977607922467094529
962289276786200626
540234842768539668
1084962995764990034
465066760555593729
397220111611592715
869063728505696306
921701131627925504
917434516417679451
304684203835129857
425248701439541249
1312031191431647263
949703266793558116
1368119646909366333
801431541921742879
1272122020812947518
304660316762144769
914107721182240778
910240842353090580
1447681099504419046
480062324191789078
1273982287561752657
522719439162966017
983249523323338782
700780963021455423
607982023247659040
862560922840989696
384751252636041216
670510908610445333
512842168688312320
462936283497627648
902703682888552468
1271075799679635581
1210287194959388734
646352137109897223
540596651077664806
524236452037656598
1377388141291503727
849016918307766313
1328666498897547277
882008077015060570
1133045259492929626
1098923276916494336
518497655001972736
869069220300857344
1143837119769497641
522554668308758537
1151617644781391903
323034028900876288
722737546894770211
809105770783572060
958684832404226049
1281663739174584445
851557500272640000
797498902839427073
1509381340397568160
727258536140341322
610862989737852929
1120415551710298203
392027973982748693
954690045812547595
238677294254784512
1289759235655209067
900689508452937768
262958935353327618
1001370297628364800
1093950402736693389
1195024261920866316
607117499590508544
505089023254069258
990973474644295731
1344311262464704555
1475911836262993940
550062654861869068
871751968606027856
778226203835891714
691354021398839306
345134292969717763
825716805481005085
714915941221400596
442701907643858966
1194793405574807573
1390409956863512596
1254653700006477876
357922071960879107
196242754873851905
559668628774191104
1010881703474102343
1317167596478529748
1210897948200800329
771299147910610954
855792741546852383
914565487646629940
541140192539705345
284700371031687179
543148359192674315
711242213656494132
1366534503077511269
989609336873578566
1099326785314902058
806455719447625758
476282789323472906
1140552046219628565
1064535204938653787
977667282140528650
1136805365086953575
1442140481713602562
906739771513122846
493486992277897216
502183296223150130
1187374247732068405
865336891016740895
576327865956565002
358124940203130890
573601238445326338
238371346810142723
647777319460667415
835177574661095494
1017473002281107466
427768139875352576
505964828884729869
1456814629102686234
442319806717362197
313702348423823361
1047352048393388092
319198116370841602
670238141365354506
927862566431113226
989597967063330876
668436504049352736
885971293759995925
689811302700285979
398942045261004800
722204104646197409
1474804309492371558
1331499697503993917
347421797471223810
1253340877460475958
1218637346203893880
1022931848650821683
1104793286427820203
569984109536084025
199538503690747904
404278312395997185
456715682747514880
568119549795237901
457235872639746060
692639098976075827
1169942511075213326
527045402688487424
329671807181258773
836558961037541396
1169588861266055208
632248558715797513
1014948020875432076
1365157381562171442
1008767402135261305
1125381735006351390
1093149381156405318
501026819097493505
834030034476859422
1020732620365107231
341298519799234561
889825048364449834
771708507207893013
517393636837687308
534299546033979392
412629110045671434
434256028675080193
1004779405517791317
479720308413300777
1253405189298454631
1162089186136957038
1367222474634428496
763483137493565451
307585916061614101
277376727510941696
381810928578199563
376385400937250816
877509543066746952
773099729889656832
1055740682691690527
838350207187943474
1280462670163873795
1059935676235260035
539664046593540098
723575318446604298
829664165664784395
827599229743792168
452185080954355715
491880789676654592
821020142636761089
1379142334494543923
649221551811723284
635775738003456011
1192104720026849330
630123411758252060
934160018062848041
1191397579209048186
257108126677991426
531169972366344222
887741363632877578
447044807940898827
1071523346233180210
961980574929657887
1173240858414436437
1413499974401921045
469419395488284672
921720755144769536
671819602237456413
1253238908691550279
804758250939351042
494093665761886208
702040668129984562
511525101532086284
1416118371514056815
1169588834019844106
1068854803595272212
799545617306615840
515501747054051329
926869820903931904
375370295013277707
670534988814483457
327775344738304000
448898752300974081
1374175977734799414
424517913484197890
682639299597828121
823840203868733470
1136407496865615872
303799565033930753
565869009241767947
430697833935405057
719820286224236644
518883923183271956
909333409376133121
374500878264041472
375677605682085888
600732229060263964
794945197116096552
1153663844326064148
799586350935965716
349549125047549965
545612592715137025
430312063953534987
284742065059790852
308985525925183488
638070059386011658
1242944504353525773
402502570582736907
749621301295185942
530535396980031499
1104727206770524160
673922343680081941
761905882790887454
1131289314844749946
1024778386326962296
1009472476058746931
819097956241637457
249559373993607169
1333703526823759907
481870187159748639
365903706744684544
1174715114277052531
400025438438817802
526470196429586462
936924788084080691
932288897667432498
379991774862770176
982375387482980432
1242751689086468127
545259174918094849
1353296161221640232
1125044892431831122
1191537491539398758
814872765957931048
1348579161479839744
687440889425035429
1327952944867311616
526794902495821840
1451293894254919790
1313919473002086422
580004546756214811
512476099561652229
1078615789466308668
861684877778878474
1169516080650276957
1275485742713536552
790284885599846430
466118808290066433
994527541186531388
283267907532619789
1266404906403627121
329063254070394881
612335504402415616
529007123770638365
1160196316580827186
1213818770909433968
591270774690545664
1298274288939434006
527900297851437056
260371001257230336
1066121256556040192
541265166336131073
1484594557462249632
663863669200912425
391841760059457537
495860645481414667
937927847442518026
548926242905391127
994885612668727377
705103815984152616
539369039269593088
1470885587472089307
1309900719800844308
410902462506205184
362225167801253890
905291057661612102
1132945433262575667
1090580771305160715
1221153530656718951
865982116033855490
748936975209463888
512610752306085890
654011947749998613
1045302128819834920
679721382237700136
1417437098121887766
652209284444323861
1044518642731200514
987958709659516988
294109135601926154
465131274772807680
558166624977420308
1454057224606453894
844571997828415550
926752739600498698
1071449256633843772
885201797017374731
1076853706840080434
1043031974769594438
1390489685909831781
1468211887652077721
693381110951837696
952611954525077604
1136598445981970432
376760893629005836
692984615748763648
660581400952438820
665901423187460127
679454922189701146
1354789264843608284
379987292351234058
927287805426675753
666332719575203840
661875520694255626
1164955920833454084
1393866252434411550
727789634557313035
1018166670126231572
1397868262167150682
277837058830106624
608134943075205141
1123317806998503526
1023973453235236914
490143433021718548
667870397156556830
1005227254802038984
588988987222392853
999785901905424395
990989352551215114
381020206920630272
624222708011499520
1367005320311734303
1210289215238049793
1236267968552505466
327537418959847424
1384877187567456328
955544163066187786
1058333627856998401
1352716024427839618
937303979686236171
534324567733436416
185802284632899586
1332953627819642910
319841574534119425
693564070166790204
401069515653251073
484047742759600128
1199391361590382713
1005828847385710675
514147198800494593
926742748835495956
689643542070689984
1435395460079812719
1370894943286984885
996704550536892436
382615232754876416
416142573044760577
1064797298858676316
429888800504676353
1124734805863563457
1210715981400248372
1021791308731392010
610863793144201259
829416565329363055
1305454690875478117
807284418917302333
864552533397733417
995994787775774741
700989563463532595
448480094881710091
825080202043326505
1109852268372709506
1404195840339218534
198491448105107466
630474728351727626
950659204077740082
1074369708687642684
815456348027486280
404161769662185475
1379718416868577310
1185668572685533194
1196631773438820435
1163114202181939200
898982016412942437
1257344054857830423
484818452104740864
1033767945366679642
1161382722523107438
926609528567500820
513155852413304867
511076073489039361
942470637677588492
1320724289628143677
893955748877451334
385113288553398272
1287401011207471137
684123068859547745
1389853812377784370
401004549055447041
1279084867816259676
1296908193632616509
788632269752893440
287655665592303619
994885836841697320
889766364544401408
1187958324868694077
834123226417463328
658066358361128990
836260923743928400
848921817149079583
914632204213162034
1226927381164462170
1015008580648304692
706033598448533534
994885558969053184
869110546773987379
843502379273683025
1296780500576505900
492999153006149634
1170015022286655520
602169513114599424
1426141035435659339
1057958887980015646
990000863034605588
519643564993675284
1089462458894274680
233222607317499904
1249763969569390613
286841118706892800
749319815495155814
373794665931079680
1063019373301870612
868994450431545344
378241424812146689
799975769601867777
1244016915173609516
1381682508902695055
895971567849324566
1054086681608863785
589154946147024911
303960786265702422
988572193258610778
959182095643721748
535102148455694337
356746042571620352
791655177848356904
733274266333872168
294963750266732545
486978167240654858
1166280659875155971
494989168561094666
628891916032802845
1107332914133336094
1352625913661095988
1214023889424879686
1320322479142469690
1009388792660099122
298058288535437312
350751239367032833
1376542138677854228
445210895400960000
580759938842755075
776755492676567061
928016072928526366
398556475439710218
456417559621795841
1054778213068443769
325324253459120138
930842945836449823
343360607413862401
923996746261098527
1327394740844630178
278588297167634433
907479771540230164
1009471222800715837
1237088394400501872
373870101159477252
1269934364272099391
1059207041253638276
1503069480517898350
445954265568247828
1006881907415449680
873968935169589259
828894973784752128
1195093195604906008
966201934128238642
1266454347537973251
456351394929180672
515494748367093774
948978364155306085
1086638523861434418
1053375984163897344
342393513373335553
1240263813148971008
1178003727530078210
1194238236185333811
1234857610730274917
379995736747671552
1074777050356924536
1239979852501749793
320317084783345664
952959604055220234
1187804604373667901
675302578342592526
1069177669855490098
701848022555951105
483389154621652993
286066752188841985
457125515434917891
1145744870871416872
1089836866766917713
783992495452192768
578309576143798273
945006667114905641
401153422138540053
1288856371709612155
501480897883799562
432921694240374798
571997867577704479
904263978610491425
1064131047136186418
342622226178375690
1088464842265993366
454732818451267599
331354308769742849
387162710376448002
858232857460604939
1058438801950773340
286791083466162176
472857603920363521
1097552241298264184
559832309361016872
856811265464991785
1281929136792928327
956645506875019345
1174083589474885665
666372070229278724
1054418035739467786
319538351462023168
937807827123175426
960457678117797898
551800681691086849
1054135831528472738
1064233087959060490
1009055762540138587
618875579017592843
1072052312798937120
661183404389171209
285032445315645440
1181704249806180412
809784882721062942
1176210818203930624
867457085667409941
731903584941113386
406063272144666624
745205302802120717
442380687417278476
1217190075155353630
674659008577011744
345647003252031489
551440513010761760
787743864739332136
686893391165784112
1241399173841162300
692389447014154281
1188425555083792425
606380623656910870
1125509288501186590
805877973944762388
420967129563791360
1190422691082158210
1204059633027911745
515924849277796368
885231702753026091
735436232854863922
305870967438180362
1072234432502702112
723491569222549515
842841378073608202
682615012870717486
495640000197689375
408315674499219461
1208150034982510635
738408330938155038
468089625953435679
886165226842640404
947060122553827331
698484928807174166
519411083719606282
595138505034694657
332045796759437331
1083697673456070686
894276805622657057
1269936332457906177
1040466661473534012
716633127967260702
1256479657663008769
1421878693416144946
696986299411988541
341657142295789570
514824839060520990
1055431997046140928
828690121732784188
508206130082611211
1486382351742144523
692327537929486346
1258095676936687688
1392249601649803426
775583909835702292
1267344401097556002
967367965462892574
924009301771710494
973572468100972545
1136860588954370121
908120459361533963
628625889600602113
1331270355758743664
1041624024469471323
959374354448281640
713075797958852608
622184386707718145
1198906941699788910
1339517257713188957
789422719333564437
483365906668322845
780939677771104327
937733850660995093
750430790092980324
665494406475808798
486668249686212619
1447618215747260540
536908278249029632
549730205237903372
701528115146391682
1082683489977106482
1332060541543252020
1197954680978935898
837228496505536512
762323767564435457
473875807320932352
527766997459533829
706780644092543018
796762238027038771
291176840263892992
622770644542816257
912345779849555980
346177458006917144
801537293378781226
1302135965644619808
595632499539968049
1023607986666610688
1154723361436467241
420960616786690048
738810218191913041
594605968172646400
729300383293243412
1370794918246744116
526419390007214090
940190768616841306
994885786581340220
1173724819011936261
519922937168658452
296967694161412097
731975659475304468
531161734963265546
717685334892347472
999642957462392923
419419771520548865
408552646358728704
839954704071000085
748539531329798294
1072494053825990656
221374270272438286
470232063597871134
848182073998049330
969055602980581396
1102586084220735510
390494633299542046
994885594985549925
1448475232946884608
651749671911555087
1170007474452049951
1472538598602702931
647136256433586197
795679267618291742
1029642783964811275
1149778976588435626
1078414906405163048
638037830400082000
264424092159967233
951142148743499896
748494300098199602
1219284195688452207
814140622192508969
408703948032049159
1253251458992963625
478937642474536960
411632137108979724
663094860584058897
638605286592086029
929451754096058429
679731132601860140
545215631608381440
539180701539631125
530717309044523009
990989535255080960
383302192439754762
1017790065629470730
673782629367152640
218472561539940354
1019128725947818035
1180617726532788288
703203661639188541
345592651426299905
714565548955926620
1072535934706397195
843073358262042654
1492162119762837506
1197648844779958324
1349041887037620329
702464108603244594
337863973804310549
1445366293527138354
1144331212576542750
461835418715947008
1109567790496632945
959876836878336030
455092282165821452
702907827437568131
1379489748581879821
688423153801625631
997516871932854395
482838118819430400
524891436513099788
552496877082378250
263255760711057409
567148199781859338
646824729562316837
542039061817458689
537609969701355521
760116584681046048
1483864585575469208
251813599742263296
938784912180379648
345186574943649793
694975610807779421
212268696289148928
291995012806213633
1216437891027308636
1167886738941816853
652864787453313075
549956154185482241
218818167072489491
690225896648474739
1227227462002278451
1063178847421480960
921792968506105908
561615230589730846
548481954417475597
443351472764092427
1354562269656387756
392237153725186048
424572326919536640
700147835194310796
553991039892062208
947052417852243979
1029968761727500308
926883984787517451
978905043128422400
632266695804846083
1325536754886774934
1144681691844186182
420652551344619521
1260354953852096605
517319779032367114
980524931035045988
505757623216373783
998449056047185940
660478529858699284
236833041836802048
483723223620386826
927912409019088897
1006464666744127510
705737117346562099
675659433363111946
794516294853459968
924052314673774622
1404888768934314047
442183051896946698
894952119168294952
1470014137575669791
432467138008186882
474475134464426015
473932368810606593
1092075941527826573
741411350915580025
388703842495102986
767219538168774718
998859030191685652
903212564173963275
416122019474702336
1181166300488278077
489186925475921920
1086987381627949059
952885313351581706
1189242726403817553
807527029636464640
668280968842313729
310390446423801856
704899234041823384
842699029586771988
573985725792518185
990989560542543922
295587594484449280
642428615337705482
410459673129517056
932206499760062494
1093112945136914462
980730970212794379
1444732451598499920
357059675289681920
1193963404415746150
342095551673925632
582062863057944625
448759541962637312
1403301830770954270
1079797554780311664
1080478399207841892
1197028516617781258
1273268844001235055
786649678808612864
1017871860408537088
1495182936742559805
935633983717392414
326403716385341443
869314781268545557
1383815338516549752
1454146336676118590
1035501317956849755
1066277572381511780
922502381810376744
644889071625175041
1457955315801784393
787353380258709536
983768681957961819
1328559367968260118
374216987473215503
1169579104086003755
1100533198213099520
807183844809113624
1445441893105139923
702242989141000232
995088907215589446
699291509710913686
810942848772866069
700821506367815710
772398245044944896
481376146827640843
269751535108489216
886623946819133460
1004786741384843366
1115337758022582384
720961238418325594
687905872051175545
839633306882146314
547711872103874562
563743573380562944
781890872940953620
1374460131223535636
508201262274183188
636177554868535296
395995763852836865
767391511759159328
543405961050718229
943481561796460606
564458835264274493
301483567014477825
649111542163570700
284641911292166145
813269974641672243
507797679191883787
1171890192462905464
849621333520416798
612210399047188480
931903032462041140
543094958425636874
312229611067015168
456077482316005376
432212302670987284
855310866916311040
1142442304553111602
1188242370957951060
1404306942188585050
797113352383496222
382105851462156288
717408984155553832
1308818443797008516
1209167388491259926
449646691268689926
468943209343483904
278612155664826368
1190713068309713033
215180149753249792
915606694594215956
1166045305062555718
577256094389501976
769569201571889172
382204800260898826
994885539037720592
607889010039193600
1064290700100907110
320471531442536451
1255605035673583688
752940303291383921
528827910572998687
548432029616701450
372337527186784256
885899083317907476
528216973910343701
1065305820172144763
936283124491505715
755427789980827679
735207415460659211
936542974295277638
668449251768008735
478819592030912514
1124945307327795280
1191537392516083713
654687948297601024
274582745328648203
482501629333995520
785930036259323965
571585165298499592
529662340313120779
1392946752323059743
603856595729776651
640595034235863045
683355129524781098
1297729955421224980
798547814782468177
707533868307316796
1094176259203940383
1342951614759178240
481809778990120961
704922662224396378
877193706212581408
1139175723484057600
437559456579059712
695695183890612225
441570167328079892
1006467536575004694
483864461388677120
796296314060537876
596154730892230666
767726694999916594
1140282991457869865
677575831916118016
1231284916851965992
417020616508440587
977550808759550064
840611181227802701
1174970714487541840
906794087120773141
1310869633598885941
602817840688398353
810084539858550794
593046945828831233
1169544772847931435
999399821360250920
1248669568067440763
421014550704291842
1238945208788582440
484286123112267806
761610925803044864
935910824181112873
1219283374120763433
279597541887180803
1401654441710587917
1256097553519480938
420685852457435137
672739084279742486
386572338671517696
734404011737874433
969202988998590494
398236806358892574
913528838233944064
766292588285657130
663496933675106335
844546504710422528
984230140097753138
1002637340231082155
553911506539118594
1493241056538529992
1001758948933763112
516234438422822922
831907427322429461
939525364168925184
764204367866888204
304241677906870273
1174264946062786592
815442023204257844
543776484897193984
479529004466962444
486953761034600460
1161776466149777478
918092201492361236
653918356323434506
680092733683138595
848128065293123595
652512333817446400
1048623859361923142
1118572630056898621
1026119867855814686
897164518852030586
412641297984126986
1091098867757494405
740813171979190293
774952531452624926
994885600257773640
1193676620523909130
581748186104987648
1040622047862206566
774292380408086559
1258869974991245354
536488238764785692
661804174199226369
842186418834898954
320210980170891264
1077549187056549929
891709270196899840
518466555789705236
798325316312367136
1405261355300163584
1005205981216653384
1284921591867773055
877210135024521257
1442908656382382120
782326190425112597
491906009124700170
466587153078419457
1037021293708574760
829765180397322289
912450886725431297
1192494566104903781
794233528795004938
586476558760542209
1399419543591583969
774337890913746944
549655234209775621
352089989703532545
221167349707833344
1091090609349079070
304276643701325834
576330852464721951
562713760217694502
538278000165126144
322489240099225602
537320934604931082
420900349642014720
652096783912271877
380751748714725376
1026968792804364379
862058834403393556
540218499923050511
531465135357689870
1120844235923521598
320945776266313728
219642504998420481
820431977496182816
1182382373480956064
1056189802917142540
822051812831133726
611961155908534293
509780696173248528
660172245548924983
914165894463246368
908716476855357511
787420990001905666
1228055220576059587
415970409511518208
551070262498557952
885019039645196288
406811116145213441
338665296107798528
1130156367999684769
715895566826995742
309699422156226570
480393736623357983
609437953336541184
631833929502162945
1345763522155642920
320247103085608960
944988830161858642
1495769463495065722
346219175133315073
524206922891657219
628575534321893376
955686179410419722
426286930691358731
514468607745458228
655261724114419812
1109770616464228413
1288100853349093377
388447783369048074
1253808955881422900
365578267597602817
493759851332239373
944919357790752788
1218899526379638917
1154055912382804020
676391465601073163
688016936939814958
914175809068101765
359642222246887425
453154604192890899
558807688184594433
275874046988648450
695748983171317814
988507008246382642
579758917601591316
984916165971288144
697682946030698536
1399333061463638016
1059467298521493525
1318955434878701672
1256665439480713226
411962652789571614
707235382437085207
756752560605364274
696027019988697208
924237774943555594
1325799193834684426
1110315708627308554
769242084531634206
714020214014214145
1399140441903075469
840324571038744626
1050026693164810290
1152125670030323763
1073078658962575402
1081851124555993148
1420048448119377931
423855038075764737
500606188178767872
743201978569588868
1278822700047142985
336431534611496961
429953253162090506
864384562699567154
981927202977382451
1069543059286675476
1379382896716156931
1347573556455669831
934466880012447745
463361534362386432
1317890727119687690
256805966966685697
344360234552393731
534029069403291668
453318278689980416
551868449521926327
222016843970379776
569102040827953152
287555839622119424
990973455182729246
868457438687399977
859887468383830026
970690628235190322
693040415989039174
497467762831130625
882130935494086707
571950177636712461
1085527723184763001
1471710804872007794
1454680249857081549
822138384813391912
555438354238275584
703474940770517012
543890957741981696
574208264582070283
1417187071239655504
958313759733063680
1424790354875383942
444201971826819097
796601775490072627
714857615607201792
544976443227242519
902928022305398834
258211497358917632
1392777237912223864
336732869051416586
1329700686618689571
918764174505566219
538704271982723074
822169336537022466
938743186451496970
1170135170062487724
1432081416191213692
1410544140424450090
528790102785261588
530064679494746113
718034257074716703
878650538110124063
1207037997195989023
1110229017472274484
1307468790443016254
737385275910651975
693546233364742257
675449631160926208
951831073724170261
1262047356593901700
860147219889127465
640568378595213409
417736558557265950
1239294028273549345
1188434214455087124
670917164659769372
695212278735306762
748595838552375316
493087110027411456
1118620016963752016
880055716096929812
761224407653285929
627315018526097459
993899644767715510
566366713331843072
407271681300889600
351695474232655883
1021483527591710731
205585305472860160
422048590278557696
815932147982532669
1109191597356241026
592487140789714992
809790403662184459
411561031027130388
1074203835167428628
1261242004617170968
638445601507508233
660092920678055946
1323565699511222313
265176889272958978
1064960064240234526
660164341122859038
987349321370439732
1044958228448038973
1416361852157558905
1279555299035971706
337669383121797121
305018434041937921
1393670398352031854
694107843502276648
299450008498077697
1019367175481466990
335075921608441859
1063763409931350036
1019639772609777684
934725311927570472
831184007117930527
516342732759760986
622531551506202654
899065183731847239
388067388110667786
403171112521039872
983803932251934810
1053501013153300500
719594311779352678
907643341141868545
802156079245033513
588339839494127616
288916445952344066
774125296487628823
825641239906615358
887377149089173617
853885943266017300
329342515872399372
731867272456699925
1060995001800212571
1191503257068130444
839177480077312081
950865455709581312
229038232019533824
890369184163332157
493795416635211776
813354405730320395
440771827758006272
1035939373990019113
1096123862338514966
628276959507513365
458635219319259141
972955247486070904
793408788036190269
162521727484690432
457726972458565644
1264308493314297918
994682105047031839
332612611973709825
1037644774292865044
962264881598451723
1202291886723965058
740796082476286012
794966595440869446
1453219267431501845
511615374492565514
531933638061981736
559386206375247873
1337437088798474240
850031785413050409
284025610215489546
1244181862692159518
346957344132956173
567312503592189972
313648782786953218
409383027123421195
370953003680923679
514468701551067146
914167264423596073
942107462180438116
953630925839810600
1366423539128860733
1004431859058483281
471780547618930710
746040915646218264
951140878376927252
511495216973479937
557995190900490250
305000551404404739
531926536203403294
630494466943221783
879965404355764236
931654621787734067
1359898637207081163
544550081320321056
1420009031535427594
523178708589215774
1160682711023890492
1292448863315165220
1043501288396173385
928745607936495726
1437027122706256046
590667427595943958
1331724744373964861
1479516084921962583
616026715298463745
882716372205985832
387956226484469790
1282264533041152064
912223121648533504
1173691024707702864
795696005773262869
376018141953785886
493754414872395787
992505040499658763
1391089998606106757
312666410839048204
1010669685429243906
306952172514443266
468080087489576971
1354598565355327591
889652387881562132
1234220063536447593
876462974297079828
1193887561899315331
1344549502006071306
645359305310339092
815280391383810063
1316608530756665376
1055859735498342460
503535136315539476
729997567466930206
973619955943768094
1077956949745868800
810598797511491644
818931073974927401
421040003062169611
547186597746180097
1423550152681193573
1055405819040125030
767433150770053151
393313387528060928
1092947404346642484
524615924150566922
966085650552070164
321348568898338816
327967308922486788
1196177346571550773
786183536146776065
348068008339570689
1037736920823906335
332534754710913044
629975165484138506
862885738205806652
450527249557487616
747974017377370143
664944785576165377
651477233839374336
236043618123513856
792393262585085952
1073237574484770886
555060529090134017
1060432525983485972
446524703495159809
447084681943580674
1505364464818589928
774168869128110090
453562933797060608
694863546277822544
864922339261808670
699274109628055562
514479699880050690
950812804196204595
923294929378218044
390462037894889472
208117407426936842
1085783060856963182
787271432865710080
1476720910357758024
427197724178513940
999649558705492018
1343614458328645705
1058016265458954270
1127661040746901656
1272891285317091432
695880975674245223
1048195959189930005
797405526086123530
1127148724829814824
321707691531567124
969462220230651914
924360992278863942
498827229241802774
1325111390926540962
392015785754755072
1175778518831992905
1419888116306677811
1261331047921090610
1033793451923361822
281463434845880320
1078964344949317652
396006074777337866
903995396760670328
331475817559359490
439128939768840202
700685839499526194
707524851417612339
1300099926885142629
1277885536274481166
1323265496350593038
771972368192634922
468643473684168715
669218450580701215
874253175664828446
691246575317417984
1067509697269202994
408652024423383040
235440591012364288
1438212953685102683
1460248041004073032
410407740436119553
1020584099703959683
750797513744842883
1305222318498254909
1006711531284729938
335514946119139328
807579325615308820
698218214462718014
879012810913366056
816956562777833473
929278295059599380
1297178964074168341
525091808825311244
622472596918763521
1145837640990597211
685100833762967565
746038399718129684
980221797821743195
1192107543711973438
450761066000154636
381476019615432715
1347964918707785749
902478200314163211
959165029083672607
446627393197572106
1015531054100135976
766908493424623617
725011230544232479
463682080740474880
927680141121966140
1404942128030679080
1466428867118891183
853770924020727808
898832030077440020
497648538558398464
397971699917783040
633267526431932426
372920957012148225
998224237938622556
905790117623517224
928828567113044058
746284760929927208
1143915513148346548
292916538137378817
905853810642157568
794140142750662667
972733138218418206
656122998423552001
386777999045033995
763802580496547880
1180803861380866059
990973409292845096
796703974773489685
1178024082856497227
936999328487182408
924364836924698625
1152237503374426203
1143823627163271298
184375920981835776
1279900133957570652
314112787506921473
287243257963085824
1319609792817528905
1025072659354107955
463395878900596748
1348561860038889482
934371538675855411
1171565913192009809
258632244799733763
630647245360070666
251026607458877440
1172823261021753357
1333392648924561440
545480546696953856
632589570705326091
491283724810453003
636588737404469258
1061705657587355760
317656953029656579
684701117178708003
1393939605933523116
696349344470794250
983758691591401473
1169866249719791679
701524812488769617
834792909907558441
535170266272104452
371558666958012418
1133753595154681936
662249395491962881
847786695364706325
705453645126434848
263761271659167744
1083782748302495845
397338441689333798
419452223383404545
758310712077582416
694147457843462154
814836864670105610
1087722161730490368
860053792086818816
341240452407623680
727114994721751041
797437985388757042
353564969742106627
928710832337063957
1051516623338610781
431855569553457152
786867865700663307
421625116372369408
1019983859498098768
779670761606479893
614723191222566922
521012459075534848
765832956672475146
820269551471689738
735496834642083931
834707885954957345
1053448569178292367
929242892504023080
246282222292697088
1194732564393496688
683985127923122194
1441266699608522833
1132952067795845140
625705403749105670
1101984710311280702
481789328960258048
1047900034529755218
885947752029241416
1269589616395026483
394168570608746497
820799641645613068
1317094808271192178
452710390049144843
825013561129828414
1012755420911243374
630451469325303819
344528871288340482
290071341585924096
668069554483625996
1218436901246079057
907723428440735777
403193333067022347
1164562304906575913
1229103472503422976
475695787544805397
990206586356125748
1144673671311532134
933595220480778310
1067774868348739644
1446949299702206587
737578785255456771
1209512618977529956
849930396832759828
688642436389666839
641439812343169024
191895408358850560
323868042385686540
1026030216432320523
1089586241302966504
614379783706640394
1261621338792136737
909235597191806986
872071685505941505
561510533010948096
953581310071406642
527474995509592134
324911942449889294
768105381091999786
558607663836168192
1379789851406106687
873992428963643412
528711933172383744
795934729563144202
1302392925870755890
455755071242633246
766742050607071232
1191884832855306241
561962475684233230
557179172339056651
698826187270520902
1014146952318947338
539079645489004575
1062843781222772838
1000357053367332915
910502065506230272
1395012458896162867
415157924558536715
569970142373609500
999291231853105274
1192794748256276514
1259839918864072765
290476829356326913
436808229234802700
231740920008146945
483976868995923981
493120775058882560
386272931552165895
650286140942843904
503210571768922112
327154058877992962
326703094639624194
227783367960166400
713257940806795293
1171713208441110589
631108806096584761
408971299407527937
848488394827759646
617424399058075678
1234412485893689385
482140017855299584
1116086533884215378
435752341073821703
1365747692734775579
1439674049021350081
444520044173459467
1023203364437237791
845718229754314752
449681322831642636
774676536338546698
596697106123587584
1237463734189031565
637348343076356107
431473049481773066
579601303932502018
1326279012422647818
616985251675373579
247092724665286657
890901714004246549
627598602381819914
943948503577673758
1283563749894131830
523252708648550407
740335237770379361
508214301644029952
907689464225206322
300650343128104960
497767075704733698
1305275000487415911
1170791368126373981
332252778766270464
843854157072171099
450354705906794541
1201553261002502195
1273716838240620576
1006813933698547802
944702392459489330
852265206285467667
280960899630759937
360856793464700931
1059333429587624097
957935859951341599
566231375225815040
830880508870656062
537706857611919361
589189314764603405
680010325940109332
1173710588522791097
1250923048111046748
379983067248459786
667111074025177101
273500299312758784
189340933311954945
1122870630254137374
1154024799245443203
1015024339994816513
1349367033443254323
679284631345823766
835901015958093874
1085667760698302544
383645440522059776
364355221746483201
550934305292156928
407456706373615618
567632309352923136
640130809315065877
597074016091766785
1054415254806859906
430394723593617410
1267770995041894412
808735690414227566
926379925169115146
484855903384895508
447008786645778442
692065407821152256
382491327381897218
654741289778151425
1193117488330834030
450012289073152050
359690932276297738
1414783526254936094
258218509337624576
1004108937630597301
1283125271674753035
1188734439954595853
531125422956478484
747825889978351726
990916086318899230
1067023633542811698
318720430057717761
661314760385757205
406904882042241044
699255360371818526
693794755385098361
1375399717361422408
331505287108493313
793465951172689930
1397626858576674980
1191459142494335046
648100021870264320
381420588687687681
381491153205460995
771810898569855037
1365800305479913492
960548909355257906
1237449623107276842
706952019625246782
1428004032374636624
1239312610571059326
1289439222964682803
1427177998511116359
673850870944759818
1397092742894583929
1404359435282944155
221987769419825152
332789219888201728
974357286116016178
853704153732481044
603171532683870208
1498769264012820540
1096287514656002108
1156532636626460692
944609065781321788
900083118696976394
760916299601281114
724886680934285363
1085974344628449432
433323786721296395
1258543272629112915
399511662484258816
309400956397813762
688487284353269846
853439128317460481
530560601819185162
653218516756987944
676971227474296853
772142911575949352
990973361867878451
313209591188029450
1397694617344020480
691796752503668746
677885521242095647
530431511321640960
481189456771285013
1275800765440725035
1079871574926180352
358675471514468352
643455429825003530
640111741304307714
537994109609050118
835084974188658688
697341839203762196
984829809932767293
380398998365667330
535116896228605973
544050422713679893
977718921195048990
424295183052439562
603213419830837284
471567095016980480
803206108437151774
710167353677185134
399251676353134593
519410693896667136
857343718612140032
755359158639001601
569582335998033923
347659770452377601
994885628753891338
1109904207001157713
381700054735388672
844541271971201044
1241638765995229250
1374625393222352916
1244992367040397404
825950746662273036
1007630411523960954
1474809360050819385
1114098683680653324
513676108151914499
318001559520804864
806715729482088509
622994615095787521
834754240748322836
703184305618288700
1239196556314411040
1012658819450540054
372296656127000600
1145128027781599394
1222186110164271257
779011796912177202
1201795786346876938
1253371704567271484
295289312210059265
681127962602635374
1002173772855529482
381869610607181826
962805195249684480
1089107896450691173
1270458472479199252
838441376176799816
1057665541638205540
775060677332959285
955485245522706532
1163148132532633631
1232270147776024586
1127936794688753736
756810893156679700
772431594207576074
609266945405091840
999575486697066536
906895780743368705
1400115947116695643
996677105192546364
344546322914738187
830801889985691648
539640905720922145
476150732039520277
1188284834313949255
285348984137056256
490416543000297483
1360293892259451095
535001714982649866
687824603955068971
1175121589814181923
798276677972131860
592040042742939668
1270752256915935253
419932342501769217
285756849150623754
1387045748742553722
818386311933067275
917390342242832415
939510369674756156
547324440531173379
690229424331030546
798511334500597790
1014086618837172314
392670572783337474
1182290376598495265
1373210702898266144
1180463908318892132
825704723101253652
822922190567243867
1059083429750255756
445179297955708959
815985673374269462
284550033506828288
857003797267087390
482906083917299716
1236377241290670132
1216944857365614626
482499440897294336
332049381270355979
405410482997035008
1444308578469937313
690840890146553876
1479423742257004597
1057603261777068054
496349643098292236
1160486590267793528
323025648253665281
344352860802252801
938355314934296646
696851464014004304
1185585497213501492
1046694624120545350
633638820352491520
341855213935919106
1088100394149871677
1192959577029881926
974617355403526174
409348081734385666
1366420201847128145
862101148567994400
711196644154015815
979789391641837578
1031556704632045639
304351028067696640
549784065587544065
865198579685392385
932296825610833920
199602478004699136
335128128030507008
680542751359762471
818489984687800340
1299090090664136716
1162078070237311057
588054280175354109
1234935737212862575
1306589310304129074
798469844658946048
1346834412427542559
965952413926314006
925726685951836321
1267461213176987731
874419804574982164
313354433071415317
329323987706314764
432080427147067405
584082243031400460
851191729800740936
412870351010398209
1059576148855623841
297769117317070849
593478921081585676
875271678224130048
801615848858976328
920362530998718585
856187787766398996
765998747716157489
684402410092888137
285112656858447903
822891909336006696
716352744595783730
347055514619871242
1397181499161313301
972430287541772298
1464736858738000076
306413159818723328
1404043071598891091
404837882596163595
506119217871847424
817078710296903750
820299455072698409
513626842515898369
346929864676343809
936287395173769226
1032226813931438101
1060530985210486835
648245301911748617
1107507369568641166
458992534488875009
1317235840447156328
810557519558737992
518501458891636738
994885706319147058
1016757956018196552
1002411355665612853
310309425648762882
1044305494845698148
660457418534289450
1239909700955279433
704753843165986827
1209261770410033174
792082157258145842
1408198933989167134
1069281760908677140
1010849102302560286
300390197433204737
365829030362087434
1471710292798083268
344274306559246358
394194221424312338
518798738718851078
1168947230955286661
271598956499173377
539786165214117908
552464299864621077
937799042656780318
898712310590365726
836617756048621576
1174781155376119818
1403660569214713937
1337511700332810332
1338130745939726356
391549467133870080
909945229593952317
219943501889011713
806228443100479521
508653257741041694
958738825193062430
969958051631222834
991435476420530326
1177614161291776031
349229878576545813
356072576444792832
398029497565315092
1353938586348556372
1115921797364318218
1478341741945028661
1137759151418777771
591678313538256918
703606387875512440
859845916978315325
690989808436379791
834065673549250560
1207637492430282762
735541426829656216
1336727014291275829
1254744866601041993
791931666808963092
912738681201242123
1014897462802133023
613426274450407424
544124123782053898
342178572951224321
895932733157675018
360080246407561217
573302723395584053
538409501804724224
1253955081167175692
1424318122806083676
1189621918165373120
1054085953213448202
941639791441756220
877820754194997270
408729539812786176
965322502618361946
925385721345363999
699975165416833097
388042512738287626
283673370896236544
407279039208751115
249985111657938947
282966776755781632
357557122357133314
343267888922361856
1180468175691862029
400294465149075457
990973343769427999
933022454639652864
936661028773699635
1325865730192969820
1282212709961695244
793239782767329351
1179037605417988106
734461212816965723
965890218035126273
491192920364548096
1217184027438747688
490208383505268757
330641786970308609
1296701624596566060
1104414122038276166
1338527069151297627
912739249504268309
1205825922628976720
1315318707496554506
1031908013197512858
1277709937295888468
717076269816086542
1453128974250283111
1363427393422884926
263392707299377153
433729688305795087
820342148935319592
594065754559610880
610843105771388969
983432611093426198
399955675503001601
835572704283328584
1169847169960919106
1195076049030103171
949984515495968809
415489056965656577
756617073001627838
330787223953866754
432774716269527040
600799363966566459
727579640939675717
1250768403258413056
583617720319213568
370940248345149460
893473645630980167
1266446310920290346
598963668906147840
556335996371861534
503280467902988322
1363400694119534612
694541064547336284
683358865144020993
871019751613288498
937002052754735104
676194535818133584
368478001375084545
771389759033311262
1192856793072807981
521421304512118804
235034580053131264
584111279925362714
269906751501893632
411193735305494529
886671077596598314
289036036292739074
998608667270184990
1415341078571384925
845587721513599008
1280155712181374987
1145749053020328087
160411957688664066
441555038452711425
1081254278582259902
726792289032208444
1216112608692797621
654656692029489152
642686383890366514
1081857333874925618
567185363232227332
1158227971992199299
433317540689608716
1029694420649521193
776004876958302218
1068191683889614969
561639072062242856
1131021673638920254
1003293828318507050
1273179152446521417
906557003432853565
1430388770938556426
1114257160155701329
1423245198120456225
1480616773949722694
1139880243792973844
992332095861039214
1001489217421062274
905878683376570459
766214115584638976
1061039616238555177
954677484169867324
742690184931311637
378894840441602048
412237138323832843
1445260228181622795
1322276844237488208
435723654727204864
307800215635755009
784881430316449832
259703364646993923
1040938525803151400
1129305555249401856
1220477054647275573
931587129912483860
422731323917074432
1054026904870600795
895330785035440200
895012658879811705
1144905844304130118
945789864052391987
990989461959635005
948947587585695774
1140017631521407036
1051577333892526191
792441040808050758
298797794846572555
939154926267940924
1123923299563491348
532582595351937034
290171513070682132
1470397444499046605
1409583803399274629
986914524135325776
353539242317840385
1124644948847886407
894125032232611880
1181841217001099377
856131423281610792
486925856820690955
946477713101836339
899256663985516624
1051199840656314439
961638291940184115
314046565650137091
710088393853501460
1011238096144175146
571283184625385473
548841688559255562
684037142028091422
1014836365369810944
340420716136628234
296378466327068673
398828080006692867
667372011286298629
889495158146629662
1368322311740063765
344518124512608265
710560134690111499
820374465736736798
551014998575415308
423894282735321097
325674821046501378
309383971110649857
902845598682722345
692148735739822110
280382920785395723
430627726257291264
1178048866478739507
1109076955707490346
675636877482655764
1458178800515809426
805218811493089290
716981791852068924
376285043040976906
878287724073873438
571011145909927966
641964953644826625
407313816171446274
713769096386183218
970349638035058749
848614194554732604
1220055656585891880
767112478474895390
630046674244468737
1225915307642716183
717891860114440282
913020241704005643
1052177285672865833
1192153526474920041
1026460386897186836
622448677029675053
387663541512962058
502141608985362434
396058423827103744
927243495649984512
1126907844042706955
730073477171642378
1419698277296898299
468442437191335946
523711670355361792
703596822815571979
863211874576367646
731446204596224011
742281720736251955
400266675481477130
663943688333819924
1012346122821443694
224157469784539136
526000617638854656
994885593785958481
421274232157372416
614588429417840654
1206659165263634463
842542473246801951
687591802391625795
654680948910194708
596268160328400896
572155078291488808
269110897107140608
440534933329674240
1021814109261533214
653868487965540363
1069787333538349107
398512189096591362
462686942920966155
821071468724879371
1075810867259654204
708440775649788014
419565332517093376
326451007284576257
1193816255132606478
1328646556089450598
882756133557772318
528989287157596161
720332662807461950
1111939780897415189
578301579816337444
231109255082672128
651749000671789067
779375782963052564
535106631931789342
1048575731501908009
520617952433668107
622422906961657857
912011758368063569
291567780346593281
548134022300041219
436026677789982740
846000479087231006
266493548604555264
867087033921830933
1430197371152896131
1092820847611347025
1169880894929109048
582616827343929429
410233136492838913
537551225647005706
699256680105508918
819045729498562580
473906728145256458
495250174285709313
1097200563587920062
1452777410041876732
304962394264961025
1075460471659966595
1055848736007405710
1015349116324302942
371223991701995520
692305556223950942
621292008362999809
667968290425012246
1268144040201949197
295249110943137793
1045801665359519867
973929178216931379
1277277242812137597
1468389854260887676
1003941383926710282
1201075022714904576
961103263002935346
657646993451122707
980009010231136297
746441084892348517
701221457354817638
764895141332385842
1233248551136399430
1152668635387674714
452417112133337090
759401298100486154
546716748418908160
572821599208734740
1140321467817533541
314007967701663746
1216433968518271007
1043759250062712872
1193680121719181332
1430997115194048523
843920878172373033
315543232727744513
849341786157482014
912051775312371784
293020598798647296
337544915003375617
1433527247733526624
514123551083855904
857627040605274133
1080861959597064274
768522255667429397
1121868988041932903
932580222186979368
566960242299240471
1006517970807312396
1171338883347255349
550316175670902813
294140293274533888
1069312993487228969
723543428624941180
382908989056221184
1230910205051535370
232902934604546048
662701340665053191
1068164138603384943
1380561854480384072
273915760768712715
1434727350335180884
1340759642682294363
879662867329220629
168139589783912448
346966875642789889
514377815647322113
773942305538310184
790125579013455882
1309475801682673674
1249764658999463985
771736895914639390
746209586595233854
803944698913620018
1192519162455666798
337185836904873986
822824554337927208
946974980179128340
1208298961673261067
1127664945924939881
338248010737909763
615845003482103808
987425570809864252
1037877923614576650
513648688707665961
1209114409247449159
1358935764309639340
740193683281936445
322954736464822273
1184155587542528131
736182151510491147
293025987354951687
1324360178069409876
1129384108959748167
748553575109492746
715631508702101644
638829454713684017
773879947424694283
1234953384017137724
321561263085846530
1139293391637721200
1213916960438485004
1031517732853796894
501045634317680640
676066851804938250
478317074939379734
926905934427611188
669078348466749441
833742832434282606
517086868202979341
742709865616769174
539455248884957205
753141696375554098
676827035645116449
1030393935211806764
412502676069416982
472128597084209162
1449471624192458873
807936449340637185
281478153657122817
1240036547315634320
1436684077507022918
406500060784885781
936233855143272449
1465854775336767509
567456376776032276
580444827108507648
1220055227684749512
701683849217835148
1188976893010120705
788543981961084949
327337280639336448
1177176558507675755
311137579007213570
951814376166416414
328876065713815552
1123644705469640806
490140833648214027
717055245397524490
209059011079700480
1446032481143750820
835022644742848512
970744729752993822
394163022563901442
549568214674440221
366655517440868352
1169603898244345862
548201529673515028
1427987324163194952
268700401589551104
1112673690165985332
680148225382023299
402505331911032843
1405296934889062534
854712982566338590
1052685058353397760
1291361200520564756
530462301418029105
690589218283716668
407279020397428776
948642594013974580
1230983833525162087
338403190955573249
914633659024306256
276267367317766145
1210593447363350578
760147772657369088
1139844073583300628
708000296080638033
428125312866451456
532236125100703746
952561759741419530
816589980545056798
833701098250436609
585534648927518733
332466906609090560
944246915426570291
690561899321884754
1147923377923817522
860885693591846913
719292914978783333
380649556372619264
319172739162439680
1284733618840801311
827151704872452097
802603101042245653
1323251535253213219
696541660682780753
1401154927912423465
896461703510892634
683985333943009385
1169604201303777321
295115619806871553
539372417827471361
1287394085379899468
1009721921966985316
890770926659043389
526387888666181632
395513363322634240
219829793988804608
1489358421579796628
1045749263361118308
663415961453592596
1016251187386916935
1096546509996163184
480251882615603201
807317825173323796
965501983022796820
768151683838115840
540400406480814127
701999823670345768
297955957734899722
747153041152802827
1078003050393895072
918539595434577942
431167993599492120
708764079103279155
1248007486661988352
967371095864905778
789788751227387906
851197570851536979
705424215754408007
1265192094364860488
683710034236145957
365141844620869642
1338587858239488052
326298977962164225
556213709895106609
639177743761670162
309657378847064074
1186769557923307570
461232690121670656
379882131364642817
1241009764922818641
905808070289027092
474228451314761748
433940125249044483
996336846302875720
934094986578886717
523195027082706946
1002236544406532168
870271223614046269
631510263299964928
293078136990466048
862325873607835698
407612415321178143
807986086365364256
926012409750126592
832674638873755680
649725254188531713
553490726051381259
698878939245838406
226617227590238208
938938356178518127
1302220623006797891
937000151443198003
935009565928484864
793886506619109386
891584637271408680
1267524841427304464
938326679200350268
976111001919442984
420684830368595970
704053849501204510
1034398745925779466
1077175202527584297
536915845482545154
488377528688443402
531304155206123540
758697434922090496
1144357661178073159
556407929280921602
854604057451823154
934460589282033684
805760101633228870
1116815801148776598
595932643514777601
995287224293797988
287940303594323968
1114832115696148551
252420394416340993
485758034618875935
740197528410128405
516167103775113218
673890772826849290
1263787669893287958
645980892933783563
1267048850640732214
577889315934306304
1053294767766769724
1459958006195421422
374134165685141504
1067340992879009833
1009486210617581639
659316956683436062
1188850371691548775
1220798187133206688
387296714668769292
517403321581961238
328281275305558028
362283923205783564
872964948928639016
749691432570323005
1250551099849445458
182883354239172608
494171665232822273
1243146545189355620
609142334441127966
312481105767038976
349970421774417932
989184232146497577
622092514316517376
274646364099444736
412280038465994762
658309345951350816
576799011533488190
955514114359324712
852324814592278598
1398270712111829084
467996445132455937
412157800949612546
1234206322342494309
1454878329516724317
1314187619768336393
937742368394842163
1169879072399175792
627117411057008641
1038425362650107914
499857021164584961
627394815297847307
339145045301002251
1031617449847705631
766713063771734046
398935643092156436
1022469436067811358
705696559274131478
1346397941614510100
434411490985115657
767047134561304596
380313451605786624
1391336301361627257
1374673840638267447
402872883371573248
323786676348649492
692065872767877160
881425301379371039
1165978463551889450
1051473146370334730
1178009239441129488
473567958744956929
487000904231419917
1474108799752339529
440917865692921858
469929297511972876
690472379851210772
1376117902192807967
962591252057042955
1008865648128032879
1162703565173817406
1049423253392863302
1046288931739664445
1295721023269896296
883350381793513533
943548888210620456
1138141858200031414
962359398032875570
840969571820896266
1348336370430775378
926740383780700160
439116747375640577
989144108041928766
906423602709151795
706305583464185896
762396301165330493
811236496983326731
476351494199836672
704421975317282877
846090805554053191
1343093042105684079
1143805312248315944
440228031928205352
680685659505295387
282508693139095552
924334582919209131
269106756095967235
1061335308265857114
926597876732276776
1086020517624033380
1480526789217353791
1074335932343390239
478065151120244737
555704431904161793
977262493493760000
261124330480599041
1013500782756241510
994885756399145074
1261298718737567757
1150800383485161544
693492851606159441
517755658544873477
885135006467493928
1396064971829416000
330310798402650114
248439263115476994
300198365323591684
403992331931353109
393403483224801283
1206887917973282827
1092093213281628250
254950600641347584
595640409573687308
831839718999982081
587663133011869709
677210484927234059
1171750105083301948
1175918525303509053
934038419649204224
1008753642620334101
724139894720692235
347810965267677185
476751433413165069
1372348636587102352
551993095449739277
1207361065399099476
739824436454228069
920022315599818802
601102816148193403
391270403747872768
377324973792034817
1321409246549643375
1056541714627690567
393737886610096128
1058024439561859152
1494607009050394776
1143167323851722793
994885691513262110
818513447025115147
343313294964293634
354563969140129792
462932970068770828
759985435606384641
759296628951089203
974015016695132200
1459935781555671204
400293724002975745
1306269213165617172
415014140159983616
1210938547054317611
1127119598462980096
943205434746089502
1297104460191109181
1323367132448292948
513467612521562113
1238603934659252318
1102160896010223628
1479173956677140551
864581872272015370
862659980880773141
786120326064373760
950113770770956409
785994510529331220
1127944824503406616
441224046827536384
718173774612267089
696377341131096074
1269773983465865457
1000280748944789585
921028569294073876
642316224398884864
630125673461055501
644847053595475968
984145337025441882
440251989918744576
1340330704906489916
983771987904176179
444474714744684564
870904951352729630
869281594714771566
1292465634084651018
1061407805061464065
666324439058874389
1146720678897270865
838789858792308766
1118693406361796699
201743491632594944
581457992050933761
549887624526168065
423210328197955615
1187942398400155803
845363793692983326
919990899889541141
1128681806376484914
128359481523306496
545250928618635274
1213445491585454141
530709325124206604
656527287851679792
922936512197312592
1211073948314374176
560150623056691203
1226112388647096341
620640274175229969
390931131161247754
286514702106755073
1174434855145193633
205739323759394826
506731796373831681
267514292792721412
647865523169787945
656817680262758420
345944281141215233
308299764502495233
1497258877480075367
535811455455461386
922636287305986101
994885608348594197
1302312243307872286
785855932981968908
798854266725859359
702943058328551515
1207674913721159710
229897251273703434
351310427726020612
1281508863694082051
847172065953579018
1144654526398337106
817307168864731136
900342952604336139
431738801107238912
693908144660807680
1205851367303024741
1190995045789225072
417595446798712833
729351343013232660
980510012457750538
396246423407951872
918491563930312704
412298319910535168
1379604105630187591
408206110252597258
696751895150067762
1226831016233009217
111602811493482496
680477250692317220
607117538786279424
449960245280636928
770968306068226068
1348879390460612618
509013890257125418
1192490533650702396
850466714751729728
510489160608514048
1276189435804913699
755057101856047215
731560555386503312
779151728405905449
119884672330235906
1236162341515563048
387945826489729024
1444437394605478042
506104110597013518
1099959499672010752
842792041025241138
328153002802413569
999348028676775977
900401329392992266
541224058436452364
312196572349726722
1066712944576036985
1038081212150988880
481738150931333120
635075106003222558
1127161592816095262
639513705960177694
474571654224150528
447754408525037578
581163240436793346
523164016596484099
1122240012679913582
203177764868718594
537699915791466510
1078179639823970395
552058759950630912
619312415712215051
428158311226015775
931843480966279218
1219210422926835714
1451229617561276704
1196366970430439485
1486451501869043744
1368936327722176524
1054051867732230155
1137373611527774273
594524947406389268
810922092140167168
952246062360440832
704250911668830329
691583993971343391
1214170434732298240
1344910492564590605
1142800884951167080
788372699985608734
1096391249050730548
1097161417641173084
339743681827569684
751357408743391262
789766734218919967
1261375389746597978
1184352999087288432
1485965786160959520
795053228688539689
665805525543419905
865456387798204476
221006678726934539
1214908093910093848
862740305635442758
996984470223732816
549917263461875722
879100763387883600
909708617459040268
672176839896072203
507977382892929025
840590327596318750
1088509723231408248
790938408205156363
1043423949003968572
1275911484676898837
1297767364238114872
515146129336303616
1222201339015069822
1216655783320752208
1192421070251233300
309758053060968448
1062691014093058120
663808906610606142
481548726142500874
644797095508967445
758372774619512852
1424075021336318038
1208332553354879010
1055920444340977718
671644981102116864
910899454670938173
900248840320450571
943584815842721814
429877203493191682
1362865144186667228
1504733672249753600
1209562231952515132
1364211656061882463
1091322698468175955
441310018265153546
829968595731087373
420983303978614787
689903982692270158
467770206731763723
927612592824942623
417009421135380480
945344806966685727
343261024935215105
563343792565125127
289320078548271105
604720277791703073
714816210327568425
544986228508983307
708648371081969724
693489831145111593
868661261733347349
297742116422025216
1055868499169394688
1189296864370102363
920503442118680576
875073294833958972
368063202669363200
1101014890686189639
986228637823025253
535219721033875486
938838348158623838
919571988052332545
1425314409814691916
989244969866887208
1351285749609136250
1376540351585849445
369729791311740930
936166150797148211
920000052624257065
421736188991373315
1192569677247950962
295138278540050433
619515658077732865
352774544500588544
461999755724193802
1160307165056221246
339491004237479936
784778072104370243
927580493665427486
839491334179127296
927859399287013387
1343277307355201586
421025227443535883
858359172466475068
358552227675373570
354170200029134850
793788130406170674
945694065528287262
421965893518753792
997495131773091905
424434616133353472
1035476872500367431
1249808172571430958
1173206569404612620
1274413052334440471
674783662880849920
1157567876228718674
1467551964286947616
1021003120530161676
1411395458437218344
1016747282676334635
1253065054711054448
405340308767768577
626353719625252864
1185939945207119913
731241816124293184
1378732358613602317
1113758993916117032
1096485648841592953
179861485491585024
517651852016222228
483999326855626752
337643308115296258
750120789470347274
1354011246659108864
693407180476383292
1171353059260125209
474995021813121035
444122051511451678
1146468905582334043
874003046730973246
339401362775474189
401744919439605762
945547206277099560
607273024953122826
887326732045140009
645169785524584448
1256656326361092170
880133006721966080
1308466478416269395
915272549292724235
681239447014211693
1391682071998500896
618734068514816001
700293170528780299
419443682844868609
1465800583100502046
994885778624753745
300630490967310336
282405724825583617
1355654030788923523
1348330525152251974
335753769440641027
460010868466253824
470251276731678731
848940533888188426
1054771955405955165
990989395022725260
631400272505339904
502372342362800128
437057414332940289
710403985693081660
438648412234055683
407127448623382540
1096360014635085886
1333001818271125588
1123339121453174814
1118810307163324528
1115670125102768190
391962975105187843
646349392000843789
958061904360771654
484679412537753602
173565703167803394
554384859091435540
1410356184182952047
735434843953037342
1136717137000550460
931114927572254720
740261629551312926
327488936689532928
221934705015128064
403558864852877312
850852062526439434
1462455243781701695
452389547834343424
1051988862890676225
1250462201748132083
839829705443639326
328271969797537793
917385200441384990
775311648117620736
670287940936794132
498208763547746324
838377597942890516
329706390601859073
813748695681466418
495468385044398094
1016821554035834900
332880691530432515
425832616642740226
677209258248634370
502927669831270411
767405040348037140
997521589811814560
1154643701029675139
1444362035914870805
942367467794227200
539509967955296256
1421907036580479117
1099609731301134426
799181025435058186
1093908128015339591
1267051288164700222
802938112618790923
900115670073757736
687629866027188244
508295049155444763
1142513378837930046
644550491279458304
452493478882967553
1408944713326661666
612264273636229120
516272363424317440
738293126019547157
254546475193860096
325379816297725953
1220033172235096174
391598241440858119
950165645180407808
406844011513380884
1188109058075537438
852780548044619796
556114708202127362
393335952732585986
984911939299840020
694844036116381716
1410947269389455481
514073071808675843
1469468272498839778
537552219357184000
806242701476626503
948272664487788594
573059840566362123
789458703509356574
461235332415750144
336924223735988226
981867322883072061
701855337849815100
303683701810790400
807153793292435476
578931952451846146
821865000724725761
485530398089150466
482216293844385802
1177184172192837753
804832809884975154
493649769378349057
1001967670326984764
295507067072937984
910960506590863430
403554409587408897
447068205010124801
1261716880746479638
790896742227771394
1448050619272396913
1205671776995250210
978622069795356692
781961530655768628
595908267373363240
262584610981019648
524930484057145344
320890403052322817
1122863676655927316
722504964710072328
1450817486252408842
1026177855815680030
1003023880044171345
831091595218386956
599955781466718228
731815707263631381
1187065366694854768
1363191731969065140
401371736647401473
736945901523959909
928732489927753769
1239551178770219088
115562468205527040
1146493402993676348
632294696898527261
868025868423929866
537037269790490646
692304473418104844
814664410794295316
422677598816960524
1047947455414673409
1250881331030917301
618150772944928800
941055907419267082
779780560486531104
1210165329322582027
1170297455024279573
587701360573808641
584356338000461844
425698204269412352
920529933334368336
504777847416815628
334000495129657344
174235897594642432
425581450180558848
858433101260652575
988703247067914250
290003097638404096
1102333149326880778
423878372473700363
990989622731481118
1126105655690940468
574521488393109505
847074973955915787
927534162179653672
688689906586877973
941981327668936774
1125091990883811368
750754796100780193
936650684089135135
1252279358232723467
869036932112461904
438027052839469057
593383171425566742
390882703920332801
636969907749257236
1331944201855963222
412255559249821717
1033304155030290543
724243077040177204
633171673444646913
1140635595853537312
1022244992565133343
1053804601020776539
1453100518548443309
332249470555258890
950389785850179605
345198781664591874
990375756871909386
1059124237895475301
1287347943489146940
1225880091746107533
405329038157283328
318374984936587276
421740526363213825
1092545531835854908
532580908490817551
869859919212466188
589183656409432111
878175192667533342
1043458616855896105
924631215263330354
853277151550111794
887803283689836574
698444927063031849
191481595683799040
675770690489810952
973670064635133963
705684238636417085
1141307125558157363
1005731562337345570
797866427486830613
532610626355200037
935837064254078977
810916671883182080
253992645502828545
705084193406976000
653592907139383298
469959418642169878
362949749541961728
1160217670814281799
1017475084505591839
682539106047098914
907315063671652382
301357989598593024
977674650958057492
388076882312167444
889561700557287544
449898312900804619
872160008631099412
935196160975577168
1213910442448130059
282921998366146560
946428614407229490
874910842783678504
1173262316016513186
1398683426386743460
275242271090409472
410589137016717313
1216720383273599020
1172515998826496030
888471360169467924
1129088066087297074
781520507110686761
1184457296277950477
996294634693201940
380807526171541524
990989524010143744
839184695425630208
581887148131876887
368308222571839488
395578147158097930
689558735588163704
827490042288406539
1487344303247462470
324926824494661632
915571400817930241
416340904505245696
1274791551058575486
1353374510451134494
1086952062044082247
428443436266422273
959078348712194111
1069949558534176818
1370392415814291488
449340497241309194
1084086338497818724
269519386669219840
1459891070099001457
1269665484073078898
1318921278685712458
800573307715846174
342967052358647808
545580123110244352
1202685367505911838
905172647007101020
727970217216704543
1101527914136227951
695631688184627280
917661109245345813
1031298308494340118
209040231901429771
888376586330599445
627543356012232734
487652855776280596
1024241482305130537
595175643709440010
764708565238677535
262896036844929024
1143843636518330378
257133831751073793
778920180079657001
515170531406905345
1472611204584181855
1433891967011524658
1242867846359416953
1120087736284610700
522803596358844422
1080164099314417824
1013808789931175966
927841713270165534
626342225160175617
1401923856935157810
492004718386741260
274919878203539456
371006022799589376
871472826685747260
1093539614561685584
1180906026837487810
694414562421899344
509397406702501898
916442407359348746
1070801631219810415
671821859502817300
1057006677192351744
798197103250898954
1285141479878299671
489110541495697428
399825746345984000
1124379821322031244
1071450600560144525
697909251854696568
348016199742914561
1418337395664879717
291583289674825729
934765801389563984
990013518696808499
606474448182312960
961314891006873701
572828361718628352
1302611848004239381
1272949584980873290
818127306626695178
935268103980478464
383722018081734666
337632158510219274
501376009455534100
880929918588944405
1228096933084659734
757314328830672926
713697670694305832
933998712026460200
851672256937590794
753963482722074625
1129881778828628018
536990095505358862
921809632744316948
512995919961128961
652500342327738376
957328565744074812
693480450013790299
432421433910624258
458935441920491530
1010227858297335862
1430180068398727233
486923005252075520
408976336795860992
1030929261370019871
1198938672167399528
735968829582082139
998159517038686208
300601051747450881
408995377891639306
810872182908649502
531153083191787531
1320135959613931603
289017809865015296
1255606763647144070
1393013674989588480
423203152171368458
275967353374638080
353619250168070156
788811210022846474
1336047033081004105
1249421975575859282
1460924627520847945
624664622657568769
801121177031802951
652555091995394048
848968479608799242
237213281721253889
994885817388511312
726363722460823623
397450596526981120
818106780147908618
368420106746724353
1083779133315752048
425388968444559360
670661160420507649
834518990742618122
520263593946644481
536125366486695984
1189088846814654494
944975216906489927
625253703024377886
663194158546026497
1215994997489533041
1119973446995169290
391589157509529602
323163200629506048
419758271839207424
394196901064605696
1293208841353302056
518747602817253376
322490265350832130
708970802447515679
1225923861879717928
427261768071643146
996721846701531147
813037463282647081
368387684722540546
1259463431400980520
441231160866111500
993514033405759519
546434948417191946
497757193790292001
538336188965060608
466287145561227285
1495513281358467365
332144275934543872
315830782801346560
928629006893477940
1479821428885815419
606458943270813696
1003409089012977738
1007564574754623498
600515671507337216
1033019856062255234
409373036190367744
1104819280740102285
189033679094415361
1383545404368359569
1187419385451790367
1025708277318832138
845668137026322462
1044636550773870763
752486645915451393
600693769095872523
252491481846251521
739552850840911943
1125469990078922845
493269630857773067
1171707986473914410
480612508315680770
571313885814980619
661135278240432128
1019983367690793081
1169841607302979656
1251226771089526797
531844399773253633
854799832590057522
973799914381410394
1338867667318079580
949987856347181057
1193581205682147368
1283112797601005569
267736955507310592
730050537914892359
1217283989438730371
307162980347412491
1322571446718824458
1196151093835616358
518640554796384258
651429313362788383
1414282065129771119
848564825801359390
492649097312862208
1033070651696762900
1325625468397031437
273930142282285057
1195424820582678529
633416745004171325
407852223117131778
346677099005870081
1209897612010848278
1011628953166954536
771686946246361088
1012050693659566110
1188152699364048906
1041815749888589944
550247953177116684
229609471976931328
616535739072774155
404994933905293325
783354760815968296
1145048554084245605
1442245978575999129
417029773043433482
575314119650050070
934833047105339455
872553882134405131
949578375826145280
280073128368013314
669299214060355585
767275224777359380
1225133372397981776
939648422854676482
473449697999323136
1006927349142532147
499279336969469965
339652070896566272
793417250018951179
321240568795627522
976237531840528415
322768026741112862
1435687716930064497
221514811601584128
411538465688256522
710939403496718346
637200668226093056
1189159839029526620
368069082437779470
691634928818847777
494928827794063388
1051070374093271121
688043856599580693
800434751386288159
615959441032085541
1326992263531729017
994885678645137448
738742701465272351
599151761172987904
1116028489934589952
1437067261876637778
393825198496940034
1245756964773040191
651822035454001192
255978853485248512
447496863965249536
574545692328984577
520599460468752414
303955712319684608
1228704972992938147
1056908387301990460
750768840266350722
1076560722802245643
1191334886368362526
785977933256589333
394844844012470272
1477383706179141683
280771703649337345
1130041675947966548
738363698996969493
702625956082221127
652136847899623425
973274238851121162
804047725544210453
990989412353601556
378574385449009154
569436883986153473
390113945073090561
1339881912201904251
609073603215884318
1356160438794195058
759866660295016468
829715063102242826
663075941488132118
1277220563932155998
1211732133459267627
552895909617467411
1066102863387971697
379308563090243595
1179403462488887356
1202508877149773886
1506020469940424815
937702041550225468
801421120661094421
1169143909729972276
1169598794984345733
1102529807557853204
998178811227152415
1137433963229626478
698882019018539049
1201113560504344678
709657706092560455
1280924301448708237
1131509394593546272
1317632655126298698
1232469691994341379
598584847660744714
465559712432259075
353093380710072322
828329943586570300
1176602933199110194
1193644222688014366
1452894257814966376
735147469179977798
1045673040459092020
331830977058045953
721270653646405682
1399420669359558860
898996747160944650
885928446587441252
1351532794815189023
835151495103774772
1040723575985950811
1466125201761636487
837016095415992372
1025302512007381002
329822413762199553
577039421992337409
319137368726568961
344408468817707009
249800357587189760
760847227002028142
420605039334391808
1201412459848802337
668122337257717792
859442718379868191
468736637334192129
296691363117006858
387231781738381316
1239522461259923511
990973498254037002
809808308147978270
1350374930088329269
676047173670010880
544665864780120064
414036418655027201
245941264309026818
314776055858855936
922400508466049055
1061161244859568178
595340775076790300
1192326784616775711
724915986746048522
848550002417729606
962944247626092594
818176777536536587
1234765966366347327
640463162939801600
564474489090342923
340461931209162772
979748255103606784
367945780583202817
291924222970691587
507045234048237569
655776358135234576
1058337743396151386
687390276343431172
1208103116734734357
1051500801530544180
532096418534653952
386901421322141696
476499405470695437
1140767323272261683
542688588911869962
385701744857972743
636561003500535810
988533364959092776
608427816308047892
1345849641861648474
303943640034836480
740151084676284487
593304554339303435
705862043034452048
312963690146168832
774209839005564958
996169641841934468
763353032942682132
1300861981246357574
313251659159568385
379986109188407296
966432114805448794
661084890497810452
655731845371133966
884348101958205471
632414296860524604
635121995960418304
839161523044876388
508666975900139523
775714280673640458
1012393229645254687
678550838334980106
336769246564712458
918115442567036969
418808065110966272
865860540282961981
585744250260553729
733432759229349909
647885413662588944
720724655484305480
1284596411744391189
574237968349265920
917268368678088745
265452866762833920
1389268741392695336
1287562588414283810
328387725562478604
837235933337354271
1117481314841534654
1078735250877845614
1288775221544747024
1015513999930032250
1347318391945560164
1302661001002483846
669206790960840735
586465350422626344
861211635859324950
700643204449435730
1215576632975429653
835208978861916241
439890787296215040
1191436629022343199
1079729037557125162
764409276272738305
978032306692452434
795185504864698378
427440461914046477
840315427150495774
637911858887524353
882187662134505483
396668615987953664
931102952167452712
623166035297828866
694526998705602591
681071724691062798
816293626048282654
530230690432811009
144498719956402176
577421060413325312
1355493107508187298
1139002352335069265
799591869013033000
483907304589361172
727598221030850651
697085552108765312
323520546266415104
549929270575759361
919859626906910753
1258676141351501837
407866786269102080
1235106354285383743
257793822954749952
609664100003479572
1269778424558522411
1041732655353442385
354302883820339200
1059766816764874812
905124249419804703
1455697667274313941
667790601231532032
1374470973910421635
764400109210828831
1035831764482003026
644785277679697941
297349619971784704
518325958235914250
339381632119341057
835376284380692510
507229211975483393
747849967372337243
1405216289386926162
1192404569653792839
1026944961985396837
789208948754481162
1386134988956893315
1032939235319238677
614365896999305217
371601082461323265
314687998614568961
810083741220339742
310050573040746498
1115267478889693194
789824474111016980
335620236747341824
279243053645037569
452844021216182282
585488732921135104
1021491178144796742
1142857369630552166
257081276450865152
548111423948062763
308673728751992833
790544793662259221
799731624798453761
1161309339013873794
640222260547813397
550268871324467226
558297119472222216
907090391155736697
286742950224986112
722828817017602180
1485542085351182387
583165753973538838
541740958404968448
431493753505710100
688693734950305803
872078427174359070
1255967643937280010
422061124306075650
1213898284133781594
1236048006915162243
713718596492197948
605384753088299028
796777774458208339
908346045703024661
442217223646609409
486550648603541505
383372701236068352
1439228289884356698
948160546740535316
785506563443785758
877946690131357716
415172153625804800
421268346655473664
398048963112206336
764509571141599243
1410266869004505232
763323410733727754
676364033213071360
426296149180416010
903679448786829382
865795631276621865
352824762449395713
949394063549952090
277412149448540160
374909221361156097
873363603527434310
1214593709530677309
904028613135990884
1298319123427627062
304196268597575690
984128814680539196
1291741874641440839
689125061948604512
711617272208293929
499182767687467008
937093267701526561
1117104647128223846
1270409456399814703
520959790101561354
1238956093296742412
1008232538285822043
295520644257284096
931526292908703795
809824107558338592
600950478112686093
957187779782144041
1223679566602833963
254635755589206027
759813515203706941
272744108232015872
648625829206818855
918539813907488769
793200362588733471
1345058165645115525
1309474174426681378
1151584017330737272
1019699746157375580
382969146754990093
464365784320180228
1127910379817812009
481869220913610753
1011750994075451496
1330747123112874068
1088829262208958534
889396303551938570
404208497400479744
1007945976943743048
1341824142726533140
316542028563480577
1153250372622762024
1174035227354607706
1109860415002902698
949738241274314783
873887825769140235
877592253932114001
952135113406283822
858397074194432022
1282506737676587010
850986739878461460
287849660775661569
714433712711925850
1089296876643303577
864850125745684481
1317074773376761928
554252424710455296
221539511576821760
1106973136525738115
939894492146851852
989386253436850207
686487210186244126
831074114710142996
656827743341772814
911914254725177344
566953457525850123
1065743880026333255
990989383488376932
552437456683794433
1142015635329658881
541956958505140226
729337787211317321
1224274791477809208
491931254334160908
510002306767650826
309361305125519360
708306180535091252
828348111767863316
801791522391588865
560753388908969985
709759826653216820
408936928457523210
1225813113144872985
738728163974053971
1172829984583340096
557634288749772812
1052603007113629718
443142886716866561
508945674033823746
545854483847184384
1062600452887281764
709808058087374859
757614897273110621
994885651050790952
933375694170361866
500030139393114112
541913641478389792
763794972587196416
773525914393772052
304948452457185281
606831439702523915
233267353452937216
246600102490275842
1121078082267267133
357506532885266434
275002631024410634
751437906584797264
636269315578134538
901815308350812212
948815075949555753
740661014432972920
994885777756524584
1059795206758744099
406413069145735170
313351385661964288
1201886629271449621
1195401067886805105
332148660429389825
295106333525671937
481114856351858689
781142447995879424
523376380851912724
611787614638309396
1147072156715462667
833070670144471059
750688493994377286
406764356735336448
851065462820962304
802348042870587422
994885642758672396
501818609312464897
986962042411950092
1331593859272146954
421251300966137856
562324389673304125
1328827640471093248
501428264905211904
158242808719867904
548377727405916201
1082763075146502194
1412917951425679553
638782504601518089
926267934790262784
990973439974178826
643516770006859823
548448423628767242
336279298770075649
1022544395515461672
1194150593447600202
1096271928098029590
260083510012805120
221736736408076288
402958137239273475
559709763735257091
369046063098757120
416652437097676810
1201585299524956186
976558840503992483
709067373885521950
640228291646586927
1414602619024048170
1122934829365862450
1310114822834356265
817054794849976351
735430371285663785
1146847700059439194
732673385997533266
925050013975990393
813090592577290291
464489799550631946
613365669039439892
674982381744291841
685167143653736451
1188614409266941995
669000447259836421
946137534797316146
1304890410157609014
598195603503054885
1151205646461567036
998664157085847575
1105945895712870491
988672869779267594
1362107747801235629
261037386509713418
400667398715473940
1190935610240802908
663073768775614486
652974894694531102
1027971810186240104
843867074144763934
877230770362675201
279878669546291201
1121180591463858217
875130698883793018
937418258796138537
1249371659513888809
1431549903867478118
1146661148737949739
432937165794705409
259599277876183040
1043639816199348244
785168930968829993
232232235854462976
1071600870992650260
668445756482650142
1139570882088550492
323443864117575680
974559017961652255
817777507482206228
684763948301680659
475833081241272321
457515693777223682
847166078299930674
532221513341075466
1409720845936623626
315422419076775937
492359821216055316
381517383719845888
673941098648829971
1219301052017545306
533304321324875776
1247593607825850378
859380562580865024
1109076134777344080
1049228201844539393
1024671827055874138
1222116706856730687
769539459946643457
1211307462779731989
410531383790796820
266266584669093889
652590374283378719
687389952195297284
888856868255055913
277138605300776960
1024322624257527819
887644384059879465
1139309449836761128
453217947406827540
849674748387786784
1431606691283210361
1200536807905955953
978714917546885150
1011242665871933440
519182605816692747
555476820519157803
979327840099115029
1132981521712697435
590566639917858816
774718795054317608
1200661824316641301
1497927614164238469
592400751708471318
269637858875277312
1079061457246883910
634811144317698048
1107026009200545882
965291140389691483
598781632060719114
420245935646310412
906654669030449212
738118440463761531
1284153098377498634
416281131000922112
675993982286823434
621605589167898624
823955670504177704
1097109225206980698
1266790814768697354
609421226200530949
812034039790960700
351311751091978250
272343182392426496
906875102094831636
1104324665540870204
952975750418534442
796963432339079190
523940960313540608
1256563147049930764
1295854916690251830
437526780799352848
994885677206491217
470960825256116234
1283839453646815365
1064572857897730089
530391140130619422
1039884244614398034
1079003464249659427
1305866972335968367
1081167325513916417
656380860777627648
918764179077341204
695548185745293404
826459326800986152
438053430292905995
769558727669579776
834308743453212692
911546889034403870
536487267397533721
639056877975633940
341059638139289611
232522148038705162
1367921725043507231
1415589839310422107
994885701780901930
1186326235194851369
911524630848745482
1351236323108716670
550039847914700811
285358981894111232
445926374650413066
1274324510559965261
1311682330078875693
359406495370051586
1095768278762266747
934557320988479498
1124394870405091350
1371575252601143367
414090464308887574
639567198276419635
245930772802830337
324147574389080066
1508541046517141525
1156001704949596160
1065317586931302420
269205799396442122
608645963791335424
919847667960533052
1020672722545688587
489121841999249408
354955772532097025
998145398763962498
1005946029411143812
500340197016469504
533144844936282112
348829833104457728
765545072867409922
1403837013257621614
312972076212551680
484284934681395210
810158438293831681
517076996552130570
1037969961974505542
1508592319073488958
304876807272792066
281072620710002689
357054621384048641
1201058454505279578
758624496209887242
1167476572429762570
395117875095928843
538429354972282900
775529916296462356
1274688939097325662
538716428203982848
590452276993458187
643859501035814934
1428068885902393364
1425546877201420498
1325860703957028965
393666526852415489
619127328341098506
839049595350286346
1231004997219782676
690808464196239361
679364525153189909
1139080685617946655
808635801554386984
554698317263798313
1401506919004377140
1235845387538006047
478906144014991361
403547398476922887
1327587239215108189
508580012568608779
907989290343100458
476377994030743552
292664663961763840
572450395784216596
369109743794388992
1223281924764598365
854656758072344607
651360345033670666
421938831709831168
1052449322656079872
647124904470118421
469898637112115200
517376685604077577
423799878548717568
371710205500588032
1086733918876741803
251291921702584320
1232338895673229393
839587416666144769
1250696497679302728
459386681959907338
530328355514613760
637226333616996372
298562314431365121
576853770193862656
928259980342226984
745544884676722710
768173812311130122
400623679484198920
734850180574347397
256434705811898368
902282920914477106
615553784499929088
536945061238276096
1274648102699270194
549955304821882882
1218594648000299099
1345084072342589581
1358795043615277149
1004798796091363358
609106078038491146
822508920861622282
393086545332273163
1033902889925615738
274825529503252481
438376091531345930
1077579580078039130
421646462561288212
1043955147618918431
871308066191183904
783334083723788289
681551448563253331
494940450411511818
484712354089664532
920614740236062720
578125200726556675
700803919164604499
1168787279175757858
1445059184700948592
885567314110599218
521341348326932490
994885678859030589
424633468341714944
363633413158338561
748225644646629387
186176492479315968
1043653269421035560
1076768081113788466
248406818391326721
1193161508952215684
707879314250792980
868956995963740200
1193982966662185061
836135863314284554
658357575519043605
1346620708058562622
1224344263244910744
515245455827795999
1490468787055497256
751857386045571182
419483730030231553
846025140503314462
982313651811790918
243887328186073088
715930605145292916
689868566488416492
922932070500667412
299561220628021249
589077249362362415
1190335932973453322
1170288386473476116
912960619882352663
711867684278763540
483346789047468073
1363109186677903390
903292963403202561
414779341424033802
584010452044873750
871425915408765058
1338108447383617609
917696907940335647
999351699053494375
785583612736700416
1109163634283778058
317929081603883008
654685002755211264
452179654921551904
1317758350875693107
359304923738800129
450280475907325952
539401131475075073
1452708473665093632
535059284090683392
757343780587307079
1220688155234140224
644486158256177163
559715764853276684
496663844593074196
1168802200387080233
262167988474609674
320251880448065536
228675607427284992
229251460125163520
476429386791387137
1220592410263027733
1189984884727480471
1239496034896445453
1310208816016658454
647745753460113408
979722648214982696
1287390286603091999
798855937313079307
1069676273447731331
1253798480518844526
1060895581553303622
1000295783381344326
955831425540718623
952875313711427595
1238341471736696836
391221218302230530
577849915749695488
735690886922633326
1327193171439915048
1226686316658294878
534045428258308098
713635923321159700
912354116670476339
303850320591847426
641731660903350322
1134989945312915476
1225868732757315584
907341575863042140
714017755124203560
1172044861864693791
397306979405660170
1437807424546537643
698058417163731026
411541186902228992
831148583784153088
1430958022791926024
268311768961384450
140523891670908928
958246925050712124
751717310791680023
1270766655424954440
984358529487994904
848475127310188594
481570324647903233
272090205601660928
890598644766613514
954791545708617738
288646803405144066
792773148038266890
800065183593529354
376413042138939394
316205631474237440
1265232957782888458
784740550649315351
1058999972558798850
543101487396552717
1253349724786786418
1094688862745411624
810758091691393054
680894782192484393
842068015897247745
296725586548621312
535162306196406303
273522144615333889
318658406401572876
220569078325051395
478228336020291585
890488028840206376
417762748953395200
923615577841479750
1211247385376858154
852403827788349452
842138675856801803
1007579713918734386
1339696633465798667
645573173953429514
859786317986398249
1212398234660638741
1272297590821490739
851865141138030602
365877636741857281
632228419337191424
372022497102790667
868083360499650571
1222526045236887663
819963984945741895
622352339835027476
969502758937960448
624276903217332224
1446813596360376330
1187792593816399872
305303554502033408
563378719062753280
1221054695309836308
1452667822693154879
1186230628719542333
481373400758222868
1080503236546527262
406053814408314880
439406179861528577
1340377232996307014
938361555391758357
670297396017889280
1225547666445045904
931798054053490698
425663503060303883
858999129711312967
1316070380363976779
560149883818868747
1275693112617996340
373097524946534400
771832996126916645
385407475819479041
320929699259744257
1177090130113204268
291884865253539840
806253973660893227
425189992290320405
1302395239130206372
1006932329119371375
687886743126409226
1362503230885466213
1191346158107369475
484656868904665123
691158249910698065
965633884572254319
361205198711947265
819181356210454548
773560436451704842
940820734501064734
690466624242843688
754344375768580167
1350870874605093009
605127762516115564
905089478387990530
1360579435388080258
1404914199221768252
688370620676702218
1356895983639728200
789211963808808991
1110851710714396722
1139969721245106206
1452367581829923009
1033083538737733714
838577303520018451
1009640368914051214
696809166546665603
532925033950216202
419773602670313502
534572637079470101
903032645590589492
1131684650553716747
840188609923121202
243070612849819660
1024004922905219153
409983116929662976
549549797372067860
545835956280754187
737204866644049981
261513493503541248
679398948141531167
803631061417852939
529642720990461985
841984198398836746
875080381962027029
941748061884006482
1494708805101949062
708623524616601610
1410545564713750670
332101130211557377
972788554231074836
193772560268132352
640625450288283679
605789591454351379
553503647015632896
1061643387620560956
1289825711850389545
740279601569333309
1402014070215016459
264099889326194688
313216520551530496
593811169060454435
460787286653665282
579152853176811537
378233960578416652
1491872090540740778
912272874621009920
696222031196192829
757579445535113269
503534625776336908
377351258320666624
912749751785627658
882642027467132938
1210161082853883937
797581822812356668
1060660735723720714
1197044907655831554
681405025926381595
732955824930160714
358273918273978381
811561351855210516
1378401961619095583
870307238626074686
495553975664508949
446303978288840705
699265093933989929
896335447452680234
708374826783342592
695201409351680072
770671084181127208
785911826989842432
423892093719674881
990973320373612574
295514266507673602
1206988027977539694
773928215152033812
1140271892763246734
1406729283564605695
682041370097352708
1178279603165462558
751508388684234832
698632372295565342
483739246100742186
458577488008970241
318638277970362368
698901290930929756
1357756409198149632
679004159294308430
558167365469339668
1480656094127722526
1376994890214277166
932167523892342876
894664658034757642
656475835834040349
754341972613005403
348179951142567936
1194827178093858982
1420809547580178523
1366416243531186176
201608787486834688
1475780768361087049
819546554267861043
1302369136667787335
580749048231755797
459280586113024011
330961821202776075
696352659187171378
623065201004118019
791701353831202858
551247469816709133
819265560856494080
650463813140873230
1265166875118272574
927590356193792011
573187023901556746
1085568972998578326
701869000174338108
925065347168600085
346267620200415233
505415707408728094
1466228498229235848
426993087194333184
1201129079911501824
395469716166017027
842808150196617276
546003504163061771
290587512840126464
1264627310372589578
687232932653301766
904631602213179392
410161128274919426
941086330090303508
679263664754393098
826057838250033192
1068647478599106560
1088850066795663380
1481052621447106564
1128742380498071703
531732299730124812
419948805186650130
839556845127335938
1411846409401143500
1279810798285230121
1374635832383770654
1219608979659948123
1413789864624787489
378154870529851393
458996695087448066
932673181058236426
629718914401566740
340023892750106625
1249642740480999495
1346833307572371539
928373288521039933
589532948156645386
994885604682764358
1048862824950145105
1174237703546613821
1388183897371578420
987044780976513095
573108436120633346
530374193146232852
853029137617649724
1010448253625581570
1119676309191274570
970378743258423356
1167352201459552256
761312241693491241
452039182689501186
426835427140304918
869113120164032534
958767850263306330
945855258767265843
1279233351437516907
910496540592836648
771096884915601471
1018100613462110329
1413289271791718440
1258023349209006093
395903495603224577
376070530165506069
352256978401361922
829254321094393886
1169851256139939893
1267088165617795184
1208394674109157497
671768451961847875
820601716876771368
540281316541988893
1109553948190314698
990973379664314398
1322258994466783322
204324248255332353
832171265288437780
939078447806939136
1187794186720780349
1364961792203165843
788741564578791425
535700168134361090
1054675911154339891
641265024563937290
609273345711538202
518519487461326848
968115012558286868
207533785820954624
938947561161621524
1115342477159825558
696732831254052904
697130026709024839
1210629286202179657
1205538192611082310
761506911849152512
300279089271537664
1476308449376604201
293029598327865354
425223002712440832
231773777984356352
923887782487797761
493350940775022604
849946023640301579
376401346322104322
775641701213405187
1379454079545114744
472825270017982475
596674166237691911
820035738594181161
1226241176387063878
1198548081889783889
1363139863678812260
783068401471324172
268097190688325632
873576295710216253
213296224462176256
1387030218098868346
741963086755266660
273508894171725824
472316031424135189
1014710124771815505
168394699386650624
1318967972555133008
1230963709464285355
1435887244128026634
1350526074668453988
1159225436023304212
521331448888819713
1440824802834124882
1280589244737519709
1385943155261833228
519219471848570888
764864482182430721
544120086856728598
334152732145352705
1385814312010121391
694838996575977543
1058645207740071996
671736051093733376
548521668092493836
1289709129522221147
382095933632151554
696306661844975676
1276660466663428231
1319731607015395430
422075727836610560
1442755381809119273
819643742213898300
856982982389006346
744225329891115039
939076763735195649
1423245959680495647
248492682555424769
1059951104101720175
859550025134768139
422362965384101905
917040031254847518
1328398484105334929
911705160034709594
459347491184443392
528190280113848351
1080615149381107802
1348984447466209332
564796981961293834
1136349312750723104
1236748544715788308
1005060912106971207
1193357344189448392
430254384958406656
695194850924167268
495918637505445899
464799244650283019
822479973197545482
858336953572393000
1245701656008462411
751125991933345854
1058390887606001714
1405275342955876433
417038411652792341
529738549856305162
593899276510167127
1350505270199193721
1184246472728924191
1356287096415060141
633662672805822484
228567603843563520
1025378743004450857
469987397967544352
409659017682747393
1178471754222555169
1441024221122920530
794507022099939328
792468219792719883
577857110105391106
885113465805606953
752620798417698897
864242734654685234
1345805411839643788
1042106281651085353
1231268143268237373
1074341103597268992
1401957907590942751
773101285355421697
587819599093825537
424541420632801291
300534750412537866
652462904687198209
415840068259938304
1471214027291234497
1151494993983324190
854257141585149972
467338355135479816
495277466529562654
829368106680975390
1003640315921563718
347754660477796354
514454730500734984
915667017636384818
190466749861330944
1461554706185978055
291579450540425216
272695644223963156
485569106766987264
416603267632463872
622465208337694740
1288227887610073360
546622818343714827
1416094452015173674
710883679366414356
1468910991982202944
1061899054776324138
611005153423654913
817666819241803808
467930912273989634
495891156077510668
348930458307788804
599209391639756811
1021342494132293723
1178392261407547485
784155825580015626
1059844784799371315
421337360773545985
548824779394908161
777796916766703617
532298432279478282
394868007186464769
1447909536336838717
950842902072926288
1060558769337147432
1114653631019503646
827584853628813332
1018520065848651787
1005942893132906666
300709510715015168
1285315567045054617
293542202959986689
755134564254613574
1112455398545444984
483154580876689408
296130745821298688
364713894989791232
918038687223283722
351650092614287360
1289933573339611151
1082915940372594729
651088029326245889
1176776434837106692
478152166801145866
685973209908379695
285092631309058049
708361675589419008
323156603824111616
913705255026438154
358605146701299717
382754831925772289
952630582746185738
902472076047314954
891416387543781376
1194224702399451241
747516576894418981
1039509686094938142
808357354067591171
497685115112259584
1162807897160417403
465854263772446721
1337980370540429364
1413051414237679637
497005649889067008
495196156620701696
1057761270461386853
1134072912706547774
1107422271716462684
649198552358191115
866627738394427442
971432893077409802
419435122895618070
699921902969421895
404568709366022146
684080525534953580
1101884770289451148
264647960501944320
1342893023599525888
1074368464719978576
403593951522586654
314053683920764939
292878913720287232
890872002284519444
1187409865702907985
1035996195224559687
589913593068388382
698579183361720330
692020091457503322
586239985095540738
391684377613959168
1173433931887026187
981942395899871373
1177033073200738336
1246504723066917056
416576427161550848
403227128939937805
805451201755611168
1265654305885651027
829736703933284353
529663173087854604
1086032130456440843
1361302303209947197
959778285653463071
989447820014682124
391369474260860938
727449675007000577
1149414133574402178
541691548899737620
505099269779488779
700511364103405590
994885672752136222
973863891295674399
555358464038141952
885910430239834112
814139828428996618
827937993696346142
979013448946024498
1302697927785054252
787315528330641459
357118944982597634
1049619279902949428
1115972268233867336
651897598679973928
303868946879348737
990849606600523807
482962892384108545
1123280643451789423
982974380457996348
1022887120131592212
262616633325912074
353554437735841812
1380795867925188618
893217362524930049
1052322263820681287
894632860022079598
1014470102437081089
1181778446515458079
950783561416470598
344393883452702720
1324816689723998208
312308927394086912
786173234403999754
690543023364243466
403268545154252821
1390580228585160785
853876045521092608
939529370094153799
1140844591029944391
669942169863323669
742644615018184724
704629549811630080
1447152083760316498
202859827943309312
953357357642047528
1056543044385644624
706230258533269617
797736521678848050
697928791342710895
1463487363253665899
840810278215614476
786930236229943307
1288253106571968534
872213904766410774
1214964932693729312
464745322615275521
1129338398298099794
541567200478101545
309627350767894528
990989570554339389
1178375941731401769
905836465198604348
424655157201207306
1031582587690434621
470267337849831444
859672110514044928
1051336370016227328
976423481933717535
500690598521602086
755534350354743317
314832746746871808
576719526964625419
1194100992195690497
427166881942732801
747531854654996591
1068201655734116463
1168077091636527145
260812611849945091
918844498698706964
1035846212651339806
662662849637908500
584808449913782523
768112291756376084
313688052952334351
1069921584325869658
1025854727013023755
1057978231346696192
1390970169584652399
468423861244002314
500255506959564810
639452055433642013
867014719838486588
392226911490801664
1449104007825068247
683749625987072014
659876425070936077
564500447067635712
360274537327362049
434671171527639040
580393879723835392
915345340545257493
990349093974966312
749881958850363392
567372680161132544
779281260505202719
990973531510681640
799010880850231396
355370812137668609
754237595835170947
1047491111729512449
927526117315846166
688137956711465045
810176852319535195
1163069656370794597
450586585767870466
676380428562858004
309632996762189824
1054436185151385631
605073489254416443
121658766134345731
885980256677269504
1235545647164297216
695505137531224176
1155510431025201252
414751841050558464
968242168542162944
1398481453498630165
1043402318026133506
759119451144061028
838058502139150356
896065833468563527
1054670510232977479
867880166569934859
1352662645559525539
994885723087962145
967715710686089246
918962397438427206
388049566131552256
849629723528658964
681354746510311424
942676388010409984
854411185810440212
493674120920432640
1369643977321746533
384259574640803841
1232982222743797852
1325833179130495064
601331392789610541
1060224179972100226
467030289143693342
259699719721320448
767078100655144970
708351659746787421
730528873145434185
764413569906769920
899740240342843454
1122937253468049530
945747006016614410
1241833911324119095
690512022915383296
993983212055441499
1324387725423411221
1274033390852771892
722074523477737543
1008711521481797726
507957952490110986
562293750416670751
1026890484339183676
1115638254650273833
668523344085254176
855702374576291840
1109456809028243470
1376570128870674583
866019148348784640
917422002191618068
325665307043823637
1085922758875152425
1228672079768064070
1497576909263999230
896762857675440179
1053368919919972432
735515620816191578
838151047481786378
491936836684480543
1415263907182022777
1048938591029571684
481456051997114380
959399187982721034
513786049357545475
799694662825934929
929640508106620959
833266667110662165
1377638539042492458
1371213510616547374
757946893409189889
1300688569987502092
410437254004342785
1134646097927753791
1054420356091367516
556526421565112355
529717518148042755
282815473568186370
886632476456386561
1269342100038750210
1034068918635085824
283187972302569474
1000790830526758933
805690765450805289
762709568844595252
693517415547404349
345917567581552640
880443531582402610
1202230998486757397
334308718995046400
1175177988925558797
486957214729240596
1427275825501306920
358981714652954647
1394958214709121136
1460253421692256498
1064845203787239424
659784022527836170
350205611402723328
464064352387989504
1067476111090536489
403580729071763468
788488431680225281
1490287627876827287
1362826329522966649
424177834030792706
321250918588874752
1019514041082851419
733293000448540712
632616420227940373
386557444173594645
968788950116356096
352399523676684288
657210012254601267
433195691603525633
914507760912171048
770678497860780033
695730153904406560
640179220827471893
1395428825105432728
869640765888929872
1146490563403710464
744627288691179580
564550975797329926
401771368938471444
1315802603979931760
1064883918303666176
404237299950288906
1344282954033004638
834474860411355176
502460610236121118
429405570362245123
515449153254457364
647379357358358538
693086079087149068
876748132984184913
356112844468781057
416635996482961408
1056224693432098906
961508889868795934
887313537939161128
1014858752471617537
1487166533686792306
1360745069979766834
1115654505741176905
990973347401719818
941013775895642183
331384090228031488
474592446894833675
1036167415769337857
923874315743674379
1208373752581328968
285186111255347200
434659427547611147
1081955979551330457
1180172431390933113
501770838677389372
1277648027766489291
560787140900814869
579630617847922689
932595991817883679
1221876991913889873
400361201584046091
1206246967408066585
763806161861345301
1006401408116981830
760169769978036255
268476410333626388
1105034471444578395
640899804838363158
816386596382965760
1417264942251380749
1087368921977458688
425320884732035082
1281150154526818337
990989382674681896
1208788888123080735
528846068201553922
1411947370479878184
476355472836788227
326020494132248576
688822733638860827
824292213503950908
662801700213620746
405690894457634817
517673235504955392
1109794488999755857
602179413907603456
551323596447023104
1110296541433974954
408682229875867659
369933716081868800
508121360506290177
375250003083395074
461838865939038208
492735928624873472
1074003744968159262
707904668138864691
1319677458295029923
892504888888676394
853392016368074833
645882179725033484
1380532439192965302
1169580184916213790
1071082019322347540
893114852808204289
220577207708418048
814580482402549852
1401995846500749322
1231366966846034062
903552160476856361
1075847986191536179
669796641825488919
1355819146969092167
642356387657285662
443418873308512257
1244805791140151359
962714939359895602
1086651711101349958
327018182697287680
265948704370851860
648824299523932179
214812599164993536
1016599581104017428
898879444389855262
1314552013312495718
752221953082785822
1081942988038606958
585820362869047296
849703604071432244
904416002673082368
615615588789780600
1105137968156524626
724885618769002517
426069532797304843
420959520978763787
712275927090069536
752544721137565868
1196688679893209179
695185241626771526
423079557181210624
1000770010932858901
224412084849475585
857404462020427808
810510835960774657
946058809800011837
1192558605518508072
294124850442665985
531745487527870464
454572638107598848
819881696144392223
1277322996482183223
730783167862145045
1459560888913629339
756554850552250370
888720701274587146
299588026105856000
990973435620503572
851913455544172584
377730397045260288
1129488649751371887
822781489639850016
947768950844964914
509068864429228043
611461911518642196
1086741445987270717
1174382965711712336
1005859785830318080
631872717871644684
444409139494518785
952611308212211723
1298958698340941877
1194218233184669767
430057744372989967
1236779769891262595
1064628822806380555
1186790465555681382
810551001101631498
1028619707835752510
546013564012593162
324267156483080207
509065594277199901
662217445062213632
1010627010692923444
563674201202884616
1162790490844954725
817744501787459626
1261716563354980513
994885700505837599
592635469540622337
704393740147753070
539446245895307266
1363556513050001588
1322078486545829979
958680840039198740
435908575194382347
789777903810117643
927020214804168765
305363176294318081
894176267396591617
496288274898485248
827410697893183508
1420346663637356635
259356546700410881
453446970434912269
439403307434508288
1163906449534111896
859488353452032060
650737024222887966
658653290543972362
1109204404076294174
988572555533221900
814858603944738826
220170138186547200
834689872749002783
853975182229241870
151468179627966465
990989417353211925
384307480865538049
793439649409662997
990989332351426601
313318590973739009
768506445023936563
312258691648847882
920358967983636540
483874328241242134
428147760299114518
1265582881913176165
473394931495337984
1112825412557480129
1300460686689701988
1004423296286195752
913088788371218432
861057255876198400
787362147410640896
730394660849057793
747546801824989374
870188251237982248
698852134229114951
939039671437115423
943522694798909510
613635967693094912
1258768097905610802
1089797743687508008
739169470127407306
558938171002454016
1288874244008313028
886487270570487818
1163804657760620614
931871810683830312
586561088527532062
985428736075784274
1063389843176034334
393023872452263946
1307341269030408328
1263099515674689578
479611945452961792
618465280695205898
1199699636491927633
216139280853106689
752232386187755531
523077661124329473
610838258229706818
438075431984431145
663115629930217542
348771762298683394
424541221277532161
569439565031669801
730553077005811822
1073752079216160798
1142857257151897691
934829227394629633
559815618132574229
1403418433047236720
224456619310841858
1093518581062443058
1058098634207543306
1337138760512442481
1501893671333658644
623096873967943690
513414638436614157
972421081853988906
825318443154014248
538710166019768333
898064796979691520
332480015994454029
790973188875878492
1162998490255868025
469461779387514881
623850475091132418
331170595138174976
830351833011585046
685458143618400257
1370413296733130905
1240282673910513717
548187605452193792
1458427640837963853
760901684515045418
1162419848454873242
1385241501575020704
1429355394416906325
969874981569843200
1041002884701106227
347363592380743680
660893838432403496
1353836514160939028
838331872530399232
1148497852344041494
370583834322010112
829638909372792853
1451080525895958581
538242058154934274
263681929528868864
469846441846898689
706799938184675368
744745793294172232
1329038301159493675
891556305066668042
531592301718536214
1160887646197919824
1241761453258707045
565192125466148886
468721645314506752
1144996172579217458
1304497079816552478
828298352184524861
911807680685953035
1173326574540574745
566310896050110595
882555124348780574
211149368495964160
994970660793225378
539411400301477890
576680435988430849
989535250680000583
333504348741173248
642705173634088960
280324719197028352
995041799129272350
277549721273368586
618786186441261077
1074618896860074025
538322583490265092
1379057551605235752
812034614531981324
893899878172860456
1183435925993304175
1058112145549701150
812023948556501004
997399124376813658
877018945327079467
1390328671390269540
838386970602373160
837208788518830080
937460622851977287
1448614432744931388
1193990937894998107
824617224496873482
319529051385757697
818896169823895562
720114085487837184
543069214060183552
1360662957939359984
373879055529017344
690267743810748537
1427092566473703557
1192993627010515187
655607659126325268
1227228382455136396
250598462817566721
1040243163203383306
247751535512125441
1192683814779109518
1187082585105506516
678259208021475359
1138141783835025509
921723594357223444
934029446577520650
325930097972609025
804732667697954887
1002152028249796699
377582618738163714
567766757880758302
142206408518139904
208334828020563968
1169572272441409646
399506424994070529
999355636489932820
1334069960573714540
321610907039956994
1304444116985315348
542329670578864128
662210938983809045
441210866394857492
267239504996335617
529667008103710751
1081653600448696471
937297458579525663
1256576974420443158
1067469960332451881
666341696669351978
994885695090999296
466268349735632928
744588914349834371
631868568094375966
694969518178435072
629742130755141652
1167895634737635461
1082603284570841181
1495516532493516921
810526260191166544
315163629299433473
997137735510933544
402128399071576064
1203067428205232159
747372970078371841
1077169612082397194
561112720125067274
845404123754135561
927894510921449523
937381788848914473
400382017427996672
931890093575262249
313928455060455424
839156285098164229
1156121457320022046
1069914204229861437
799203345172004874
1490467783312412702
1150080278765785149
586170771450363924
1197822275731337272
804980139359338526
411219124707000331
437930628063690764
768175344271884348
1360644355739746344
900766631578468442
564020456274001924
311131534969143296
1133394554670821456
1413731355598000210
291486846410686464
888193866455478272
334890339351527425
717638266643546163
486590054974881802
540478898790596609
434269888526417930
666247840242204673
1193706552033554484
278909207175233546
350176458507026433
483679712170868736
292026975965675522
913041975526191104
271317224701034496
1036255600058826823
1096901741489963140
1162838653937131611
911708286422753310
742737909752528947
820252355478945832
1475447993468457104
482082199248699397
1005422909147320390
541179055630974977
288642882662039562
277438369808777216
433223277507248128
1386336044387012670
844136563947733033
742732588900286465
696439583432376382
1069145807477014599
1192231005810077831
1116758257910947853
291181690120830977
929811311288803378
1169537445700841604
769254333199417364
250633618739822593
1022539873648918628
555051861116321839
1497282220057169921
402849583673114625
415177710864695297
531742380148129792
1399328852857327686
568036276230422538
516531694379991050
822374185753509928
981045871682658314
89433245996847104
1138139966862532608
461845256569094155
1405171910072860702
1086233650170974309
750073778641305641
852585260616384572
431498371371499530
994957878374965248
1359930454219952452
645615877915541554
439775204013637632
764860859583037460
1281616435315085372
880819285314908271
677516945448501269
991857758817226823
1323346994932224042
1035845205183709185
884178259410055180
321656646210158594
731693802418602085
1171832415833051186
340572567343726602
1371731417645449297
416248531028803589
449184212994621441
1384559308108337152
1300912728147234846
937788259038285824
653915070551687168
1174778213696811150
1418984733282533406
959069886322192384
956250438158671953
430018150617055237
906898181508440064
880935639820931082
445599681578270760
1477987463103516797
852573218099167312
1459733938980393094
1127240714674257920
258193434605649921
730864884526481479
1053323731172339802
848264728971182081
1320320021066420246
243846257666162689
469448168254210050
374520774884720641
303546728228061186
282255633892507659
882330499438231604
1195596033967796257
1076826275353739364
442054559553159178
1024917636347351061
1168623702594813975
402254289088806912
1316420360018854030
1039894876608811138
639103270950010912
429171644469346304
1330417130277044287
1160951491973087273
698152711018774558
1174190451314671628
523491884396445727
293716736899940352
602765288018149388
398056083102367748
282496256717225994
513465998024638485
549514917435277313
1033461697995866112
529537808092889088
1190294414908723211
833369372092792912
1125510419709177868
1100405737441730682
603913154539421737
972604140893110342
526037287478493187
1433516599368876226
342203919591800834
1198351573647114342
540554768158949406
324599692514164736
381868673339752451
630418113116110867
1476285141352714424
425312555565580288
611996100311646230
533695491590848529
849557779303104524
381524805494636544
1427593793443729448
597003390563778591
444100816538697730
933716916764299314
932194981794431047
577929056008536076
658634645490892843
452962986387308574
927129064312021003
521055385508118542
1019966252669730866
1070038708876738703
1414578721335152782
475968294218760194
936274011887906876
1019939366308687913
504989594484211722
956478510136950804
369170825540272139
704733143956979763
579635020008783877
665930818476310535
1057588296055799859
1243112593581932544
897757315938279434
566965093108285440
835917467745779803
990973316128976948
1304755802342686760
513345631478087690
964971849547149323
406608572319793164
1284986711100755970
894624674779115540
863018047459688488
940591170382352465
1403602298571329576
612757451669897247
478972621573062656
712020083534332034
934443059360464937
425713979914977290
399517209648693248
985574480254472272
1187573542406074410
1412169415348191445
592381751955816448
920654430326624286
969659811497136198
797434698879336489
1049013771831615609
1171257462473633953
830866969396772885
866015898934706177
1438480353428897822
800757654305374248
409260249099272192
1047835669982089266
532514973549723648
1033483884349890661
599873993654272023
590599774269341698
114324603504951304
906818993669697547
532761799066517515
703938438331891743
1114846232813240381
1057150501319356436
1188340151626235934
433277386553950219
772445445959974972
623475983651176458
962427680089866263
1314247341729124415
1301243456156467244
820347878799179786
1104878063134703686
398291248525475843
1089187303848689724
1279899652786880515
353861782366060559
862040119354327091
937709658850852864
314124296320712704
919983662869667910
1018927268619374695
591542316729237504
964155731836289044
934176597949427802
994885668025159690
815605856615661668
534064243344146433
618851539678789645
1507357060172349693
913794573749321760
1370334398158864384
522381426360975369
978891282061623326
1140219558842617867
549191689408086022
713449146383597658
1076818240577224705
1421420909348126851
399954181156372481
1246142376607744021
1169518891064627265
274921096233615371
581551372370051104
636195690325999626
911215144300859463
1151218498182328391
519602412017811487
393731440241672193
633780061925015563
590538451774865457
660027489522810916
899719471294459994
378497572504862720
942414711553658971
874265565739491328
262245822786306048
1047946330418466907
1260700078612549634
496745150471602217
1317128340624113755
1090209048068100146
1040269144270053486
1411579338532585595
1110569443236524235
528565663435063306
1270800047532933211
1071487735774314669
691388550616449082
547201008061775904
871719329954168843
702570495715049522
935855466658029599
526444443675394091
1403664556391272489
1433878508463194208
402002047546687489
821600784202465280
1137677827169333319
557824867500818433
608719145344827435
995370429801836634
406437588673757205
720974958074921001
645323912607170566
581086870952476682
893043976590995476
970686472162258954
671303383784882186
292537210409058304
584233156396449793
661463733872230400
396119340178604032
1114987730326257694
403982191429812224
679776617920593941
294399663103279104
750040516581654636
1021149257396391996
804597629387931688
1152969874939838575
404718648276811787
980886761150513152
661460266906812416
346305128510521347
700646727279181855
1064511219060461568
365065243442937857
681088328359346197
462942437711675392
246638619278835712
732305705763078238
829647960006328340
560477470264918037
551110526210408468
1032975271579615262
672861053998333962
809518918354862101
691695475266551819
239832913766514690
452881619284394006
283944522805673984
623941561683804184
907687365542309939
1307374743334289410
1173271553790717992
831094667176706048
898500794104573972
716986306273738864
445915228866347010
401770865219338244
297016523342479361
692540446617894963
1244990449136177177
730797974849978470
880758263354908722
963455329595707432
856116971964071957
576816792849350662
238749423000092672
1384971201318752300
1392782944938102815
1329901717306998854
1034160758071771216
490582823334314004
1438108244424917073
515527726745124864
432236496238411787
1167506057770311760
505007087840133121
990989611989860363
398222547684032522
1204345375717326848
1180100369586593816
975458521514668064
802233611323572235
1372958590570201088
560864207961063444
916612050908770324
546027741334470676
1338878056135135325
1196814063120941081
1193964207725617273
701896804047913001
958022543703412766
1105618638083457034
510154777557073940
1003166629011656745
682711567749611522
292353351964950528
533920075250401284
727251780047732789
599649418102439958
790837622363783189
1165200580294230067
865681343613632513
1099201661735542825
294838579463585792
452081816048893953
1067881730805071952
1219721485724422174
995719867648970772
498250003853213697
506538334814863371
358978644728741898
943709430246150155
612568251662336000
1457357251047063603
503959185038376961
1063859463175544902
497772056260116490
444140064445038592
435394680495276032
1051552050686742539
560758983615447041
1117513607861784800
1000109816867459172
1052596307715428382
287970932918845451
480013077694251039
1286634293384446016
366510963370885123
498890615187177503
676828371317030912
464374256495624223
817433237902065725
1303076275170181202
705810819744661588
318390834858950666
904825571752693801
467063628856688640
842388862785552384
426815117666025473
1426293106730471584
1342202797927436309
504625280036503562
886985030939836417
827138892238028830
903207011372654592
1312417698897989674
554373719452286988
385040997224153088
1502129807801188372
467834305486389260
822546687745589259
772497781574205503
793893460376682536
1188594325500743801
1325065327549222986
636493030806913048
997903356557267008
746292388636655646
438046886931333130
1454121391229239559
938263069522530324
482148657773150228
900841148719980554
980062103933177866
437169906782568450
1379656977675714652
488261569202094092
793558500764549170
1319746639388479518
919584117354528820
939244334216278106
543755703723229184
358937632329302016
666643294733991988
966349147840065576
582452672465076224
1074957479835865108
544810334247190549
1295725311626838079
848154720136855572
572082166129754143
936651016609349632
739939811003072554
782122216347009084
343430044623962113
302123146994122754
850645337613008897
731100021562540073
1045044367695548527
434584355197812746
1265405870603370707
778976300525289513
786399985750507520
340738221128417281
569961034811572225
1276936860631040030
815920669241114635
750193554629853286
470675058961154055
953282245014208513
445672317800939531
975739435029233684
676060981004337172
887269408945356812
471083380042104855
815215444289519627
1043631351334719501
120983163831844865
483003354663092224
432926157218906123
660901395842465792
808656687867101204
1297799998636953682
1434709754261016656
865987645691133962
743190565180670005
990989515357306890
990973345791111218
751466160150806650
1406188881912791060
273150892985942016
636913327347466252
330724860231942154
911609958989168661
735394568241020988
630430832615620638
1193179709547233352
438964869471928322
1135232765835624498
1190288139374313543
308266654385831937
1321314939750584402
879745857484902481
826498878474944512
704968020346273822
718475002609139833
826174115555442718
664120233610444840
898261091602272347
204943073900232704
1429135194262212689
294520043914395648
241946051790110720
771632656525426699
1137276424168947743
858051900394176542
431626005149646849
1136279006577172520
727473325181370439
433238564361207809
1130490171176009740
1048616167285203106
255707151253766147
1169528261462720525
639868514701934635
887735221598978088
334582517401387014
462809278001053698
1094104119138058280
804338720471515187
1205234171434504212
434431510326542387
961317903066611742
660398084085514250
1186655086819147776
1291731281176170577
601512030909759489
776725162400940063
329330841039798272
1208342477183127585
1009024074325962765
736199316116340746
352682418752192525
540829348152737792
538578643111378955
1144594693997469757
1423113234042327094
711286246223249429
1192023558940008448
908325354828079156
709698192601776200
1093962626125545472
652218369587675186
459746878100340759
1332803032538419292
923250527461060621
392790848766607380
831127535315845160
329638790144589824
590927321901432907
1082648327327330494
1176783414968471634
1266747757742395437
1462362909429469368
1225089983992299550
529776948918878208
489822606891941908
1170443366115328074
532873793736015902
1144930170688524369
867674067669483524
300163921585766411
1281612663276961914
781170647451697213
820575822623670322
555778722620243978
226684981940977664
967521358235971624
432378113624637466
1227845560107667480
676850759509213184
411225530264846336
1451298964992167947
1480328012301074493
1199078730849591430
1127677529994571786
1191695899991216129
398460820469710860
939098509976698901
1264294958911852605
428760691537870848
1403589273076109364
696627871346720860
498100231490109440
293394654395629568
836672250870104144
757411832259543160
513776460197003279
807355002770554964
644073277173792778
1371210257958961394
501469997143687168
1500207341583335455
479626445526794243
1415728124490158080
543755688677998602
455332587553030144
522676106344529920
958699695486664714
1310123732173324319
696441690029949190
798881145324175380
1192541962478293032
1199971460765204572
1254499262910435441
678585421499990016
503646295714562048
1036372341342617611
1190657910997520394
873938022918422598
489194633700835328
927979171685212210
1267258704734978128
990531880849911879
698593113232375930
713731673652461599
317331099267235840
1191456477865578676
1449090606587707578
1336007450448367646
482504642064809985
468878612368719892
925707484616855582
337413626619232256
329166459517534208
548104519511441419
433302495834537984
1385268420484005968
1223731170047561790
407923849754312706
643055690981834762
1058078348728881243
582272982060367911
212529192158363648
903699840230383666
695126886275088396
445296175021555722
313652958099275777
327510309340315661
1057039675904241778
1192488129379184792
1054943941885165628
916375890995339304
356016937899393024
1103512389481148426
870597245328846849
1120852122527879198
1168566829095059546
935027424628981790
1198336315943555162
665137717021114378
1485047496689451182
795943783790805002
662344002372239372
1453893542782042155
909492938843775006
1126094709635428362
369154239878135817
1091374280396259359
819254686845501500
763134790261407785
1098547080236118066
949260922633994290
1430952480878887184
1389874893717372991
683286699538776096
1351196375156785152
646673166726594560
416479043194716160
543370239857917953
1169883954736812038
296642404767760385
1395094848431853809
1434275198764581040
238726312523464714
1304803181179437081
559074134810951693
930509625172832256
321999407874703361
1083538789772828722
1346338907972960300
255671015131054080
1420213543948521473
549654427326349334
796718654989008937
688645470255579148
615540757423456256
900762461668532296
673536912010510366
500741991944945695
948215980428001350
644101682141331475
460466492043952130
364852134535102474
1089789750614953995
665112259474882581
503254209999929365
272416920832049154
1258782119392579765
1185936893146304576
965748067636760606
903795125157781554
470253744089464841
1419388023434383501
1047279447147028570
848311615043534869
625369396591984650
1171429407236309014
1412529352066732073
962654376088973383
1011721613235986594
416490739225329704
836960784663183392
727171865596002383
1078690909274779768
967524380160688179
811631208328724500
247453776649125889
626829144071733269
1390628161196392508
803261525661450282
585842157588447242
933732481230835722
269217506621652993
623167479144906772
742621805604372481
997865604079955999
652971297751695361
312250237844717568
780069154542845952
1245113348421320828
423469786043908097
1095854047178793063
957612571685429318
1400876167564886118
966564986409332736
1244894742052081746
1508139086517637313
715193081468813392
935376087624605746
244018656147668994
1054719472507813939
764872152758353941
458411815513358337
676059492773003264
189376621474480128
1002295981301305494
472671215363031042
438374506449338371
698473501623058463
694210144992755803
428520769719500800
515588711061389333
1190845143754997930
1012333764862554122
1104749143194345512
484429087545229333
917471337629495398
1057723404180000839
806781259585683487
490385436804644874
1205116133037051904
651014950898368532
1219934753021759540
936341318395916310
785551983300837447
533991374991785985
509340487090700288
981614533510578176
828539744182861835
881711595552653362
513610719195955205
1490092031312396318
539818785205518340
383658141478420490
755068034783379596
240915537771626497
1063078991256354837
845552615730577409
377010075157659649
637649374041866254
1172280535561818174
1452357343869272094
1363618588489158899
1068932505371156560
531044858215923730
946384151697829908
1301578386912575488
1225448418575519788
923181974447857725
383884038013976577
379606388009074689
517209480010661889
779978364249047050
267313410755002379
940940200526372944
770904508959817729
1036282988822016131
1159970566648893492
447019780424335370
691262901222244412
209360708230578177
269081847282008064
1007688645408460873
327761809241014272
509622227008880650
1202991548665438260
1137681135141388408
427795157992341524
891278845204889660
523133580197756929
663748244374814730
1281680718115766302
616578549721202689
782127684092297247
301246247866728448
298784301909016576
608311631952216070
1397954538136273050
351349155526082562
961680483073278003
845557025924710410
1067190427133939732
462259348954021890
888866433625378826
854009995360337942
996499096636506234
849967706287112194
983024749686972486
811756021936291891
557604115585171485
366627022039941120
1054119490872418304
1411298733479428127
1050888954385281134
862327663729573908
640810517111504896
883799278227685387
1189600570458247189
703774802439045170
896993327235346452
283334217432301569
250653620133953536
522799957011333130
342951400042397696
536586379761549312
930850044322644018
1454618534549393480
214708439086137344
884387084679413811
1267129959621591062
1481805004904857738
1010239808376938618
1214612566114832496
522442508622364681
881820094844510238
476723512091082762
1081501492135084153
1269304927096934430
862318377879994418
1397152235649110016
697006002377064559
1262076989506850937
453289439947653121
1205792376770142211
442036460095537181
920535807427772477
792091176063729727
814027932480569344
991192328716947609
876479982111703050
875467651508477983
456506047826362385
300605542244548608
877128353579163699
1038868925431169044
972246951368200328
546721656396185620
584082380302712832
833132469036777554
1272870196478087184
1134507547630514337
1233067021072072758
761523724242518026
875368682002448465
677565980603449375
1235529338594660394
1144069044559937698
416558774963404800
460754883016917000
996503402039234641
846164982428598273
806007071895191563
870940969665691649
1187770880705704047
918472850606792724
513762561091436546
1241825400141905934
526214014431133707
590265285211324437
863101697420427264
657209583919431690
1392249087272812676
1068232125591060490
1181957036603342890
1131175940609810442
280748376750817280
404901237969125387
546007098916339718
533613658673250305
1265282577703637042
366616297653403649
1106041837292105789
226326413693681664
157507730083545088
703695846276988938
507520592388554752
297797244663365633
1431430819439841345
998532872531083334
264730141874192384
1297875634617454642
229648131757834241
589745837337477157
713717601468940388
964827301277761577
462611422141087784
1460028956894826658
913680865849131018
838295701766012968
327906723740516364
442631986545164288
411916127812452367
947022836428587008
1067305213549084682
1508908516230955181
1180422249015164942
1113765151305367583
442436220622995476
765718784173670410
957218293343719445
1366421513187627109
473525995564171279
812160837628329994
298563815048478731
915266130745114635
980107026799673404
938730009672167426
1113364492705857607
724610051024617494
324229116289089546
996787348215963668
1113456249678352524
881918708308660315
1345068353039110229
644896064750485514
690497235850625024
907336072558678056
441923524295131137
918096309129449492
351723230328782870
352755345279680512
858690843774156815
136138852493426689
1167181839165825096
753847286668197968
790992369918148668
1283507772335329322
1398694519901261925
1308860342473986089
465790119144587266
461593015723491330
830296419508158494
1021833784045346856
510096683338563596
339446503796113409
365912114034114564
1087990836639318066
807319829149253635
332846477418430466
549474942614241291
369263755047075841
677551334899318785
746796817232035920
1199395670713434117
602818657000882216
933032377675055174
482815287838900224
814673475423043616
976108561799188551
1467251401179791595
577153364756922389
1256993859175583915
718431444346863627
428179347359399954
446682796325470208
515166679630741517
885521707178266626
612195387947614218
920380533425455135
994885611997626398
391123312828481538
631921163265900564
1105393381468807239
510580136748384259
270268251424948224
549308871311622192
828489280010846208
1413967942114214009
859423942816301066
543101281355431939
1157015892920639508
1038797633399029781
232774634267738113
257855144933195778
1342080820785184818
1345087635898499093
1192933012669743144
547452103841284106
481039932215918602
321707011601334272
756645675189665812
382179996678094849
834900609693646880
1043899111763615774
807989024294830080
561116521569452032
481911859100909579
397056880054108190
1408763202652868693
383665264824287232
1384260638871650397
958080616757346384
669543179267342387
1272941903222145055
518387442915737610
1370054335752572990
1466729426434785434
665856297115058177
1090679412883718235
1086525292476117042
930119708269764628
442416302380810270
976563600221167719
755547395533570186
520295089021517825
483367265233010698
1177974887520931883
1395090382458458142
357205488183541761
1453780345190219816
1004730952611807284
218776286829608960
1123336305296818176
352006602448044035
700989889969127484
1226204303400763392
363694589858676736
467714453354446858
965272295687987230
267725792526598145
1272344087147712657
401034351825125387
1055121379168632852
693845808419831878
1491104964851007771
1376628614593908829
309738387596771328
313694961642110977
1170752987744972854
1342971888787390666
757153180675997697
1373732031388975157
629308605845340188
662315121401528320
929366350135173131
754759342192066761
837763875096363098
374422271416205313
670264802278637608
1252338305278808202
425709625120129026
1374082516734050406
661878266034126869
530373205517664257
1186216121754468433
1187466576610480171
1346894390509048011
1140561945494298704
812314536942108685
988055314798641173
482633319612416000
1214628959233507350
947512904800935946
1477998335569956997
619150102807707650
334355124073922572
1127581539497156688
807507987294978068
935542515942174750
1105502479032000633
1060623273710325770
556754250508664865
1043136712349589565
1046419545302237187
695135326921818152
812524958261444619
297929763937320970
1456657083628916820
1303788106041921566
990973448199209005
1176183981272748073
693855007468159037
1150399573563543643
1210856868348563459
312186081388789760
1045414833178288158
789847622411223062
543352826839957504
855099082309369927
365538764547817472
428448028341436417
693137746382028840
1075406751769317506
384826251417747487
999004293518590102
1185888399475867679
828175631904800768
374602882290417664
970032484748259408
814716396164349972
1509733442919858367
474174014248452099
330029598865620994
777818240033357864
1121013116277379194
860177172560085002
591590533772869682
514820948898349057
689550362515865613
320122967763714048
1280783402076737619
1402683864815501322
1162465935475613716
522833942492217345
306902388541751296
889149538399567872
959427080393723904
1113485308151988274
1270396065312673928
1243606886079528977
714550372596711574
478464553236037664
520166145014104065
447643422858280961
454300181991784448
699364459491360828
574632245164376065
506816924810739742
707595027928580166
748221444567203910
1327994579571708026
851418922808770580
1074489596953493506
419058491517435905
1174184615624310968
625597564502409226
572382651676229652
341876581851070465
1084527803996844062
249918485574975491
1311833429930807388
893460715120263168
251734941086253056
1028191366695624734
259967024690757632
560544623597191178
301358834499321866
767464475049590834
1058441071639678987
987423434055241738
384774230677651457
1232289947441168385
968889995999981618
543820611391324173
438999228447064074
1186311962112561153
802689063017775104
280954933610545163
655677732742758421
646512321002209292
830517367250616440
1366422410936713328
1155540059018248212
499864871928725515
1448034859435163770
1426148338985734255
1134904217534992485
712102780768092340
1386376458431369277
990786248991977472
408249215857459200
491163192890753025
679067040451002379
441949452610306062
935133378339016744
277787034326794241
1413172580608774407
690204831159287813
753596318974214186
425921760794378243
667345623531388959
1055159100780073000
994885749277196339
348090059401986048
265891363147481098
1128012903279239230
1330552499676905525
1074335708791189636
204261129520676866
1182291414520971288
945629776956227615
534048091192426506
427038494159011860
523779333718802432
1188940671298572430
835459558183927809
946128730391216200
1442891455269048322
961653917580677130
818041638994968577
959162817167126528
651195645281173524
777837358644330496
629701941273821184
772171361723744256
1027943849479389316
309442648471502848
903305779707260968
439479827284623381
882630933432393728
302464547246047242
540219718686998537
1231205859321839668
1254936077903593512
450247183799943169
816742513977065472
469514358070837258
1167884643845021761
538358865427955732
329923492629708803
384062094594539520
1417143239752028332
796012659283591198
1434585746244898887
490484914245074945
367335771700723714
302806994119557140
282788508215672832
456409642520805376
409454645614739467
409591858780569611
504685227520557067
1187510414821576746
551447694439088128
466120653427441665
1054790685594751086
1049902373683875890
503485977533218816
344887930038517761
857890895223455756
693693363840483378
677220158221058072
553231844489822228
1404803226821197838
1131867306276966461
320826522548043776
1216057882592678019
874564523514789938
479248265326624768
1091025313904984084
994995664746451005
549238012723200005
656129956597858327
399193337287933952
699191655248429116
1487234536596049941
620710524103163925
931992869642846238
1361010530814398636
1298965561144901652
323169226250649600
723190348049809479
622830736960913420
541175082278453258
1175516651479908493
721390423918116915
548844335102427146
1336395205846237217
345231557109481472
476807789163970561
601317540362321920
1370789769021227008
788104135617937408
597736005637767169
506894482898288661
1000735357370908732
958998424110391296
943424342052716545
901956742018113537
815676726063267860
1139319139744350388
1185943720676298826
994885538907689001
533692054694526986
423873153710948352
1362513906379133110
1189530934756778027
373113503768117259
278913697169276931
927166382104252437
1368615071315529910
1236617635383218217
1386684004283060285
1014747030196850718
836223269740740630
816724159681658951
652964354882273300
703587528044970004
519838946285584405
938408160534872095
1119899027824189460
988432928147136534
528682688169902091
688648397166477322
948981954483744818
477084272738697217
1206235906470715404
1164983514484178974
731018544707403839
635565741806190622
472018107930771476
708753189998166088
701770169843712011
851407064113872937
866661814153510964
367354947005841419
596422284969902082
942041984212795414
1434167522080325725
330426835491880960
725775520129744966
500761435421409290
557531842639822848
814018148176756757
843172009964863528
256849160911847426
291931191559323648
535836690540003328
652451394644606987
1353422723052736553
678243843942121483
517325497835716635
525730681704415237
979705978016645150
475147362155888640
1238959982926368844
1317303919713718304
1504918620281507952
450328176862822411
230304282111508481
1147581214572675263
502377644080496640
695181597741285436
104831854154113024
827740456502689813
1068640196255567922
1158442246287413389
561611884529451019
1145609658803953747
613471349578661924
607267794257444876
943859525797167104
852802244838555648
820422624655048724
317317296194584578
837329734232440883
630324739281387520
982796508283940926
1189974620498047129
1015174208738824334
338051999847153665
875312529621020692
950653553368784896
806247013188108339
1188638707062935594
490521717492678667
535829828520378380
1123216582882111488
1421073517067370576
302433739403952138
545241152501317633
802572536449335347
515931929539903501
965595505394585660
264707080768716810
739867469912735806
409318844981706752
292701442203189262
1356689862664917214
787247478760013835
220197031593902080
776346918346424320
1146490653807759391
890015207303295036
1192873008151400512
1360655895805038875
1236369489696784507
682985406610145402
1169825733691052132
707982402550497421
926833389028376616
755369698081636432
287247202911256576
647440540375449613
1385012987546304625
870582404719464478
391980346935345152
571029114450870293
307485748855046146
277804164799660033
478232181219524608
395955985451319296
973833633955721247
851448373265563668
1480550126794702868
1098564864542261330
1185223599817244685
1164083881591443477
787307029882208297
812691539137396756
764534765864484884
797069813184462858
1364088529545728030
1203627094920396811
843210452946649118
694199534384840734
949990888166281246
958063581956550727
312193036270698507
556232312019484683
486158044808609803
334377000808742922
275288267270651904
1262695640274702397
1171403465256345613
407660530866585621
416675493857984534
733310892959334542
1441150991851589713
1063862562309021717
328405632770244609
416585658455556135
693133659552874629
1134168077739770050
1410727645091725362
599964884435730432
856122231302127656
1074028975384432732
540166616344690698
1065651520739229696
1178811838666920099
1478105925502894183
1088538779087802378
1338172344824365146
1048613686614433793
1079484443217109052
546349174506127391
1254159059469209736
435031541782151179
604394315711512577
692007799571480576
1272448582372294718
986692246449565846
656899848108376074
763825667934519316
1002268766148776057
433431870634590208
823937071601287198
527906085252628480
340919949297975296
979343094191362068
881439805962080268
682896363343970316
1238938751808307360
578528201647849483
707167590199328798
724538037849161758
746770431486197841
301882750301110272
1390020245044854906
1137765670495465592
1150169594049347615
673090653638492160
1100834402893836470
853182429274963968
1179674405895405627
1030528747079741490
822210281697574923
411246018882174996
319549517823344643
593690341161435147
779858335758680095
1088499993058488552
658255754691739649
912826051145654273
525642575198158860
1233711064252940344
817085736837971979
891796693308293170
571406988693602351
1001437874652192859
626665480354004992
1284932588271571096
1488122071404773528
408246496673136641
764181059772350506
949410772981809173
621375907814440960
254221512154939412
396290770618810370
1072809842873487440
536891211164680192
996462029038702604
637269490190516225
881848639864057916
380667093051506688
942016946403172362
789865939796885505
876012128006467585
905378087619936266
402724397062029314
457593142795829250
741561874184667216
393221974870065153
990989346024878101
486578105792725032
513327130013335572
567776494869413918
767630458787725372
1105478219500621936
262297973004697601
1187418629189406810
545196336430186497
402453582814642196
1084137941514854471
644975178824155147
1351332937760772177
1154696454863077396
318043288718409728
776396056211750935
513328201913729054
482993622334177282
1139577886299402291
462607724400607254
897923259952168991
728970643189530624
283276949713977345
979591931820642314
665144115943571466
336413007749971968
1326084127447060592
1316316938938355765
1390442606240071740
1046498278646235226
275547209939025920
1090845535327498290
897917747118346310
577862538931470346
698515196083175435
1188449909616164935
1017917842714263672
1371659953109995613
1417555709184311336
614108541195911188
613044224606208032
651051585505329171
707137413608243240
1352232761598939210
834058628456906752
1005935237211095210
970755703205679145
603879924557938689
1003905941361664080
1156632451339260034
1440396600693227610
764154188498206770
1056629749474136124
613412709567823873
1192607519042981939
634426200718180355
656109744804593665
641645015709515806
452754075872919574
1214878405548441614
770666156604391464
951824651376525383
1095593599556649011
881953898049449987
635898710894837771
295550379729354752
1201236920936706120
553172229756682262
463716167845150723
414752086916595712
1214627037587705927
1362823121312153721
512623902287986707
608685657333825546
731190591941115924
1080549407281397902
724943593089007657
783549933336526898
693836699779858573
560406383384854528
855850928007675924
815526273786707978
1026192455718150215
774890409742696468
745673777374822587
638424887802855434
253202966872457217
341317180593274880
918202258716504094
1030236482851590144
385821122295496717
939806649500180511
286602275193880577
1099304905761640538
266504959930007553
833242079306973185
486554810435502090
970293327268294686
795272683138187284
777765466348191754
766699246535049226
517298558936809472
997768426179285094
1188696846424616961
478584208093347850
499977144911265830
617338863639199744
1192333137733226589
246752679513030666
420994311845445632
1195404754344497154
557511032357257237
573878535916355595
1300184130411171900
778273279067947050
1056525827115843624
397429065876766721
479283579764080641
1064974050528604241
1076123315153940582
596524310013935616
507690919999569921
1380840577138036857
1078052941921009664
417694586916306946
460788579115859971
437914180310401034
642002329381502986
640857047335960587
456022131155927040
395202006438117386
695331505899044944
1171417397840846875
830836186725351424
613463889941626914
1177009444769513494
1072571860325236878
950521089245708328
815096343830986802
1275519743100719179
583194454085730317
792042085577523210
865131580480421898
1186980795496288349
926169624897257472
954013762183135263
295169076601290753
1139186625700691990
765149765746556959
279674870638444544
1138849484634341426
1459225544468988016
323179469726547968
1213529793950253196
1137755418169450536
303860427182571520
316555578581188609
740986414354792594
1046086554554216528
1351312661446529075
1074707891157729361
961255715450785812
1345710277982818346
871643942830092328
1354864102769557748
811926772362903552
377349785285296130
859500665008160808
617654463246893066
1042919195383451718
791301354806837248
384101941959196673
338235314260934666
1141621168789540916
1035570158879641692
1052505745293316127
723867788007178300
1124757579701178439
1460207798838231134
587956936750792704
679634656718749715
1027038560014053486
941265326061015051
1002951508645662844
886278955202666528
938105320742486077
866004140164120617
682604729762971746
596777356132089866
716945765884493855
1027239742326198272
820308656674832434
887052750574207038
389823689136275456
1119581243978297407
859544170560225301
946457503057719326
609380566000730112
803660640199376907
406157766797819926
1111909514766200903
832610157111935086
1207738247388860509
793912127911755837
1294717438511939608
1015566054040285205
287600322657124354
419770834073157645
1072450968605696031
1072568353199231026
1288134341221814328
1319777907408638123
955436294228549643
697067007769837588
949203135652569139
305375980179030016
509038804904968212
1021302577763188746
310863503143731200
1164259462756970549
796630999915167744
426025948534800386
451397920252493835
1014899369046196234
995818294575640658
1254535187539431596
994885768373874778
435103302481346593
1169891610687967292
680279584339525633
357173919373066240
256099743854231552
530407529776152589
1157267279768199240
290389835821088769
345948122855374848
1411887342418923651
167474198908764160
695533186590965771
394581739747409922
931578492116668508
971724113167151144
708309417552117772
848276018498502708
335370786804334602
1344421763689480345
989140400386224148
991660501773848586
376244175538094081
1393299530828615697
918889472798634035
483648359362461716
523470889665298462
341893663435259914
356083291759181826
234010884446355466
891005739475300362
1157551583115100200
403883418431127564
1039565003600166942
848476698554793995
594236808338997260
727530328528519260
812949195450482711
597754210980855851
408581071400337409
1341851083533848667
1451548527200047350
914406019453575248
538266637368033281
715508554227908648
756860010348150834
716219038128144404
911122402015080448
1192566819664433154
1056628363579629629
1052283864325820466
1455843082955128923
1218119014220562455
520952530675695622
476729655643209739
332551410178719745
1450142494259155004
997089742397116517
984490590588764230
1426012602324222084
1031151314643718185
678396031607504906
993268421141725274
359376943738519552
899591366701637643
460031192931237928
967390895446048848
939428755003277315
533726189689241603
1061925308640538644
448025414934200320
349496734508122112
971018289096577084
601426408379514880
810243941282480153
1320365184686231626
1445024602131796151
1115065792787124274
715646414285307904
580829881198182424
1172297377693048894
873106054408458271
1092097587718402079
938135835046461471
307160078400749569
384821654657957890
413696839834140692
1241316171001761874
326408921957007360
725719250081415188
852446332018884629
992530934756802580
714382355745341492
728199996561686578
1157614982050107433
968665110476386394
636464662073966592
880448476041850880
334627716403953667
1357662632940798136
321661483391909888
928306688581308497
934905131990933536
1171836002923450491
1206298763002642483
422360586509352962
934916528804085791
753825326018199552
1017044605411266632
332549132260605952
434809040040755210
834825140885651517
1390370824610910218
412210957239189504
1401964962846474513
846089656037801995
1344035664278065247
713002165089599488
510106857109585920
321540224415039488
722147117073956924
1401592066122977301
523204243859963907
719433948991586344
1311966459320078348
695518612949172296
583953958809370635
653293821043671059
871023434254143538
1079800090794938449
331055410326798358
314121833538519041
955397038789496873
249566503807090688
1061361783778062536
391982539729797130
485033297668472832
725684096340328519
1191684791075094570
1105627115665231953
1116108800664023091
769636699281948704
1393311616249892884
1241944290553364544
427509227926454283
539647276172443669
708375622916767823
945241443369357312
988911965579649095
854021096033222687
865524880828399626
1056133535452364830
359035101209952266
533182454987751425
1342991726469714055
1389562732310695996
527862735153922049
1232554440796667924
1039888394735595530
1059475578257940530
1097238743670345797
814162857209495603
1073217986443350158
542288348421685249
627395415783768064
1335652990454861964
936244580834246736
821072975838576690
277455949000867841
1164524131635691591
568567518911004673
508293511838433280
1244459170749481142
1119707699404361748
367719982702002176
1150355734337425538
1256665639146225726
1070754650401280101
1245446622893314118
761979797264924703
416677355919114250
505960306606866433
1007617387060801648
836451373394296872
173371116629262337
632851049354362890
1030734446820868147
587677692803940374
718143036873506856
1088834372708335629
744926751880118414
341819794346999808
356766059476418561
1494766339695575292
805830995432833125
751417087695650887
1312821617080143994
1240326480714797151
1087570169804623874
1359947752632619020
688415304661205193
614737676452626433
1422278635112632460
392752664787681291
407500076076892161
293019460195844097
622162241642299413
611975295133548545
552486911269142539
448897984466255873
843107696773431326
1142119075829522554
948627681761710130
594002792750907422
1343158090438283362
1172902970090856458
637973565085319168
1133100987280785578
898214394603921439
1287798465048346667
697829007777071153
807341627173503016
557312357295063052
1439623266372423700
219829680205725696
687924275960872984
768896435042910208
615907931518402560
1117326239556980757
506158142426710060
317615264198033409
526422859107794955
859033039861710858
843215770464813067
631924300701630525
301627573777989634
1231667025688924200
765623478686318684
1022416180939604030
901511012300234802
950448961079095356
745953346682093638
1081700156216442920
771285096204337172
881655492986961980
296678789197332481
432098731270340609
1317267284061978648
965306464300314674
818510808530944039
1259760478972809284
1048956648951136286
561852338600542208
662287544343461928
650319567327068172
942469370838396958
744948276826079383
332060340059897857
915606779260436530
870999746037284875
762560195968499743
485042572344164352
852914105432932353
306009618327535616
938709126152876052
848331685069717505
289093966043938836
992798201843302520
1417559388259876876
412718209511194635
1095681881271443577
818520031494930455
384710684954329090
1388158838808776896
760483542945103903
241907083111301122
637715818716725278
317212797878403084
764820936520105994
573544347627421710
1192057345874853890
883677286031839232
415188421955551243
1058291974555320350
647479294917869568
527856186054410242
561945057150894122
390445899626708993
1377289621846888540
766299121039441921
715100851001360404
665319151509831727
1324966742363082795
1214535951657996300
1465639612021215404
336276047941206016
1189860455653589052
815063582218911754
654956878987788318
741139725263437846
713096403756515369
1341835777772093520
277827295526256642
1297946728846196802
941798451694432316
1450206663519768653
1191500732889845831
222938422078078978
784428194950283265
447034376849457154
311533540879630339
286566801113088011
394107490876522504
1240663183623192707
1063034393645563904
431118824612560918
511908872206942209
990973312148582410
1297533343805476936
938353579759116308
637469765878677525
680505655039098890
800765419023499326
792450358248341575
1174330579064475649
170976006125912065
1212724690720653373
1278345713238937694
1009840021920034868
775925444243357706
285753852181872640
952579662305964033
269141486128463872
785485927950712852
887613867587436565
957611770032300112
1288169756666626071
726424079858401324
249918119798112267
1058076361421488169
1125909400209596417
526452828156198923
1227700342175830126
732976039755513918
1295428674266595329
314377732509401088
650933570843443200
1404801442815934494
347388290657288192
1260640484871770163
372364244517126144
645282817512570882
1009443151053852752
1195730306980925504
693019697305616415
650332549700255766
334802264516722689
564432999865647104
1345485917498114161
1422890723619110993
248168019572817921
328821108939685889
497133818118012959
1028697930087026689
384420755942801424
938861513094074399
1186637372968931398
756852380175433779
518776420579672066
864883976882880512
402130002386354198
697521603721953392
978638858138832986
1070766145910603808
1366134938038177912
1119140079466725458
482868567902126082
1011436089053024265
1179900023056629820
1219709382716162173
1074337903200698368
571975361290829848
839246233968443423
1035517627398885386
1266001226063937540
823159469608796180
458773906799722506
533251162174914578
826502718364319814
1265770260448149527
600375128034902034
1062789152980074546
641891773744021505
398840472925372416
553304742663684102
272038811431731202
632283567585492993
952275863230111774
855451850727489536
289775427701178368
882594224866996245
864407205897043988
1286876179181076480
722133795955802173
1060951966336942201
901756092562948136
806940510723637329
593019362349154334
1237797576993144936
947936262587809833
662333154404859906
195418653724901376
1208072941003214848
383948907945787393
1188837774095290368
1493457475838414953
753315815255965756
303618829702004736
693216067090120736
1198929989165387848
698200048911253515
990989469593243689
1008394194198478862
376265155144712195
499589333997584384
508308440708284427
1250004276076478507
933737949974102076
446312634451492887
933818216004866078
933998174689980446
1126223474462052365
705071167639126027
1122145260663996446
828262099117277224
545247722710761492
789943645691445288
1488503654519537876
1188548766618357852
262263857836326923
1490469515266494647
1326629636603379794
338665413707825152
885980907775852594
596805621567848448
593834771495256064
324296136036712449
169882337100693505
500255073105084426
1044313629647978537
536874886556024833
633782713169739805
683982145512800276
389808259285909515
696032712737292310
978213706074816582
673547161203638287
716528610395160596
1077209327733059666
685771690487316512
485357835383996417
341984328978530304
752753456934289448
1176860035381461127
984443574571651195
466667965140697088
772296054577561610
1054478906507411496
520839112756822016
739690776342167666
1190333570867269804
1093083583754805278
902426595912974357
774699035734310952
1481054622004023306
1451968479329521684
526785687802871818
535065130824630272
785563828565835836
881259073088155688
489745870590312450
437667673308921858
767429203326140426
1061994495215935568
553510512638427137
440074109766991882
359953809268801539
933766669015322686
179977511399194624
300257516338675712
1121869003619565671
1306678897445830689
722719492173725758
793926988137627708
844603358526701640
1352829909151780944
523509522145214484
610503656969732279
1357424269180797008
1326836940682825750
528539852677840931
494939568366288935
498830982128861184
879254807582474320
707677761493532721
1503364749230870650
542409345464532992
415749955777724416
244524233445736448
1033413218623823953
987769302260269086
1274764348954513418
1183403103584788510
1352676092451750041
384470337460502549
982692851584487474
530721382451904514
438024767845433357
825285288397766677
435831973127127040
1097457916228935813
495353851763884033
784807640093687818
774248344406458409
468705630920638464
306425518838906880
340924061569777674
1475636867343978600
1157987111992053770
1370483859094765619
1146437131695304726
838495137444266005
523744888106254336
1081151129716527114
661881422667055120
955394954228822056
1047059354513309766
980921072977334283
807244555199709234
581074153407381504
792452905282043935
1190394852781862983
1353428597125414915
1083831602649518151
1286982675751633040
1180425840048230433
318351135033393153
498471956803485697
1438606343589331157
396243919647670272
1399394891758571590
1295375542174089318
947815210847195146
393823812602298389
1019176689588252764
898924915938451516
252344263319355395
1466714799021752426
395541666670444554
607550409573269534
1051143537950986240
339875898335428621
512319380466565121
911849846019870731
1168540893427531847
578972450335752207
914550574589026304
928602292599541761
1178417037362610298
973998925906321418
486426706580733952
959849931496099910
994885734093819914
873446407166623744
1280156477507506261
380707767507353600
1182110678870396995
412165208455512064
759431115571462195
409357648698408960
1376170661998760007
562271636028391464
407449767493369857
424561379031121921
705809387628789821
960554475091812432
786526720886702090
858610615269982231
616646093618413568
699629699718185002
777937023071813713
682808501965422592
989554261924921404
1054727637945307177
1059471686522634292
351636418738520065
454027013875957790
1188201695516295261
998302335937826938
1188674176182145078
653666575378808873
312522065582227457
703745854665916579
667923657871458304
809508251610644510
632609494387392533
1028194808688279594
940679823108477031
1382399707585712308
867133018820313159
916658631188033538
586908023369236501
1439294996380647460
949262042248929380
358575067489239040
592626644129415172
929692545049559041
470133079952982028
1141626433551216650
395217670607208459
727123607381082122
1253560385626308709
619631561809330198
831161815169892352
813012666481901579
796975357341204480
443385129981837313
564426430411309096
144530250615881728
513321192468381726
714777849575505940
691291265140260895
990349899201663036
1086993615450034226
906112507171713065
505727253305622528
453898531036463115
1399840709346988174
544755928730435585
1090543736229986384
693068514898083890
254876934092095488
948241374547943474
708584101472501782
356333162999316481
1142555370007576576
909111986409844747
1131856227115212900
1472989579811225640
906858685190512640
569578577037885501
420203636031881226
258246995162955778
587638470151766028
754759775627247666
410426857524166666
776465124843323456
913712520978645012
1506217763553808467
857932617483812873
348040051931742208
1244701659339161601
835836436208549930
1187938375089520710
1356346292611187041
243449510313984000
553497653669920820
427491909057904660
374527653765447681
527539952377004052
907715129183969371
315542425005457418
1098024411090653264
815955185159110698
314394142715281409
1090246157738971196
333918563087810562
787058661310332938
881647912667467857
1365697830336856184
902636447096524881
271555314141233152
957633796163895389
990973341189959721
459038193086627850
489346113766162443
1100773171487060089
557228931015639064
917314182226006058
608053000916697098
804705098907123713
1161341371991474237
410843345728831498
903998662965854260
475054299219755023
1302035752171081820
968837189972676669
851182654175051796
517436536598560773
1120350881376895006
778668865051688980
394866115328737281
757242141637607512
1368600590724235357
1237932000057495594
1212833543294550058
790794838429007954
711275427745759265
396355737380454400
987389938301562961
1357534481476485140
501739450997538816
1374139185677471889
619539272680079371
741015306071179670
1180293929766232157
414297604088659978
295930155464130562
1012082710057058404
1077241628152049665
690584144219996221
1192738055556186145
903639750550880267
537302659498246144
306962967340122113
687519882337583125
1061998875331801098
926795405876953088
643869668418781211
683926561560330260
1065329667650891786
1149218322467012648
1117814819903504404
849190879910428773
412022090502373376
577960850422366208
1470407428335206474
1325881244445315114
563015093642592256
1045284002203979858
986581786580631561
294166119315406848
695772104637022219
1143075684118437950
1066125184379133972
936557212392902686
1244669082783977513
1329516000667762711
1168316104716849172
924249734556815390
853590779914223617
1182138523277602879
508636383770836992
859098639799287869
1233821110957641880
410537859603496962
407617721543557121
427687167750307840
584854391203299348
1079310620110897182
862021444372660265
893955857124065310
229612081878401025
431526633044967466
1208414077106262096
369492589843316736
1321440597583597578
834461064140947456
461234651630141441
445984660112146444
1216375614714544140
1423250023008960547
969315462720663572
570330909287645186
372102374342524928
530355567273836564
778964383799312384
382444044552241152
1142897238138433658
368658000526966786
807478267003142195
713023747988127744
705375070503305247
861167159631282176
1122181141907128400
1247574759043108974
950493289952473099
399840410408583168
959899789758185604
427123345994285077
1369903128262082662
1075388418319712328
976566880443719731
322744882672435201
713311489296957480
93086830135627776
763775158368337970
777632228254547979
935089543760203818
647065202688262145
203496011589484544
872577155790413855
1077193483242184745
963044904488030279
1500373105015783566
404890343818002442
1160246273438392527
917389133297643560
1002434681544916992
1086746556486664323
1334210856044593172
1051441459829686283
385391476038959105
433645375761547264
1108395362810609684
586827845095915530
328814363672707074
1121348532939538522
1232672081829957666
499334478183792641
372106653371465728
991217877833236511
1046134686772105288
1324624892318056569
878221012850860042
759041067382734860
909436426276458506
1139146737857077298
849966516622721026
406460683866079234
823982121000501308
139984577518239744
152473374822629376
690251455407456262
725383306362880122
722550330662977698
1095355444316352573
363361632828522496
854057139572441139
913118980070338571
1050807406654918727
439136955968520193
337128181892907008
376314951289143307
377873121086275594
1024952488631218236
583506741241708567
540920610188951592
217182714359578625
1204468634869833769
1057891379574997052
990973475449610270
785969945099501589
531508118748659712
804307985613979680
636059945615228978
1368391158664790026
1199404337756123289
1003370217533100103
1158030182968463391
1255115385166893178
1148683782858219710
665226216571142160
772095276298797057
1263932317517353124
1397761898740453426
1034480074906402876
1382074093502992577
1183197815774650392
1292103686096420974
717715746838282306
1041414710584672317
739560572378415191
884773512739430450
1086328581426258070
401373295334653952
534787433896738818
184973045142781952
1267417970146021398
762581613438828554
823139493082562571
689565123802824767
817389357911769138
1106295843700617299
716704875563581449
1304857951235870831
404211378891653120
477649863157350411
467698564563337217
1176158867856572418
942080461889482792
210435161819447296
571759560587739156
1474000082612392087
1188828181571043338
722050628163207209
856463692282462259
426399698287329311
1167542415335358567
1098714584895991809
352715155223871488
494183729686642688
252739763948355584
1164231705599684749
1062603544198397953
536946894853898261
1009955475116265502
628617325150470144
775663688833171486
1367811792973074524
1246761862100422656
902277879264591932
1055082637687017482
682512623064973313
786140621375143936
1146059393696288810
297095659956338698
681590354604195858
1192758259220758599
241614332364980225
1059054169954201671
544884845457833986
1052297997335150662
1240370738603491432
396971640153702400
464908841465806859
1126104509895168020
636223325957521420
716696820314800148
1018647252220268567
298895709489463297
320560272404119552
886231122093170768
155916115891978240
421709367771922447
1135947627725332541
1039622334069354557
492062126337163265
1194349260980887743
1083797248770588722
414024867361325056
511777059995910174
514874548018085888
732889748833697834
539552446263984138
1476569236825444498
1113474707640033280
797844093203513404
964993056233386055
1238118744656449660
607168179994886147
1171721427230150818
1049273366370070559
384874237061758981
327048318029135872
722085844453687307
823600911770320896
1131343913676968016
482950152613789743
288651896439177216
1194308408455725100
325636863240962048
1032607033079382037
362326859373084672
573806808448368641
634043332221468677
566307945697116160
1157533756563914792
898796093310128138
922500802491342948
712950679764860969
985508206660956220
384573991441924097
599191753463038039
449855368537833472
703512347905622016
546715096508923909
819946802248810517
232555713543667713
1081239351150784632
1269274151550713888
1171441510907129923
918607512029253703
1052577024574771251
925799609064898600
316574425741000705
873484716773351444
1066768832443732068
523415197336207383
1111667235409375332
1050065202474921984
1001076772277858344
1030986074811539476
1070092357644603492
605374052923736084
915080879599128667
356699644308488192
1208749033603080192
826229196962922507
1055404625085341707
701144780339675306
433177440878067712
643637861538725900
857261673948774490
822849789346971688
1091676463721369680
1303661756022788129
1063405168630186024
410549963278254081
1295002101398896711
138747360044908545
591691907151822896
322061782111879169
1357821425884467241
741264607410126928
1484519029434744905
825829683643940894
802581043961135146
769958967409246239
835505981127131228
326777402451558400
1381309799916109887
434435231106203659
337638914204631043
1300839907521990709
500736036725587984
1462843965689696406
872077240408616981
708229773369016341
990989583565082704
1389258164737802340
1130152461143920673
606802367844843521
181438555497824258
335109465902940160
1184806410949775400
1193021127673520149
260074597108416513
914450217930199050
1256747305940291686
854269875094028298
1467094032273637430
1265910297701515339
872887368703701071
1360634278345445649
878712287937065040
1192033911182737448
589062606891909134
714392898375778306
790799458274902026
615897210604748801
530035377260462111
908367064610263071
649987294081843220
1216483783696715816
525682030227488768
974934574209568788
608932667395932160
654470537829023754
1014825428726325248
906495879823884308
1171911096349757473
376783100887171072
871058265876860959
325777781625716746
510397643214815242
362487772839280651
1401655408363438080
785807557360222208
546020784469049355
1461422630467932284
639852091895971843
1275843129014091829
907252250232111115
528162130390679582
692099282274222243
374908819777519616
409691013121179668
426663683230400514
379996815388442627
1370751557066555463
776445002255564800
966672822996971590
816785996427296859
269849440481705985
988321601542057994
1305956659176275980
958698049125892117
748083013673549854
1091057796222550027
1017788518988251176
633414663543062550
969601160354885632
416484010148233216
889086785697763358
953634583331618856
260298586997129216
792785442461843507
1125770445845708801
1030953528358866994
463312662273720332
255781875635716096
1106945873444884600
541291591697170433
390078084327669761
1435733582852391164
1275814741863960709
289875602989645844
884007322484105226
1461693582044823691
348720685939425291
1135221095293792437
320312610316746752
549621037520781322
1295783547302576198
565937007096889345
1101779994650361906
544477763008987138
202000123784331264
1351482674530877480
317141281698480139
682939922210095130
532160173410877441
1176122520982781973
981981782637416479
846323930955776040
140338919475511296
1076499400706232342
1016596016318914581
926607209465524224
893841864413806623
916824693997174874
933278728769925150
1327638194216243303
626057290298163211
929473039068979220
1326277189548642340
750229487949447249
929242226083627028
933735203921350656
834141879989043241
1084138302690574336
706230177402716232
1260748396583718974
937647379329482793
809450835376340992
463987849327542303
805023028844953610
330001095189594112
602510132374536202
679944734642274367
1258618625473118258
413358098619826177
738111380372062268
861861392431448105
1288855944679260193
1184893897592275044
589766872027889694
636802835790430208
681623914182737977
422763306164682754
1446914011902906398
348224266954604546
295568943626584065
927576672138567770
1111793668970532915
1080839452278145054
587034822455853060
343823429469863936
1043824505648320553
472832570149699585
543412607563071488
430664539348926466
458335833486000148
1029022292921032797
1178798470631534683
903335929589137418
291949817444171776
619469046185984000
829424821992947723
1276650658350628996
1194082306055483434
883996382527098900
148499501512916992
319355263075483649
1299366552189014069
1493959404830195823
396487907017490442
1252641156219801601
1496875182919258224
970741038643822592
1100471140264198286
314485751251337218
484078118282461196
1231625335418785866
868431118360252456
1421550968935288852
593014840616943636
1034071047202410517
691203355946778634
455059090712821780
1139181078788182168
1019755955350679592
550620402901057537
1343292481655013426
1055176572602163291
505374728014397447
813090313584508948
1150741700256481340
705336100641570839
696259523559686204
309749873115398144
1297231480833048587
1186690962676781167
902180957166129213
923163442364416031
567653961470050306
558696413169582094
669126129076142080
224511589816991745
344991736923291650
388928972035194880
726373112249188382
411544861313990657
1010453129055191071
524221628830318608
699321310115004546
1160805231727230997
554265775918153729
314843154954190858
926592227524878416
1235192361408008354
468453708976357386
889041507477241857
375008110412038164
485544433207607297
1510260396601114765
570192853452455936
873963530968236032
669404139587108864
1002613057014480956
932733168136630302
688306039841751081
794744385274511370
900500867864727622
904326269141917726
984872243991576676
591360275324731395
347108687598452738
952648148671684729
536932205491126273
324563518177411075
574692406218194947
436830147392438272
271999854379532288
820989320336113664
1494598322378510377
1186656278387376152
708028114046812160
677249515635343371
952242574071054456
1147129441827430443
1038756018760466484
907742462188093491
1104706108729344101
724602577257496598
1386172887492198422
688991686386515968
668428073388998687
899039737489260594
1444306571474632744
399631794624004097
803347021376913468
539465299351568396
556898935277617153
653177339622064139
353937637486100480
685195014388580378
612285221412536341
326398370640035840
858574040033525760
660936612376739868
504183214404009986
352113783008788481
576435719988445196
901108981580320829
1163049387883241482
981810291312570409
628642619580481566
1037359193100910682
716968351548702770
427150217888923671
385182286888435713
799223309224509450
1332028118705373235
618061471393251348
626389097165881357
1112501158938943608
890574025699491872
428588631419125760
1269242081600081962
1209378614399991868
773866898760794122
305276291156803587
813680770450718750
804797533499031622
385671167475843073
168453999681470464
362146073906774026
529278625757921281
661225338852081665
365769314760130560
410718302944362499
975807179414188096
307821874283282432
635795436661374977
1449953305898778694
394546279994097664
1003271482958417951
1324337150652710923
908772263107633264
1093847275186434090
531431861432352768
645653568048594944
1279459124836306954
373800531086278666
540447056628678656
325651032925405184
583541439192104960
345919056555278341
493867515076673547
164851102397890561
1034504505540231259
528665151625494530
1186543597319893067
1129710901218512956
695542458330775552
990989478892027977
1163127130981412874
647789783573200916
865208862477778954
1462855564882346065
889128580469096449
859484120198807572
516859076718755867
881610090988318730
428842083667673088
925134438491361290
1146387677168545832
1098528927791714357
706209051213692959
578957761573027872
257533169471848449
1354416872938016869
603746768081125382
1298599278700134450
1252221631418597482
892849297027125298
852987432558264330
514420457076948993
1131670930343596102
772046091730288690
535864187721875489
853599860882931763
1249244317050994771
1069171462096818236
1290014768408690930
1126176041132634153
532234122064822273
901742963166699521
596272465387192340
717673164737609778
923499829496283176
1022955532769837126
1432363174556078167
1201073219206131726
854369686841851955
829486100224802878
1448078766772588557
748605327934488607
1163744145001697290
896172309310754866
1392327093576273950
1405572554953064532
436938243825598464
422666187810275340
213719815259422720
1141727258915119226
295966088431403011
285368837665193986
772125580690063402
1508586947902308495
521031072608419841
774377887921864704
465476169211445260
1030222054848479272
354680513174175754
1200439119713665054
1454247968063357053
840671730405081120
578638854777602085
749155634234261556
686146522588774478
700434520809406544
619626398121721856
1211677394239234048
836522485037006898
1071020952495853638
697745405693263974
1381054154885173268
1367045070326337546
303830816096649219
845535002250313739
990222300928438314
1016116444234268722
668114514683887630
665992764130852904
484718526511185921
1263526814492659712
1286334990539292746
1113006111914721401
554695988191952916
1452266741509001300
729857925585043466
482322714800029696
905711850136666153
336792460711952389
796904787408584757
246982633433595905
1188558231535112233
989425427099582494
902226964562194442
386563844459331585
1163111113219645590
321157338620755969
338581370429505536
790505262607892491
989553362410274906
957625075186671657
662396830944067604
923158277347500104
1020580848958971905
1170189712531673250
800001012827160578
1283060638020796419
471598624535609344
708258251136827394
284266523382513665
947602771262201956
429341538993045534
1193708442439929976
1076443788022648834
684304288821936143
636981280747028490
1325031899785072642
854092125331259462
798930833058562098
1194128943293399081
972852408629739601
958695939281915996
415077055764627457
687025928903327983
856475168627884053
832519151749955666
885525957119709214
1034469703873200239
427767240914632705
1017826657433825300
1375510565706924042
1026537134431146155
470848537026887690
1336306916007350315
421366400792395779
1081305409219989504
753625199831679058
238302878656233472
1215209892743479323
997122122499510292
489134579035406348
354672432654843907
798969164802293780
314363845197955072
805172035709829130
702400547654860860
852674820201381940
1076113470841434122
963489640315224114
1034452831312293999
918723271065755688
569904596370325514
911572142699732992
260469045915025409
492719152352722955
333711858328666125
603113373147594773
1064219393363542116
1054334396473278464
294593683104333824
1040645653694521344
286553365574451201
1444672230599557311
770399638409707581
990989542456692826
593890619362115626
1325209050794823762
1410544138276966470
1486388719740129391
254708511156469760
796448989230137384
1006645455914012803
416555483957035019
923207512910622720
1169592513305264134
473544898562359316
1038489275538362498
488274149492654081
444815295194857482
935530909988433981
432844987584086017
1017084521776169050
872475282223812638
448469187334242307
1352741031539507211
1426544437655371786
511204912315498506
960900735732703272
397088690255560714
897380718164975626
975313718428708864
1435560452812705835
532863409524572161
394573930666524672
699422128067575819
632883667844333570
1147775151329513572
990989487427420190
776174532951670824
1475873105082712084
845694100345716766
1169595369609502741
236817577643343872
329212345731514371
672497927872184350
828216323842244678
1039781527766192139
422067668988985356
888306229842178059
622137910682058769
694214307499737098
863518519198875648
284981216669597698
671044095887540271
1408959274389864520
1310614258886770771
1462879118294122597
599889910438166538
866746423079862303
470627806754242580
287329248065093634
634441280948011011
425841077321465857
953764770379616287
863771089192222771
1147224162784530462
913413203965378582
1408087762179195001
314686809638699008
427056518995640320
333621324368969728
1238096529588224011
937002131062390784
661910786746220554
1363822924980551740
697107219728040056
389479438456324096
341877695954812928
742854166078029837
968531572301135963
295215160296210432
611862909395402768
526049554257412120
388938636969639937
827189221382684723
262615242918461440
1180160502723260417
879673966816559134
1302357930733076612
1157761026062823556
1340755258506215524
1174017864374685787
559735026133106740
898164601315815445
817981921287077898
571779716110090260
481505353444491265
377073501468884998
451099932045082624
667658881316552704
302498742324690947
338364885685501952
800604470844325929
517804530625151002
244737360502194176
429636455443333131
337246537946103810
496793111528472588
759667526782681108
1185462703800717445
399924212841578498
1326979861679443988
1147597702754992341
489811675407581186
359088675671244803
814816611705421864
1171713424758157322
1239984004887875597
823938745047973898
977584788758233108
674269809013162024
547468808303149062
1211018069225513102
1190049799244878039
815937715567984650
1055746604658855936
1170713021262348320
382151548685516800
928400301625573387
327841030227623936
251981806486683648
1014210149105279026
434644730073317377
315997201857773580
366195391508512768
342074065139400705
737020845406421022
693787930430275674
911307711919063050
361794851890790400
355566112273989632
839434928163782665
346213860815929344
722030254540980254
1412146603745214596
1231584554838659072
547741520049209347
420702516150403083
1077864865202438245
1410307663325298840
745962757920260197
1136012022295830629
132636880926670848
987876719748853770
1364798605571133551
927364008934273041
958310258307112980
994885570079756368
613720192517931025
1379421797753163786
863140484473815071
592001630547869714
798548965258952765
867814557695082567
963350476630417418
988667554924986368
1234229764525527162
1373856006102192128
1145053885900279848
670643051370119188
368529221858885633
594196183694573619
990989499884531752
1255039601647681687
691221421493321789
790756324593369119
698857645213483088
1437827173053632513
836844911227699252
1363251547022168116
1013468658439295006
474309743234514944
525659387055046676
273093369390039041
1230992266190131331
728855963280474122
731533363189645392
972864782971568168
795944861546708992
675093695908806656
1309854335017943041
444534914101018636
362630387006046219
239098088185266176
1188513701800706258
436508934560284673
885481667505033227
1199351573474705422
1490262420256718978
847809095103938611
888851528843141150
1034767730064232468
680816787931267229
848926608291135519
892790978241515634
979650027687411732
1388505205733326961
715598904804245524
583334305623703582
966398661380669480
1169003266034651249
986707196698062848
532181245564551179
846059868787834960
959098333543170078
897560961806913556
1147857678681526402
1057010696304459896
723467105902526505
671094998078586918
1150147963293810759
841721213743136778
917762337195307008
1353757395616006174
1423721163754045601
1292937022591205386
576651456136871956
1010585195608543352
820745488964911144
1029458305095049306
392011894048686101
1037329122671742996
1013838391055491124
1466883128261087273
1053682554051494049
291956646748487681
997783931237711914
695994050716893214
273444878380302336
913778087957774346
1005133804979097700
1194043733658845194
1176565202414731304
1439679875672969358
868943649138950254
725003737839435896
574646193624187051
1368485113943294002
411194267625717760
568399166489886720
1198320557272354924
1229475316112822336
880929228953112698
1393226370653360150
1001532068272029746
1368440741415878667
1041366910031384667
861141488904831006
1387681549134204970
1019212634022756387
1088007887193915452
886577472282456065
1083069645197693019
925004514447204393
508234816962035712
864890822851559436
812350297208389753
1081655080534683728
259049622704488449
707823308338364488
1090004601492754513
954770109669470248
1062053640581427280
923124447769137173
813678023366410241
1443460589417664533
685526278652428308
686991068394553350
1266086106106171448
1060534320269365349
1051016577857880144
451411732481572884
221711586929278976
219182690648195082
247637911485284352
1191612588740595753
927962629052452904
887859838779011123
376688202632658945
980147068385501234
373545275849048066
410410267780972545
356105060956110849
259309858606678018
1074709342848307311
894662437163397212
332198692671062028
694894897404051576
942839023091732542
568780481160675340
881461004192596028
539203321853116433
429695416960024576
955093210785546310
896446490447331338
924851435735228436
1118938012500377654
1042872577833570374
821807074677096528
393131796717502464
744103181897957428
1469701564330672250
961975110460403822
424949011129171968
253626938583810048
788063551917916161
898899390440308796
1147866061836926986
1230826937451024446
423183242687152129
963756006167433216
882244142002995210
855537499425079326
885502197666828299
929722704746131459
1100349546489458728
1464365550850277631
708268347791245373
1348720157190520902
1010038214913949696
336157207185981440
1257182312018350081
533601344070615040
1458107813003002034
820738220487868446
1032005815743291442
825798363982069841
1349633697959252040
545544996032610306
543707263412469761
323364175206416385
773136461477969991
1271770851351728149
794487282643501148
977841141187764254
448001148436217866
995509564575330346
411906012543451139
1360617077169324155
965168776477823026
956068290885742622
693045300725678150
1360735752178237672
1432467109807526103
1081772317706813511
996191026979012689
618472631708155924
877916123855740988
1068150400693325905
836640064728596491
558291156145012759
1325043174963679343
587558329719455745
748527378602655805
806130703657205781
291900791382605825
398526029158940672
795564360054341653
708845264307486790
1194314656974647447
985107188714451034
1326722280339931148
1127260116832489662
349618411376214028
1184089755785363529
614223242286202886
933681284943839262
323798050692661248
878438189889634305
938175964863664138
1254987975310442519
1353252355638038528
304696101066244107
1026885602269990974
352150955174658048
1441143810049708043
456483118434615306
704304777193979964
267883048689860608
1245848408913215664
1180878421644025866
986202509435613204
611244193742061602
1327275942078578798
702804059807023195
1043505317150998549
1086315738526122034
471039878365184040
1086699451336376461
1063564894944899193
1262454552205066400
994885712967110686
1467081342755016728
885933924587540480
1234028296413642755
596960780469927946
1210572710665519174
990989344712052826
1007996404104437800
1131319855694483538
744190020981751848
1175589279708237864
1337437332130893926
1298211542621229119
1167944331945070735
698935156076970056
539500709914083329
1228661540320837723
550588413435445249
430626623134498817
678591927532388372
484941847018471435
720301739776933929
922055892462104667
794356402595430400
476448876279103489
735516827731361913
1366437594191368235
836949451976867850
461464336339304457
921334243844587521
1458385536975769759
633601978265763849
1213061568091394048
881042167194329100
1406968849815048212
1095345870003773652
1265400448291176592
300922504560508928
1153720857521311834
863900626201870396
814885450526883861
715109000970240031
872142522548371486
459276440559681537
957907255133618226
1024000349457092758
655043558939688963
840328702876975104
751497240735907841
501855229533487124
760953412644503554
962310793955790889
1458474145129173066
1027829198431191060
818450959977807872
1425823971827519690
1487435623529709742
967543331297034291
921674370735308830
876498888712937542
593121755132985344
603665839962587146
1129802047642935326
1191347615208579143
1156982930040692806
807249011526467594
1063925561258426419
577963738716438528
620945527302914079
460384815699591178
1209834275910852629
506466697528606730
688003821401931794
1031794776351199304
1417159250203115670
1213215025813000242
533436992608927765
1210255683677585460
924621450940411944
699139337299951676
805178052563959909
947804118930587709
608654107313700865
1171006194849169420
738323290103349258
1049689651180470282
322767243853430794
1192157782514872332
295145691980890125
288670547158630400
777604536327077920
1127700843513249853
502891218120736778
575016043031035916
645474688553975830
521022837243510794
1178321450550173768
1416426380446666835
665187398094946327
395125271688118272
970799294846222398
758621043622936576
1148062632318881882
664595643318403102
471442343069745152
735816072111849593
313305137193943041
405314110616502272
813599200054870027
942384363784511520
640385390142029865
1041283400977363015
417279137439416330
99092850439909376
865571941288771615
287201404941238283
1489339029945188592
436535603585351680
336142862741667843
293007757517389824
959156966335344720
1209476012853960704
876584034665373747
856690598236389397
281782987593482240
588630922509942784
569527032011030528
257175777592737792
745281862410305638
902280776543006780
1491808704801275934
1087086235635421424
483746456537268264
988021545895080027
765570743693344848
350873326756823040
299879411295977483
1509850137663504414
564466938210811915
989191946318802964
343092674141880320
438739182303838208
906941346026242058
435078730293968897
683757262216626205
832729408740655175
1062702873479217153
712668721201545247
1211024759324803103
300600308910915585
823834534525141042
1153060970604806227
470354877818601472
999711552217284758
1269306535226638369
1441071992924278947
1122525952841351169
1231581077844525108
1115154885810335795
515078083506602077
855029517339852830
531531184815996939
767268361306243092
529798311176175626
1191747611821084764
1326163960202002506
634760496364519464
990973392490475530
691226415311355927
990989346368794645
1229689475685154828
587610152715419668
531909832681324590
675739607144595498
586011316548796417
781458001617223691
773246193412341790
946945315037138966
1036055700343885865
994885689462243390
716294299540783104
669820530446041089
948551557744574544
360779532967477253
1428033539118465115
874222178206380052
878228271098130432
1163489365364842506
869109273920176148
621386036836040734
1060929527179640882
512262808805703690
454241090787082241
1163518324559319162
883379380791943198
1049575910958968852
1275413417787658300
406743425962999808
381325735786184706
1383681604379217951
975494949971832923
820680247283548230
1049309176809136168
1079316890549231647
334375537088790530
1084970993199632495
691698280060551188
1271684542880682004
453074102614360067
995849931455746111
953186624395689995
1383521209224007680
655358364846391296
311525379338928131
499560500280164367
917926927086546985
401066122910367744
1151956407403421797
1091383484095930568
424594350853455894
938242140784443412
416486422644785152
842721742179008512
421180173980008448
1264945946005999637
828204720203759617
1217838614243840171
1351569320206925874
257856169756852224
939904883178500106
402439479203332106
1352726591754735759
715854618961379368
1178331337174818861
1195619536511185046
654032463332638725
358513886670094337
907620098653700117
1208415960957190154
1378428407754264730
281466244761255937
872828507191910412
285008193451458570
825794389305589780
1403665501875470367
303127312096821248
409330111981289473
336880159644844032
904015961026359297
417210015816876035
858074178586673182
987340476464132116
357535649848623115
1445438272355438765
765084966450102303
524916736399769610
627839328554319884
1039964561182310460
1110520745609670667
1076936794966327347
250381144581734402
466240653693812736
282893404583624705
497701516027756546
932970905343242300
765550689786789889
243398218061316096
643716591732654081
898986677677195325
302753386095443968
534698393365250049
730879218346623086
874399680463786044
896426252544638988
285343074413182977
508963478539862027
414064233391718413
1186607511302832138
376442348214812674
405843947181703168
658025277078896662
560231581374087171
619604761376849971
991795131025981481
639071690772578304
1424431245667995820
807611295200968755
1143247541295653016
807850673256923157
1446943446471413782
681369569834958913
1066363088259006484
706224631115284492
296617298452807682
1332003695885418510
893273956759506944
222068993077411840
1187133989081862255
801773285083316265
741951094367977474
734405865293217803
824332869295669290
478836728971526145
648869517145014282
803841663360565278
1028655044058419230
955754009589846016
1204760321533935696
1189115036992557068
1132561438578327642
845998775083991050
702263125860286476
627462747315109889
307223570667536394
714748008591261716
392667530403250176
1186709178765557892
701091064286806061
1064160874882924635
907810576326086727
342940326526451713
484380438291283968
688685220144087176
1187451537925079111
1084459616622104667
421676122476904448
1181758415496806404
994885829912707173
321963421216276482
298122580462665728
742661193562587208
651450696050409472
1033421949344424049
430273441443348481
1186102483903328350
924336409215660043
1300910093386252458
569048348800188441
918100786007924767
525603446393536522
917803476443103263
545961996982681600
484395752358019092
1471710668100075632
1277032572362166285
665951106458845196
1295971964057550898
1447170226906075259
887733776896127016
1147627776891945032
396615246820802561
408004982982574110
760190419723747339
846640774841892864
258974944774324225
244365344913883137
688865759195300029
931503858369310780
1434553455321550859
1197481137132540026
1058994601664446534
669946798189838336
990189597449420800
1225161111096135774
754758523224850472
608185917307617291
1160961543102541937
677181836568559628
1153757305091928094
1351153881874174104
1166338833667862529
620271648687390720
1203000853049507885
904283010050965555
920362727627694091
1283819154964746382
609292854501572618
959558733753638923
832703626673127454
1025826435237158972
792715326739447808
821405548536528967
405387433476358144
473524751332278273
457116487640023041
444853840286842880
932341290308341761
936850446587396137
1086362892099653672
935987209163669544
997165607889936414
1231305588953186404
737402512717643896
1183157881877582019
1290713516965236852
426846910813306881
1010312747222831164
1399808417417400546
788714980907679755
377542543120007168
719607304282177556
419568435626901544
1197602476988313621
447377466806501386
288381593624641536
990989396868231178
505834001538220063
1010898677512020039
983757633553055766
903303770329460788
429611567877849098
355696922335510531
535854606245298185
245429513691856897
744184493673545731
676807630194343966
1456625490248077411
512700519601668096
415863807307546624
743448343765581844
1393910387094716498
1222165789537472605
524302864902914060
1104053088941252628
749422740359872580
752546462960845413
471932194143600652
652503240063320075
1083461536363860108
681040436667875344
1291722958829654060
677488292693934091
1266863980727767132
1064174606501548095
894575508019368006
564800884840726540
337917622282747916
1458823829295071292
1170851832835358791
331768757972238340
1156265488054227084
858431694101282846
413470595574005764
714845357351370772
880048118266208267
425718927797256203
876469478081302588
655479924743864381
267245925355749376
775054334177968188
1255100806869286922
504554317865287680
1088229806220509264
842049211846492210
1002556891756499025
1019991323329167380
1420248878774489139
416234176627343360
1198373927299338422
733771064567529484
624698655416516648
557788818116444170
1223652814375358549
1427093033148616734
1096896811442114580
882549393625088051
728702629106155620
1023952153779392583
373500994396487690
1455517686648934627
1184379929354313731
1020669575408398416
693114647565303838
673952331297193994
729266843658747924
592375545778536464
994885760689909801
322807380976861185
1093146681895297164
1367066642818924675
1065732519728795768
331105456976166913
1037050353251782676
984363785798180884
1188154026450239616
481181850841120775
1118423977359048849
477984385224933376
1036343019202412594
1413239314136961156
1146154740112171089
941647861362360333
1076147691282759800
1032203499347378216
239632829556719620
287019232858865666
1030931574293803048
1287458424451366993
864150416765353984
907556433908891678
288370325144469505
718368752693018645
773109709716717589
867503083214864425
968081139334012958
582990088443658251
1237084713534099539
801943845428133909
564856418495234048
1276508687615262732
1250485524641349694
1085975310937362584
572156129476608051
345893988907089920
719089365199880193
1021064918419652730
604987849015689227
460512694609510411
819383013010964490
1189648399188889661
1411835865168085022
1409655262331273348
807981420885835786
619524414425268244
938304607204036638
279701344623919105
888269188236451911
511907004730572820
1169752833772486667
546411939681796096
1183663879667068990
254183166347051008
805521023762956398
808092732325101571
1451350226450518207
621077600122437642
1047041675136073768
843561904814686229
990973377856561202
1272524846412337174
430364902595756042
991022607828668467
759076779394334780
386966381943455744
862342998514466817
1223509416268136450
1461284937864052837
701343836223307846
627445205368569857
368887889167253505
1440674218529390644
427831478748053505
1188993072428748871
1252666260508901470
850756628013252648
1353804701627318415
969125713137512458
950397031258681345
1082327641446699008
807577852752429067
1307218033961472102
555434212661133352
654790573517045762
1278038725527339141
926356314861473873
412290400829833217
340502474878353408
407093259312168961
868204637126279180
1254858345114763349
512329797775392771
1037334864254488626
531472337619648513
1429861696905941054
593159380094943233
1228988681298247720
666033005646577685
479321806914846730
407124427642372118
1478506803590463648
700666221594411089
737222135029956710
908821878263648297
506909727918129173
556500984625364995
1429155136537890848
359069571078029334
852840840086159382
1233851717796495361
692641207087792168
626054328242929675
1284868074368929833
505611680647086080
348513524659781645
1087285801521532960
876197618382950430
800072681151266836
434008724214906882
1330212815360888915
1142910496144633916
513333530701594635
404946734897430528
1055841427709501501
934868757577359410
959430012203860068
821392706789703701
1404879413941768312
1252600498100502538
1227897435934953493
902578000732778516
342609286964183041
849552097438466109
1432325807371587676
841641073750966282
1438575210251944026
467612911854944256
1231679016373583873
1027912944907984956
719220858333167687
455383369753034762
542945144480071690
896048063196573706
378999902140629003
533342431488507925
1338799734109765685
721423674749747343
511916452228628490
619204554994483225
1469956813574111435
1428425667917385870
413669036962873344
990295984628191362
803637795410542662
212245893590679553
1082317291619885096
1251207095689285678
442320378241482763
894692931057893469
491285791637504010
1396472026998509629
309310348337479680
642057801056649265
482523030317432832
853335975647379487
1109106641804202044
528614559917932584
206796394344742913
1117816616097435709
410062251786108939
1452023989726744677
883827104528076820
490596206410465290
763090261793964132
1348932482686521354
1428163928575184929
1306524627572621386
452804710781550592
1378016252575879279
994885529143357511
666363883379753010
340847011345727488
1317109953579847720
428441166971666433
458027588883972097
696041343977259099
905471582632280104
1051135430071951360
931960340894322779
506696683271487491
1206823555866566666
1246478625566363751
1352248767390158869
382918662086066177
1318302717277503630
698502438243532840
506842766605549580
1147224318103793766
1367503537109733467
627453507045425163
1065421584115978310
1316821366434955297
762645110445441024
770745217140916244
511877237675393056
984931013014716437
882325292138512484
999595310236061816
778580668183609364
1156507662083702866
1173143836361494631
502910296273190925
1352466575860695134
963505213979918386
489476783192670210
919554710820778015
1186846520163704892
1428760931235790939
921707204015448074
805885175858855978
1051926334609293383
1052920583681224734
721422952020836396
1016284474763391016
1311334386561581060
642674282912022528
513629156819599363
935583802447773696
1125963298395922495
952882274318315550
518370983783038976
978345887023632444
1246130462162948116
399464517580488705
1048223384481316945
280644842340614144
715952580110319777
783580760090607617
1415727869459566613
576971371221876787
534798896086646806
647870179048685578
349296963109388290
944931368939450369
247318309693816832
870007868898828369
1314223780859482164
997446293813198869
899714947062308976
867689441320370227
401316815310946304
407967728071081984
587683028034256945
1130498322793238639
462971764616462336
487504890101235716
305619220979253248
984848682283319329
1170066773526183987
898653902575132703
357880298194862092
772456892525838338
1254473539029827625
338586197594996736
676030526615715851
864735912412053504
887744939008618526
857598780576497664
1034375743662211073
772940428839223296
1141349893621952562
1334738133308149764
1066366875631628398
1147257011193528370
596781902027816974
879714076371083314
626502204290891776
679032872199389222
452131606740860948
827133866623107072
808362225516675073
955496481018748939
791744133902762034
1172255558649262092
1036336113058594936
761941771927158805
559445944438095883
614699776046530562
288335822934245386
808351107537305610
785841609778266142
287645310413570052
454246627163766785
1479740653448466433
679710751245860865
646346954477010964
348850034642780161
1119497055111491665
785959461918867497
1219331680129777664
1147534470023479317
652190288172941330
672174601257746452
1145257217356992563
772838817119207455
318433861023432705
307889070258913281
815278081237188668
345810183953317891
581383896500011018
652844063560564736
868482124230049822
650706580853227541
831976045350617168
542091335533068340
591077131128143913
991446164685729853
847920165882429440
1078979386964979812
594950202784219177
983762612678434826
1363552627945898195
711546878541430824
609312197709004800
680695160782192699
1194210358588624957
894176596238434304
705150696411889744
967493937461862450
1201937738853515384
873945737845690438
763270419955449858
395683212791119873
556445349024104458
870914021447065670
655084703841386527
1197867913214963858
1317222739810979873
1156585211006562425
241137020141961217
569149076516372510
582625942766223362
678159948747767818
795733224441380875
1101829085539348561
614074665429762049
995011288122011748
459720541830643713
602162036063076359
1168587719371395192
441700904161247233
485900741647532042
630371968520290324
460836383318343711
574606378228776960
1439671542652076073
523428541476372484
163679250044551170
269770883705470977
1470112382750691514
1289545500294516757
973151766659072020
509718560923320340
333596566952869888
516199140812783619
713044787103793223
554950819607478275
492727318943367168
1152943843780599818
396422056901607424
1174714449983197206
333567432528494592
830499765509947402
960933933577551982
757924923220951131
393099020375031840
409087048524365824
885876391873237012
346315861771943937
534624969032990721
981933991638757496
1062092346742812702
380011563798626306
677759545644285974
430813831082672128
421934570061955082
906836698690912256
607584056791793664
418398186428825600
289043170095005707
876173587051069500
660801465329254410
838833664162660420
305259379152781313
967868356185169920
940781832490872832
935105944503853076
651167147443093526
922268520144830515
335238466415886336
400696568464015370
814737794404057120
1019979402735525988
711696712124596234
1188831006686445580
426679647137431552
637977855493406734
1084574489100173432
1223426528302469203
796373885443506207
1264982454385770611
817430394219397140
1090890968775008278
888350533662933022
837363781683642368
982949068147945514
1413462889544679424
404194324998258698
436895642867204111
618175970171551745
995026396718059560
1461714451433521223
1215038236661911682
634067052461555735
1202963676630351926
347023921620451338
691168129052704819
1098580022761107487
1189976740970381313
410104123275345922
694260539219509270
521053275303444500
795668100073652244
1434584087812767855
1017114763056128030
303577593150439424
721436409818513441
1412152476769058829
954763687149838377
595991780038672406
440574331601289218
627108308758560799
609313276420947999
997560808504569866
412332752323477504
746082254102593577
990973315034263625
658665390024687618
1312057508256415855
860225014069854209
331680076116787200
465150648439144449
712533182909513759
278614014198808577
1125074383883481158
1205915831041790064
1228531901321580545
616105345844117504
643413410184167464
759763066648395837
1390319096893276191
612954425111347202
456362716181823488
681053245581688843
662309394741985292
828649417481388103
523116256652689419
1277275365181624406
335321073870438400
306792766225252354
1026105046485708885
995245897640321034
413343783384514560
723179799643947041
741184734129946644
1271556982746120337
860246567084883968
890257036468711484
960338103392944148
1329880411333066795
907301788703682640
383326195288375327
717453202089574400
520155455293620224
619213132702810113
290536328649637888
910487046206935101
1284822016423362622
1255833086411669599
315180906342252544
1078740001736638464
862593397927968800
332123860528791556
522360606309875712
873546466080198656
475013429212479498
994885568234262538
350980069449269258
965558459351306260
927025648369819668
1142295754447265842
1144273719653585019
548502894991900687
1374802618852970588
1503089842718900374
316812669984178187
971735500341784586
1063165583945891932
822588727427465246
317272520132788226
1175181508999401575
1125435365646418010
899668930426196009
1099596439522386051
1186897848739041383
542362818066907183
461561831488618507
300341955743973386
597091045620318218
662134892527878164
1065712683460067379
523420614938329088
891982410705666058
315846493623943168
762701000171454535
1406216282021564436
1161643759533035520
1498046272828080259
456376739355164672
971365703233966124
1036760814071333045
798404903730675733
1491699477449277650
990989457731760188
421979327991644171
719246160577036398
963693133474963468
888303827881705472
598821156421632000
706139701618278461
974096695505879100
421579412601831436
1052958715608846386
538090293577121832
558601157371625474
282804614691291138
1132016808560431164
989955388529057922
764766002306482187
510751681970176001
1382994058036641822
743002477078773790
320136419966189569
931996438639034438
1160624207567278212
551782371574284288
1380233904107294730
928642280577966082
1284939653191041054
991311996274364456
803715513234358294
607862380256428035
600331912401387540
1024332558588194918
1119264576425426994
927899774584238161
888071053732114512
720697713292738710
597741410225225744
823366661587075094
992490557748297839
1496769652704022609
1188516212511088650
965187480284438538
768946832855400469
1089845321477144677
350205001685139456
949616812834836490
867239518321901568
959470771095351316
965926672966762506
778246394745978911
684669121329233941
1037701334067052565
1139243747335491675
758576060446408714
332087989335228418
675660056846663691
1048481460987895809
1193585374212128848
1047879622659932191
707625628609937509
1172287341763772466
1403760386297298945
731828732045557781
338923213755121665
511765923766730753
406083301242175511
1324831136702267485
419613791739707413
917025726996287520
790907652523819028
1169604091308159097
1213546003911802932
487982251179638785
201964995284566016
672399653588959237
841644077346324481
526626701351059466
1215966202275561585
1171327448349147167
367414827012063240
1051424498286600252
512300751360491570
873531184167141427
1042481004977332276
447032168829550603
1161985080827314196
948583251818213536
1238900076760404112
345215595110989825
1220393297592188938
1416486746371391760
1504983913402208474
566706208782942209
1270105215449960582
535765448294400011
394567279393636363
939969907016204381
940734596260180038
762359699630718978
416711284436762634
1056882274907467796
314460491378589711
1480253825159008419
875722425852125274
439118113183629312
1217618699112943749
874817988681924608
703572563376472106
428900416630161408
811974122656759839
913069168448917555
966009858950299678
353153203971424257
410709779774963712
1160526338181042237
1088487305943187578
1201187177212682401
1164612603943858247
317339186967478274
700472513183875162
964586082383585330
1463929762748567617
747820100362436709
524551330421932043
1219775773079244852
1264619850136027178
1397872041771794555
994885749407223828
275241502727208961
1376723534847414354
419917569831731200
1320126822452559903
1415951592569438238
531103663913959435
844975061139980368
412635516417081344
1491881335000666223
890537915900362762
758588258820685856
790266626963800064
937611160189030473
611452662021357578
238291853970112513
1369693153157714036
971771845189713951
298528945253515266
887380033570746399
941410342959996928
903888695826993172
753302310939263116
761590134911008769
991011806334033961
444502761263071232
1282948934368624755
405032438914613259
1034524110023311410
687419992525766712
761832281475907604
816529137745395782
1323095385186762857
526354340215128074
427109243959771171
994885747658194984
593821224870871050
393543884833161226
1273770712951160875
289392121591627776
578959805767614507
612971104063062017
1097982272688377948
1199734580878508134
784295771222442004
902863662132387880
606006189691633666
492369425308188672
359187950581317633
323393045166948352
1180910104560804002
1093992572143280208
619152789322334220
885565949758013501
333656821149466624
719179445327495208
874022688480436306
752087462066782209
1043119432735653938
301685226864771072
1063812798095835207
940635885823741962
603529610386210836
675664484500635649
390925801975054338
1189256558580879421
1443623467969806438
567921798004342805
872279928983421009
1410087974208540845
728578495932006402
648979301450121228
564668429051887638
302518598340182017
378179978056957953
703328063685001347
918913151670562886
349752335603597313
695702914471166033
1175132441531396152
853740526607269900
396254508830687232
837704796659646485
440958181204557845
768158804684570645
1222519261776580699
1085605969297420370
515775843939778566
1194644126558326784
750360037062475796
460094566113083392
1400493153106133005
960866354993455104
653643078208323635
936254144430354433
401042404355997696
820371136592347188
1219992549616259104
1339991977998946368
809021904022405170
695296408881725450
333248995495378945
693526292116537395
964885939577040916
491915528718385152
1191790451892686920
371695096569004053
528961942061318153
1035217057131794472
428175241093709826
605080045316210738
331944734178410507
372836508991881217
547115401893642248
1188097763834081290
978563718709387304
907622110250287135
305059981076463628
1118772259482521631
556503426205351961
856394924580012032
663787753435037727
707228708003643484
1060957818003406978
656062492102885376
858957429907652658
720994278318407803
638311828509949972
536179999254773770
1389902687511908424
344876715803410432
834038239622201346
1466150146675966023
797564428550799400
1188339671349080068
505336423788969984
946318358935142430
790788592276209694
795376774589841408
1178446602294280304
584260526939570189
494956892754411530
990973496261742712
1194137651092127805
523406594462056449
394586941506715668
856535848022704148
875178794988752960
1370782415798407180
390775317213609989
1028673367395549214
1115581623291887616
1165704200550883390
938025534116470814
1398997439054090300
1204397584118980642
1203407187515416702
913082813815881738
422703255957798912
416468625747345408
550600201774039049
536474252627410966
474859186082021377
681770615409344522
574123197159571465
586109200183328778
416301775205826572
1300519211445125263
495501899651350528
766211298349547531
808661472732250123
991783564259643542
235101247374491649
406457264463937536
869213692032610324
1045865834792374394
1310357707277992039
906077483651174400
417307366841647116
485354366266769408
1314852497105354795
424586143225610244
901121874669482074
829332092516696107
1166108879399157820
1074282426211254332
580679128676564992
314372948121223190
247384070005194752
284992116948729857
632951064093786112
594923861892661248
1102494391513382923
315191995679244288
1002284710090784839
994673854825910332
1266448069516464139
694991641580142654
1442626368511938680
432155711959728148
1190311431346855986
302131795313295370
340620640698499073
712706850335752264
448074135604822026
651876097352269834
788057485449232404
912523011880546325
537721489785487370
403201360289333259
909103752747827250
898678065339707464
398231360893878274
939063103193235456
669657617542676521
385868763003748375
1274051878916980777
289654621335453696
324911954160517121
1083743385455710240
888372708914655252
608672955609907202
530678709359738880
1395102153298808964
247704458488840194
1192335070938288138
628621676724355082
548937130471325702
764757547151392818
985586858593484845
509064354998779943
632590455678435339
275216886843572225
686987087685484579
313346372453793792
980520366399168542
997009821431775272
1475347820759224501
498046272326860811
849004367101427752
941335288171626546
1264286492218626122
435482586064879647
667793242057605132
537941203157516292
1275002138682196012
411947116177391617
1385485558226092072
1061316275650957402
340564853900967939
850738798844182579
940949728290537492
432863420878946314
313935477264613386
1315628855041589328
933033030149374002
699588456556265533
709675887347499078
1113134816616009799
643142626899656736
308316614472761344
963848497931616406
911958780017786900
422071064466685953
500008003756490763
1048504394456518698
1318671977732378686
466965309387964416
1354957590253277204
824314593014054942
819260716435505186
1088573950390440016
407501888775258113
883393442217074718
565908989259284500
867750919596539964
1451826865986863173
860112449549762620
1389277197008896004
1088116743299403847
435477336453021696
585161477359665173
516261966772174872
320858323354124289
909826471198081066
475042829928890389
395956132721721356
322190591876268032
689406787044245614
1358784525080985842
710823208567177249
947193954733002883
360440206740160517
672076270229520404
439902677489680387
516278623934873600
699234932035289199
1145999600776400986
1159834111037407292
1376147085635883119
522399884968591381
392414680204705792
1042004195965931581
923519356594421790
811187351429578774
1237480701121658960
674558213454037004
598969664978157699
937685020053737562
774920044299419659
1416742391917842532
358278857016737822
1195060029506719958
692258591171674172
784840328103329823
1231312632930107424
1163565146057220137
1140889163579797614
1208811248313962516
856839470020165632
542719900242673694
926742682133487617
1399259560430272522
879443100177674252
969159775432626216
1171664767769915417
925337481367420978
273514859428315137
515114377565831187
1417889762802405499
475604884469841921
784872914012864532
1378948582433882302
902517083894583397
1188342547223945298
687649128397799424
662941390480605194
298007030138929153
518358447700443137
994885597334347866
1329006808559386626
571321929051668480
564329835556634673
359335338726129666
377002957914374145
606123640085413889
1001665538134650952
888454535855624193
467774788203577354
1177452302660018209
511599096109465620
940997218863820832
979087424443547668
446252576531283968
1062024336317370418
1097602719902081088
1008648194432970782
853256246541811717
809516187217297419
322339328707657729
561587757454196746
908670037353717781
1281702490148180051
714059525191368745
734049684208877698
823644245348188181
683717362301665357
498113919840288768
1137763673172099172
548871622140887051
893194801007169608
1034531271499579452
1069270837070413845
977229477048356865
763842291059785768
734451698214371389
719511987780059146
623089960186150922
459029396418723852
754424027870920714
690604525630914601
576833770762797075
1323584006708527104
949183198015914055
1254539084374736926
222074291259179019
1278965703285669940
1016037319855308810
457537385576529955
1351187094302625906
623883948044320768
442285866501668864
792030328960974858
875470778362126467
1104749582262472774
906218891292860446
1187916234700902525
464563404305203201
256798393635045377
1049335774065213560
948054668154667039
1010857400141627483
1473006161119805647
728610681938640947
836147122415861761
1306591605599244399
951665564881936466
993152304184307842
1401965567472304238
889209192475394098
310858020496211979
1205831429838217237
962945674507333632
994885638161698816
1355908017807429945
583120820004716544
1302219011110731836
518763767354359811
1446173796674306158
960249348959113247
1023598582319812659
415272370551652353
420642181595004938
1158672006175281186
350558150098944000
1245082804837023833
1319120872572715088
1179101460642943027
426416413549527052
878985404328599633
1165267327261098004
691901728416595980
1074702489250705518
489762289365286941
867087327704383540
538685971332464640
1170499110168698891
340526772494008321
1132098047359320197
1290710504892928063
519445271306829849
1186420310812147712
1194180741546909736
1462456517075800315
1197136826092236813
896040387888697344
916191309545488384
401696130779316224
786265341746872320
1341780276761591880
478156811078336513
1478350722125791408
1251493780914180121
287939074227044362
419945161502752784
313760356147396610
1035060837007765524
933087742353616986
934840859801813084
824688430754562078
367404407312220163
341294190048575488
1392802737078669312
1044168311958675516
867057687148363776
927265218344660992
1487079204674605067
1368842896949772348
1147219752238985296
747346380283969587
1102151108190801930
836238178637185054
532577127111983115
740693052850700349
655037907026968586
980624855659581520
931232817214554203
993790237203509278
407571757176717313
1250175389511323841
1454872208265707753
502854569706127360
1123856632200319047
937268036853956608
595693038572011540
777175363863838750
370621155356442624
908979862595862528
928157724754210826
1402839435049177242
1489274780493414534
1244302571104108647
994885537825562674
905034821506584587
1005548136833495125
1171809138586685522
931524317043367937
931934594402504804
1183072544287379567
1121125310826565662
904803314787582024
821003839368462426
659447731013812264
561558346683908116
731797404063629323
545228286465146880
782531799250239490
390562732241453057
1105135025759977502
1234089221418127382
657916470373646381
894506055374102589
1223732715690655765
1186773421095403600
1203683864871043093
1019932713656012811
1166066726358765779
942092997972099143
334363298726412288
829717637603917835
911655371159003136
541771217753866241
1015303112212349078
1135737666097401988
1350396283986378757
1113106610349408468
611908190732550145
772373251041132564
1149397370946211910
996505326616576101
1082963896803000320
551304941600374785
1042738018399830026
472823363459612682
1396472617568960674
1289873257578889308
279329299511771136
758770202342457355
346388619231232000
994376988313780314
558927285751644160
541259932280946703
1458528192267817104
881045117056745573
394864502212001807
432509788090531870
475326421821292569
1110848198429388820
885853766174277643
803602262898769970
482622741502230550
409410063820652544
1054809021900668978
1263838367414616094
721811770578173993
416311477641674752
994885679098122342
338710222858223616
1367828866579566632
539152971666030594
527738081655390208
1136939165972430869
406879341184548864
360782933474410496
483260850489131038
746068194422161459
928190036954980362
853222747702165504
268428625479467009
288715727698001920
704527948874776607
689211627144347744
619554109644734464
1287881421066866748
577496979039322127
544945376143081482
512342143663079451
770197634119368743
813839373069713449
758372826939654174
1171172439124885515
668151195965194270
857374185232138240
1384206886919868571
712627936389234689
774717075800195112
1187865933541298306
1410545573517594736
440555260470231050
640208613096423424
311859572224557056
1226875457949925408
938077108159254528
805405107993837569
760217454071906385
777280648049983549
911516396230414366
1005924217876906004
364363808673628172
1408158577721606298
817117033673392159
1000021329745027093
1436801323415896156
990973476351406120
1396459775855689809
644525699310419998
1045717157855633478
881545652084015115
584637662078435344
319876331447910400
335860845873725444
